Order_ID,Order_Date,Customer_Age,Gender,State,Category,Product_Price,Quantity,Discount,Payment_Method,Delivery_Days,Customer_Rating,Membership,Return_Status,Previous_Purchases,Shipping_Cost,Festival_Season,Coupon_Used,Device,Visit_Duration,Total_Sales,Year,Month,Day,Is_Weekend,Gross_Amount,Discount_Amount
ORD100001,2025-02-02,59,Female,Gujarat,Home & Kitchen,611.57,2,0.0,Credit Card,9,3.8,Regular,Not Returned,3,90.905,Normal,Yes,Desktop,8.3,1363.62,2025,2,2,1,1223.14,0.0
ORD100002,2025-10-10,20,Male,Delhi,Fashion,1642.2,1,10.0,Debit Card,1,4.0,Regular,Not Returned,3,102.83,Sankranti,Yes,Tablet,10.2,1608.16,2025,10,10,0,1642.2,164.22
ORD100003,2025-08-27,36,Female,Tamil Nadu,Beauty,808.5,3,20.0,Net Banking,3,3.3,Regular,Not Returned,6,186.45,Christmas,No,Mobile,13.0,2224.98,2025,8,27,0,2425.5,485.1
ORD100004,2025-06-10,39,Female,Karnataka,Beauty,410.83,4,30.0,Wallet,6,5.0,Platinum,Not Returned,4,86.64,Normal,Yes,Mobile,5.7,1345.36,2025,6,10,0,1643.32,492.996
ORD100005,2025-06-08,55,Male,Rajasthan,Fashion,995.48,2,25.0,UPI,9,4.1,Gold,Not Returned,2,100.57,Normal,No,Mobile,22.2,1762.51,2025,6,8,1,1990.96,497.74
ORD100006,2025-11-10,24,Female,West Bengal,Sports,2838.85,1,10.0,Debit Card,5,4.8,Gold,Not Returned,2,101.39,Diwali,Yes,Desktop,17.0,3116.84,2025,11,10,0,2838.85,283.885
ORD100007,2025-02-01,38,Male,Maharashtra,Beauty,1618.99,2,20.0,Debit Card,1,4.0,Regular,Not Returned,1,112.78,Normal,No,Mobile,15.1,2649.69,2025,2,1,1,3237.98,647.596
ORD100008,2025-09-12,25,Male,Tamil Nadu,Electronics,4454.42,3,0.0,Cash on Delivery,6,4.1,Platinum,Not Returned,4,56.16,Normal,No,Desktop,11.1,14696.65,2025,9,12,0,13363.26,0.0
ORD100009,2025-03-15,55,Male,Karnataka,Books,1346.52,4,15.0,UPI,3,2.9,Regular,Not Returned,3,87.3,Normal,No,Mobile,7.4,4114.62,2025,3,15,1,5386.08,807.9119999999999
ORD100010,2025-02-04,47,Female,Kerala,Electronics,5890.81,1,25.0,UPI,4,2.5,Regular,Not Returned,6,118.97,Normal,No,Mobile,18.2,4974.24,2025,2,4,0,5890.81,1472.7025
ORD100011,2025-07-12,41,Male,Kerala,Beauty,1346.77,1,10.0,UPI,10,4.9,Silver,Not Returned,3,78.35,Normal,No,Desktop,15.7,1162.84,2025,7,12,1,1346.77,134.67700000000002
ORD100012,2025-12-23,36,Male,Telangana,Home & Kitchen,1217.66,2,30.0,Net Banking,10,4.1,Gold,Not Returned,4,117.66,Eid,Yes,Mobile,9.6,2159.25,2025,12,23,0,2435.32,730.596
ORD100013,2025-09-26,25,Male,Andhra Pradesh,Beauty,522.42,1,5.0,Credit Card,3,4.1,Gold,Not Returned,5,93.39,Holi,Yes,Tablet,5.5,682.99,2025,9,26,0,522.42,26.121
ORD100014,2025-10-05,61,Male,Maharashtra,Sports,2469.92,5,0.0,Net Banking,6,3.1,Regular,Not Returned,7,104.07,Normal,No,Mobile,2.5,12255.15,2025,10,5,1,12349.6,0.0
ORD100015,2025-09-19,48,Male,Delhi,Sports,865.84,2,15.0,Debit Card,6,3.4,Regular,Returned,5,130.29,Normal,No,Mobile,12.2,560.5,2025,9,19,0,1731.68,259.752
ORD100016,2025-10-14,33,Female,Telangana,Beauty,788.0,2,25.0,Net Banking,10,4.7,Regular,Not Returned,6,82.04,Diwali,Yes,Desktop,10.5,1310.86,2025,10,14,0,1576.0,394.0
ORD100017,2025-07-07,37,Male,Maharashtra,Books,2759.7,1,10.0,UPI,10,5.0,Regular,Not Returned,3,39.19,Normal,Yes,Mobile,19.1,2621.74,2025,7,7,0,2759.7,275.97
ORD100018,2025-02-16,52,Male,Telangana,Sports,2547.64,2,20.0,Credit Card,4,3.6,Gold,Not Returned,3,80.68,Holi,No,Mobile,18.0,4425.12,2025,2,16,1,5095.28,1019.0559999999999
ORD100019,2025-11-03,51,Female,Tamil Nadu,Sports,2504.66,5,5.0,Credit Card,1,4.5,Regular,Not Returned,10,61.11,Normal,Yes,Mobile,12.2,12193.45,2025,11,3,0,12523.3,626.165
ORD100020,2025-06-14,39,Male,Gujarat,Home & Kitchen,948.28,2,20.0,Debit Card,1,4.1,Regular,Not Returned,7,20.0,Diwali,No,Mobile,11.5,1592.71,2025,6,14,1,1896.56,379.31199999999995
ORD100021,2025-07-02,32,Female,Tamil Nadu,Fashion,1160.89,1,15.0,Cash on Delivery,1,3.9,Regular,Returned,8,86.27,Normal,Yes,Desktop,5.1,365.94,2025,7,2,0,1160.89,174.13350000000003
ORD100022,2025-05-16,49,Male,Tamil Nadu,Fashion,1154.21,1,5.0,Credit Card,8,5.0,Silver,Not Returned,4,96.97,Christmas,No,Mobile,18.4,1295.76,2025,5,16,0,1154.21,57.7105
ORD100023,2025-03-08,48,Male,Rajasthan,Beauty,1995.63,5,20.0,Net Banking,8,3.7,Gold,Not Returned,6,125.73,Holi,No,Mobile,11.7,9276.93,2025,3,8,1,9978.150000000001,1995.6300000000003
ORD100024,2025-12-05,46,Male,Telangana,Beauty,3294.12,5,20.0,Wallet,9,4.9,Regular,Returned,3,50.12,Normal,No,Mobile,15.6,4768.79,2025,12,5,0,16470.6,3294.12
ORD100025,2025-10-13,21,Male,Telangana,Electronics,1524.42,1,15.0,UPI,2,4.3,Regular,Not Returned,2,93.1,Eid,Yes,Tablet,19.1,1496.74,2025,10,13,0,1524.42,228.66300000000004
ORD100026,2025-08-24,40,Male,Rajasthan,Fashion,4331.88,2,5.0,UPI,1,4.0,Platinum,Not Returned,4,129.48,Normal,No,Mobile,8.6,9887.4,2025,8,24,1,8663.76,433.18800000000005
ORD100027,2025-05-27,46,Female,Kerala,Books,2150.06,1,5.0,Wallet,2,5.0,Silver,Not Returned,0,69.89,Normal,Yes,Mobile,7.0,2312.23,2025,5,27,0,2150.06,107.50299999999999
ORD100028,2025-10-28,62,Male,Andhra Pradesh,Sports,1030.15,2,30.0,Cash on Delivery,7,4.2,Regular,Not Returned,3,108.77,Holi,No,Mobile,26.8,1706.09,2025,10,28,0,2060.3,618.09
ORD100029,2025-07-19,42,Female,Maharashtra,Sports,2056.46,1,15.0,Wallet,1,3.9,Regular,Returned,5,145.92,Diwali,Yes,Desktop,15.6,745.22,2025,7,19,1,2056.46,308.469
ORD100030,2025-06-11,34,Female,Kerala,Fashion,3637.09,3,20.0,Net Banking,7,5.0,Platinum,Not Returned,3,24.82,Normal,No,Mobile,10.3,10995.48,2025,6,11,0,10911.27,2182.2540000000004
ORD100031,2025-06-14,44,Male,Tamil Nadu,Electronics,4398.26,4,15.0,Net Banking,9,4.9,Silver,Not Returned,3,99.54,Normal,No,Mobile,19.4,14190.39,2025,6,14,1,17593.04,2638.956
ORD100032,2025-03-24,26,Female,Kerala,Fashion,2595.56,1,20.0,UPI,2,4.8,Regular,Not Returned,3,130.7,Normal,No,Desktop,10.2,2349.66,2025,3,24,0,2595.56,519.112
ORD100033,2025-02-03,22,Male,Gujarat,Books,1220.19,2,5.0,Cash on Delivery,8,1.3,Regular,Not Returned,2,77.73,Normal,No,Tablet,14.0,2618.19,2025,2,3,0,2440.38,122.01900000000002
ORD100034,2025-07-22,49,Male,Tamil Nadu,Beauty,1042.34,1,10.0,Debit Card,6,4.3,Regular,Not Returned,3,138.54,Normal,No,Desktop,8.6,1104.66,2025,7,22,0,1042.34,104.234
ORD100035,2025-11-21,64,Male,West Bengal,Sports,1745.02,1,15.0,Wallet,10,4.1,Regular,Not Returned,8,112.2,Normal,No,Mobile,11.9,1777.74,2025,11,21,0,1745.02,261.753
ORD100036,2025-01-24,57,Female,Maharashtra,Home & Kitchen,3562.29,1,0.0,UPI,3,4.0,Regular,Not Returned,1,151.93,Normal,Yes,Mobile,10.4,4109.51,2025,1,24,0,3562.29,0.0
ORD100037,2025-11-10,45,Female,Rajasthan,Home & Kitchen,1590.85,1,5.0,UPI,3,4.4,Regular,Not Returned,4,110.39,Diwali,No,Mobile,7.5,1716.02,2025,11,10,0,1590.85,79.5425
ORD100038,2025-10-30,19,Male,Andhra Pradesh,Beauty,1612.47,5,15.0,Cash on Delivery,1,4.2,Regular,Not Returned,7,154.84,Sankranti,No,Mobile,13.5,7450.2,2025,10,30,0,8062.35,1209.3525
ORD100039,2025-04-12,64,Female,Karnataka,Books,1240.77,1,25.0,Wallet,8,4.5,Regular,Not Returned,2,90.905,Eid,Yes,Mobile,8.2,1149.02,2025,4,12,1,1240.77,310.1925
ORD100040,2025-08-19,39,Female,Delhi,Home & Kitchen,969.66,4,15.0,Wallet,9,3.8,Regular,Not Returned,5,42.13,Normal,No,Mobile,15.5,3213.94,2025,8,19,0,3878.64,581.7959999999999
ORD100041,2025-03-02,31,Male,West Bengal,Beauty,1079.97,1,0.0,Cash on Delivery,1,5.0,Regular,Not Returned,3,67.91,Normal,Yes,Mobile,10.2,1334.61,2025,3,2,1,1079.97,0.0
ORD100042,2025-10-04,59,Female,Tamil Nadu,Books,1310.42,2,30.0,Debit Card,5,4.5,Gold,Not Returned,6,125.64,Normal,No,Mobile,1.7,2196.72,2025,10,4,1,2620.84,786.2520000000001
ORD100043,2025-09-13,53,Female,Rajasthan,Home & Kitchen,3665.95,2,5.0,Credit Card,8,4.4,Regular,Not Returned,3,124.95,Normal,No,Desktop,15.7,7110.05,2025,9,13,1,7331.9,366.595
ORD100044,2025-05-10,53,Female,Telangana,Books,1026.86,4,5.0,Wallet,8,4.3,Gold,Not Returned,2,79.13,Normal,No,Mobile,15.8,3899.44,2025,5,10,1,4107.44,205.37199999999996
ORD100045,2025-01-25,31,Other,Maharashtra,Beauty,1241.75,1,30.0,Credit Card,10,4.8,Gold,Returned,4,153.15,Normal,No,Desktop,25.5,388.67,2025,1,25,1,1241.75,372.525
ORD100046,2025-12-21,64,Male,Karnataka,Books,683.74,1,20.0,UPI,8,4.7,Platinum,Not Returned,8,77.61,Sankranti,No,Mobile,12.1,701.77,2025,12,21,1,683.74,136.748
ORD100047,2025-06-12,39,Male,Maharashtra,Home & Kitchen,1911.97,3,25.0,Cash on Delivery,10,3.9,Regular,Not Returned,3,106.17,Eid,Yes,Mobile,13.1,4977.82,2025,6,12,0,5735.91,1433.9775
ORD100048,2025-11-22,42,Female,Rajasthan,Beauty,2917.31,3,20.0,Debit Card,10,4.7,Regular,Not Returned,1,105.2,Normal,Yes,Tablet,14.9,6039.8,2025,11,22,1,8751.93,1750.386
ORD100049,2025-09-05,53,Male,Delhi,Fashion,3449.55,3,15.0,Debit Card,10,4.1,Silver,Returned,1,43.43,Normal,No,Mobile,18.1,3451.32,2025,9,5,0,10348.650000000001,1552.2975000000004
ORD100050,2025-10-12,49,Male,Delhi,Beauty,1369.59,1,10.0,Wallet,5,5.0,Regular,Not Returned,3,86.13,Sankranti,Yes,Desktop,17.7,1388.02,2025,10,12,1,1369.59,136.959
ORD100051,2025-10-05,26,Other,Tamil Nadu,Fashion,1743.08,1,10.0,Credit Card,5,4.8,Regular,Not Returned,3,173.31,Holi,Yes,Desktop,13.9,1690.48,2025,10,5,1,1743.08,174.308
ORD100052,2025-03-13,32,Male,Rajasthan,Beauty,1086.01,3,25.0,Wallet,5,3.6,Regular,Not Returned,2,57.72,Normal,Yes,Tablet,11.8,2498.78,2025,3,13,0,3258.0299999999997,814.5075
ORD100053,2025-05-13,34,Male,Maharashtra,Sports,1691.36,2,25.0,Credit Card,10,5.0,Silver,Returned,4,111.88,Diwali,Yes,Mobile,17.1,1032.37,2025,5,13,0,3382.72,845.68
ORD100054,2025-06-20,62,Female,Gujarat,Home & Kitchen,1471.67,2,10.0,Credit Card,3,2.5,Gold,Not Returned,6,49.6,Normal,Yes,Mobile,11.6,2876.37,2025,6,20,0,2943.34,294.334
ORD100055,2025-07-01,51,Male,Gujarat,Home & Kitchen,1246.32,1,10.0,UPI,8,4.4,Regular,Not Returned,7,57.36,Diwali,Yes,Mobile,4.3,1378.79,2025,7,1,0,1246.32,124.63199999999999
ORD100056,2025-01-16,35,Male,Gujarat,Fashion,1312.41,1,10.0,Net Banking,7,3.5,Platinum,Not Returned,4,90.905,Sankranti,Yes,Desktop,3.0,1511.5,2025,1,16,0,1312.41,131.241
ORD100057,2025-07-19,52,Other,Gujarat,Sports,1609.74,4,10.0,Wallet,1,5.0,Gold,Not Returned,3,122.94,Normal,No,Mobile,10.2,6634.73,2025,7,19,1,6438.96,643.896
ORD100058,2025-02-26,52,Male,Maharashtra,Beauty,991.16,3,25.0,Wallet,5,4.2,Regular,Not Returned,3,59.5,Normal,Yes,Mobile,12.7,2255.44,2025,2,26,0,2973.48,743.37
ORD100059,2025-09-29,36,Male,Gujarat,Beauty,1025.01,1,0.0,Credit Card,2,3.4,Regular,Returned,2,134.36,Diwali,Yes,Tablet,26.8,449.47,2025,9,29,0,1025.01,0.0
ORD100060,2025-09-07,36,Male,Rajasthan,Electronics,3640.45,4,10.0,Net Banking,8,3.8,Regular,Returned,6,71.4,Diwali,No,Mobile,11.3,4589.87,2025,9,7,1,14561.8,1456.18
ORD100061,2025-12-03,60,Female,Karnataka,Electronics,6987.88,2,25.0,UPI,5,3.5,Gold,Not Returned,3,94.48,Christmas,No,Mobile,12.3,12411.24,2025,12,3,0,13975.76,3493.94
ORD100062,2025-09-29,44,Male,Kerala,Electronics,548.53,1,15.0,Cash on Delivery,4,3.8,Silver,Not Returned,8,104.4,Normal,No,Desktop,9.6,561.03,2025,9,29,0,548.53,82.27949999999998
ORD100063,2025-05-14,25,Female,Telangana,Books,529.23,2,10.0,Net Banking,1,3.8,Silver,Not Returned,5,33.41,Holi,No,Mobile,15.7,1183.7,2025,5,14,0,1058.46,105.846
ORD100064,2025-12-20,51,Male,Karnataka,Books,644.15,3,10.0,UPI,2,3.5,Silver,Not Returned,8,97.13,Sankranti,No,Mobile,13.7,2051.99,2025,12,20,1,1932.4499999999998,193.245
ORD100065,2025-05-30,45,Male,Delhi,Electronics,1122.08,1,0.0,UPI,8,4.2,Regular,Not Returned,2,102.25,Diwali,No,Mobile,8.2,1374.87,2025,5,30,0,1122.08,0.0
ORD100066,2025-04-29,41,Female,Gujarat,Electronics,2148.09,2,5.0,UPI,9,4.3,Platinum,Not Returned,4,129.9,Normal,Yes,Mobile,5.9,4790.86,2025,4,29,0,4296.18,214.80900000000003
ORD100067,2025-11-27,52,Female,Tamil Nadu,Sports,1762.33,3,0.0,Net Banking,3,3.3,Gold,Not Returned,5,56.42,Normal,No,Mobile,9.6,6337.09,2025,11,27,0,5286.99,0.0
ORD100068,2025-05-16,60,Other,Kerala,Beauty,1341.97,1,5.0,Cash on Delivery,9,2.8,Silver,Not Returned,7,61.4,Normal,No,Desktop,6.9,1247.5,2025,5,16,0,1341.97,67.0985
ORD100069,2025-01-28,33,Male,West Bengal,Fashion,1692.37,4,5.0,UPI,6,4.2,Regular,Not Returned,3,113.08,Normal,No,Mobile,10.6,6499.4,2025,1,28,0,6769.48,338.47399999999993
ORD100070,2025-06-21,37,Female,Telangana,Beauty,765.26,1,10.0,Cash on Delivery,4,4.4,Regular,Not Returned,4,139.43,Normal,Yes,Mobile,12.8,780.46,2025,6,21,1,765.26,76.52600000000001
ORD100071,2025-10-18,26,Female,Andhra Pradesh,Fashion,1023.92,2,0.0,Net Banking,5,4.5,Regular,Not Returned,10,69.26,Normal,No,Tablet,9.0,1856.74,2025,10,18,1,2047.84,0.0
ORD100072,2025-03-11,48,Male,Karnataka,Fashion,1184.43,3,30.0,Credit Card,7,4.4,Regular,Not Returned,2,46.77,Eid,No,Desktop,20.7,2568.48,2025,3,11,0,3553.29,1065.987
ORD100073,2025-06-18,36,Male,Gujarat,Home & Kitchen,428.52,2,5.0,Cash on Delivery,10,5.0,Silver,Not Returned,6,78.91,Sankranti,No,Mobile,19.0,1063.35,2025,6,18,0,857.04,42.852
ORD100074,2025-02-17,34,Female,Karnataka,Books,564.1,2,10.0,Credit Card,5,4.7,Gold,Not Returned,7,54.53,Christmas,No,Tablet,10.6,1234.15,2025,2,17,0,1128.2,112.82
ORD100075,2025-09-08,50,Male,West Bengal,Sports,578.86,2,25.0,Credit Card,4,4.0,Platinum,Not Returned,3,103.92,Eid,No,Mobile,6.2,1160.48,2025,9,8,0,1157.72,289.43
ORD100076,2025-06-23,37,Female,West Bengal,Fashion,1971.89,4,0.0,Debit Card,8,5.0,Regular,Not Returned,6,52.21,Sankranti,Yes,Mobile,11.8,8972.92,2025,6,23,0,7887.56,0.0
ORD100077,2025-05-01,39,Other,Kerala,Beauty,1407.48,3,10.0,UPI,6,2.8,Regular,Returned,1,124.05,Normal,No,Tablet,11.2,1383.0,2025,5,1,0,4222.4400000000005,422.2440000000001
ORD100078,2025-03-24,38,Male,Karnataka,Books,1785.17,3,20.0,Debit Card,4,2.5,Regular,Not Returned,4,97.44,Normal,No,Mobile,11.6,4543.1,2025,3,24,0,5355.51,1071.102
ORD100079,2025-07-26,30,Male,Andhra Pradesh,Books,362.96,1,15.0,Credit Card,5,4.0,Platinum,Not Returned,6,125.14,Sankranti,No,Mobile,9.6,534.71,2025,7,26,1,362.96,54.443999999999996
ORD100080,2025-09-02,23,Male,West Bengal,Sports,457.49,2,5.0,Debit Card,6,4.4,Gold,Not Returned,3,20.0,Christmas,No,Desktop,5.7,1061.06,2025,9,2,0,914.98,45.748999999999995
ORD100081,2025-12-10,56,Male,West Bengal,Electronics,1846.72,2,20.0,Cash on Delivery,2,3.9,Regular,Not Returned,5,28.46,Holi,No,Mobile,12.2,3134.94,2025,12,10,0,3693.44,738.688
ORD100082,2025-06-09,22,Male,Maharashtra,Fashion,197.15,1,15.0,Debit Card,1,4.5,Silver,Not Returned,5,135.24,Normal,No,Mobile,9.9,332.84,2025,6,9,0,197.15,29.5725
ORD100083,2025-02-28,33,Female,Kerala,Fashion,2660.01,3,10.0,Cash on Delivery,7,3.8,Silver,Not Returned,2,64.82,Holi,Yes,Desktop,10.4,7475.1,2025,2,28,0,7980.030000000001,798.003
ORD100084,2025-10-31,49,Male,Delhi,Electronics,366.84,1,0.0,UPI,2,3.5,Regular,Not Returned,4,38.68,Normal,Yes,Mobile,12.6,403.43,2025,10,31,0,366.84,0.0
ORD100085,2025-08-18,24,Female,Gujarat,Fashion,2076.11,1,0.0,UPI,6,4.0,Regular,Not Returned,4,82.91,Normal,No,Mobile,11.6,2301.12,2025,8,18,0,2076.11,0.0
ORD100086,2025-09-13,48,Female,Telangana,Fashion,673.51,1,20.0,Wallet,8,3.9,Regular,Not Returned,3,98.48,Normal,No,Mobile,12.4,631.4,2025,9,13,1,673.51,134.702
ORD100087,2025-02-05,52,Male,Gujarat,Beauty,2372.89,1,10.0,Debit Card,3,4.6,Regular,Not Returned,8,84.47,Normal,No,Mobile,9.6,2162.68,2025,2,5,0,2372.89,237.289
ORD100088,2025-04-25,49,Male,Rajasthan,Home & Kitchen,9656.45,1,5.0,Cash on Delivery,4,3.7,Silver,Not Returned,5,106.38,Normal,No,Mobile,14.2,10870.84,2025,4,25,0,9656.45,482.8225
ORD100089,2025-10-08,32,Female,Delhi,Home & Kitchen,273.83,2,15.0,Net Banking,10,3.8,Regular,Not Returned,3,101.64,Sankranti,No,Desktop,7.7,664.66,2025,10,8,0,547.66,82.149
ORD100090,2025-10-31,18,Male,Maharashtra,Fashion,1885.73,2,25.0,UPI,1,4.4,Silver,Not Returned,2,99.81,Normal,No,Mobile,5.5,3041.89,2025,10,31,0,3771.46,942.865
ORD100091,2025-06-08,59,Male,Kerala,Electronics,370.47,1,0.0,Wallet,8,3.9,Silver,Not Returned,3,137.19,Christmas,No,Desktop,6.7,531.84,2025,6,8,1,370.47,0.0
ORD100092,2025-10-21,33,Female,Tamil Nadu,Books,1583.63,1,0.0,Debit Card,2,4.8,Silver,Not Returned,2,89.5,Normal,Yes,Mobile,7.9,1512.9,2025,10,21,0,1583.63,0.0
ORD100093,2025-11-04,55,Female,Gujarat,Beauty,1049.09,3,10.0,Wallet,10,3.4,Platinum,Not Returned,2,88.47,Normal,Yes,Mobile,4.3,3410.64,2025,11,4,0,3147.2699999999995,314.727
ORD100094,2025-05-22,27,Male,Tamil Nadu,Fashion,1305.62,1,15.0,Debit Card,5,3.2,Regular,Returned,1,118.1,Normal,No,Tablet,1.8,462.4,2025,5,22,0,1305.62,195.843
ORD100095,2025-11-24,25,Female,Karnataka,Sports,663.47,2,10.0,Debit Card,1,4.2,Silver,Not Returned,7,109.34,Normal,Yes,Mobile,15.0,1374.58,2025,11,24,0,1326.94,132.69400000000002
ORD100096,2025-04-16,54,Male,Tamil Nadu,Sports,1993.06,2,10.0,Cash on Delivery,8,4.3,Regular,Not Returned,3,58.4,Normal,No,Mobile,19.6,2735.14,2025,4,16,0,3986.12,398.61199999999997
ORD100097,2025-03-29,62,Male,Karnataka,Books,468.08,2,0.0,Credit Card,2,3.4,Silver,Not Returned,5,86.78,Normal,Yes,Tablet,15.3,1063.76,2025,3,29,1,936.16,0.0
ORD100098,2025-09-07,58,Female,Karnataka,Electronics,2689.58,4,10.0,Cash on Delivery,4,4.9,Regular,Not Returned,5,105.34,Normal,Yes,Mobile,9.1,9501.92,2025,9,7,1,10758.32,1075.8319999999999
ORD100099,2025-08-21,53,Male,Andhra Pradesh,Beauty,919.72,2,10.0,Wallet,6,5.0,Regular,Not Returned,5,69.46,Normal,No,Mobile,1.7,1741.69,2025,8,21,0,1839.44,183.94400000000002
ORD100100,2025-02-21,29,Male,Delhi,Books,482.19,5,10.0,Cash on Delivery,8,3.6,Regular,Not Returned,4,71.13,Normal,Yes,Mobile,13.2,2502.3,2025,2,21,0,2410.95,241.095
ORD100101,2025-10-31,60,Female,Maharashtra,Sports,3383.91,4,10.0,UPI,5,5.0,Silver,Not Returned,4,41.3,Normal,Yes,Desktop,2.4,13186.39,2025,10,31,0,13535.64,1353.5639999999999
ORD100102,2025-03-14,49,Male,Rajasthan,Fashion,1148.61,1,10.0,Net Banking,9,2.3,Silver,Not Returned,5,20.0,Normal,Yes,Mobile,11.5,1000.48,2025,3,14,0,1148.61,114.86099999999999
ORD100103,2025-10-21,26,Female,Telangana,Books,4146.58,1,10.0,UPI,5,4.8,Silver,Not Returned,1,76.91,Normal,No,Mobile,7.2,3912.42,2025,10,21,0,4146.58,414.658
ORD100104,2025-01-03,24,Female,Gujarat,Home & Kitchen,2654.36,1,20.0,UPI,4,3.4,Regular,Not Returned,6,94.46,Normal,No,Desktop,1.0,2273.1,2025,1,3,0,2654.36,530.8720000000001
ORD100105,2025-10-18,58,Female,Telangana,Home & Kitchen,714.29,2,5.0,Credit Card,4,4.7,Silver,Not Returned,3,51.66,Holi,No,Desktop,20.9,1499.18,2025,10,18,1,1428.58,71.429
ORD100106,2025-10-15,30,Female,Kerala,Beauty,1135.51,2,15.0,Credit Card,9,3.3,Silver,Not Returned,5,138.23,Normal,No,Mobile,4.5,2201.6,2025,10,15,0,2271.02,340.653
ORD100107,2025-10-12,53,Female,Maharashtra,Sports,1298.22,1,10.0,UPI,7,4.0,Regular,Not Returned,3,53.37,Diwali,No,Mobile,9.9,1304.2,2025,10,12,1,1298.22,129.822
ORD100108,2025-08-31,24,Other,Maharashtra,Electronics,3236.26,1,15.0,UPI,2,4.0,Regular,Not Returned,3,121.94,Christmas,Yes,Desktop,11.2,2949.51,2025,8,31,1,3236.26,485.439
ORD100109,2025-06-22,31,Male,Gujarat,Beauty,1594.74,2,0.0,Net Banking,8,3.9,Regular,Not Returned,7,104.65,Normal,Yes,Tablet,9.2,3455.21,2025,6,22,1,3189.48,0.0
ORD100110,2025-09-15,31,Male,West Bengal,Sports,1345.7,2,30.0,Debit Card,5,5.0,Gold,Not Returned,1,166.17,Christmas,No,Mobile,14.8,2051.94,2025,9,15,0,2691.4,807.42
ORD100111,2025-04-12,31,Female,Karnataka,Beauty,1053.8,3,10.0,Credit Card,4,3.9,Regular,Not Returned,7,108.89,Sankranti,Yes,Mobile,7.6,2590.81,2025,4,12,1,3161.3999999999996,316.14
ORD100112,2025-10-12,49,Female,West Bengal,Fashion,1161.21,5,20.0,Debit Card,1,5.0,Regular,Not Returned,3,39.38,Sankranti,No,Desktop,14.3,5245.12,2025,10,12,1,5806.05,1161.21
ORD100113,2025-07-22,60,Male,Telangana,Electronics,2801.92,1,25.0,Net Banking,10,3.7,Platinum,Not Returned,5,126.9,Christmas,Yes,Desktop,13.9,2893.44,2025,7,22,0,2801.92,700.48
ORD100114,2025-06-17,60,Female,Tamil Nadu,Beauty,1202.89,2,5.0,Net Banking,1,5.0,Gold,Not Returned,5,149.42,Normal,No,Tablet,3.7,2679.09,2025,6,17,0,2405.78,120.28900000000002
ORD100115,2025-07-04,52,Male,Karnataka,Sports,928.28,5,10.0,Credit Card,10,2.9,Regular,Not Returned,9,27.97,Normal,Yes,Desktop,13.4,4035.65,2025,7,4,0,4641.4,464.14
ORD100116,2025-07-27,27,Female,Rajasthan,Beauty,831.43,3,10.0,Credit Card,1,3.8,Gold,Not Returned,7,112.37,Normal,Yes,Mobile,5.7,2514.53,2025,7,27,1,2494.29,249.429
ORD100117,2025-01-14,63,Male,Telangana,Books,837.26,2,25.0,Wallet,6,3.6,Regular,Not Returned,3,120.11,Diwali,Yes,Desktop,5.0,1512.05,2025,1,14,0,1674.52,418.63
ORD100118,2025-02-21,43,Male,Karnataka,Beauty,482.37,2,5.0,Cash on Delivery,2,5.0,Gold,Not Returned,3,82.55,Normal,No,Desktop,13.7,1169.08,2025,2,21,0,964.74,48.236999999999995
ORD100119,2025-03-31,43,Male,Maharashtra,Beauty,736.81,1,5.0,Wallet,5,4.1,Regular,Not Returned,7,20.0,Normal,Yes,Mobile,9.5,759.74,2025,3,31,0,736.81,36.8405
ORD100120,2025-02-11,50,Male,West Bengal,Electronics,3178.14,4,15.0,Credit Card,9,2.5,Regular,Not Returned,7,79.64,Eid,No,Mobile,14.2,12410.67,2025,2,11,0,12712.56,1906.884
ORD100121,2025-06-10,54,Male,Maharashtra,Beauty,1049.2,2,0.0,UPI,6,3.1,Platinum,Not Returned,3,69.66,Normal,No,Mobile,14.3,2437.76,2025,6,10,0,2098.4,0.0
ORD100122,2025-09-01,62,Male,Rajasthan,Fashion,1896.84,2,20.0,Debit Card,6,3.3,Regular,Not Returned,3,143.54,Normal,Yes,Mobile,3.4,2974.24,2025,9,1,0,3793.68,758.7359999999999
ORD100123,2025-08-27,45,Male,Delhi,Sports,239.58,2,5.0,Credit Card,2,4.7,Gold,Not Returned,4,86.9,Normal,No,Desktop,16.4,531.11,2025,8,27,0,479.16,23.958000000000002
ORD100124,2025-06-21,46,Male,Delhi,Electronics,1736.24,2,15.0,Net Banking,10,4.6,Regular,Not Returned,5,75.57,Diwali,Yes,Mobile,13.7,3210.26,2025,6,21,1,3472.48,520.872
ORD100125,2025-11-09,53,Male,Delhi,Books,1080.52,1,25.0,Net Banking,4,3.8,Regular,Not Returned,1,69.47,Normal,No,Desktop,8.5,916.78,2025,11,9,1,1080.52,270.13
ORD100126,2025-07-26,29,Male,Telangana,Fashion,877.56,3,15.0,UPI,6,3.6,Platinum,Not Returned,6,101.4,Normal,No,Mobile,11.2,2540.99,2025,7,26,1,2632.68,394.902
ORD100127,2025-01-29,32,Male,Maharashtra,Home & Kitchen,1349.79,2,5.0,Cash on Delivery,9,4.5,Silver,Not Returned,2,91.99,Eid,No,Mobile,16.6,3056.64,2025,1,29,0,2699.58,134.97899999999998
ORD100128,2025-10-07,47,Male,Kerala,Electronics,869.39,1,0.0,Debit Card,7,3.2,Gold,Not Returned,8,62.35,Normal,No,Mobile,10.1,949.43,2025,10,7,0,869.39,0.0
ORD100129,2025-07-29,21,Male,Tamil Nadu,Fashion,301.74,2,0.0,Cash on Delivery,8,4.3,Gold,Not Returned,6,99.24,Normal,Yes,Mobile,24.7,723.02,2025,7,29,0,603.48,0.0
ORD100130,2025-08-20,33,Male,Telangana,Books,2185.36,4,0.0,Debit Card,2,4.3,Regular,Not Returned,7,70.5,Diwali,No,Desktop,20.9,10320.89,2025,8,20,0,8741.44,0.0
ORD100131,2025-07-26,51,Male,Telangana,Fashion,1405.35,1,15.0,Cash on Delivery,5,3.8,Regular,Not Returned,4,20.0,Normal,No,Mobile,12.7,1270.43,2025,7,26,1,1405.35,210.8025
ORD100132,2025-07-22,63,Female,Delhi,Beauty,978.49,2,10.0,Net Banking,6,4.3,Regular,Not Returned,4,113.38,Normal,No,Desktop,10.6,1840.19,2025,7,22,0,1956.98,195.69799999999998
ORD100133,2025-02-03,42,Other,Gujarat,Books,640.38,2,5.0,Credit Card,2,4.1,Silver,Not Returned,4,110.06,Normal,No,Tablet,10.9,1298.48,2025,2,3,0,1280.76,64.038
ORD100134,2025-07-24,36,Female,Tamil Nadu,Beauty,461.59,3,5.0,Credit Card,4,4.3,Regular,Not Returned,6,96.99,Sankranti,No,Mobile,8.4,1612.38,2025,7,24,0,1384.77,69.2385
ORD100135,2025-10-18,38,Female,Delhi,Electronics,1387.98,2,25.0,Net Banking,9,3.1,Regular,Returned,6,74.51,Normal,No,Mobile,12.8,794.46,2025,10,18,1,2775.96,693.99
ORD100136,2025-04-21,50,Female,Gujarat,Home & Kitchen,3424.85,4,0.0,Wallet,10,4.4,Gold,Not Returned,6,87.48,Holi,Yes,Desktop,16.1,16543.14,2025,4,21,0,13699.4,0.0
ORD100137,2025-08-09,43,Male,West Bengal,Home & Kitchen,1369.41,1,10.0,Debit Card,9,4.7,Regular,Not Returned,1,118.67,Holi,No,Mobile,3.9,1443.66,2025,8,9,1,1369.41,136.941
ORD100138,2025-01-12,19,Female,Rajasthan,Fashion,488.47,4,10.0,Wallet,10,4.2,Silver,Not Returned,4,67.89,Diwali,No,Mobile,15.9,1898.24,2025,1,12,1,1953.88,195.38800000000003
ORD100139,2025-05-07,43,Female,West Bengal,Fashion,1389.09,4,0.0,Credit Card,10,4.4,Regular,Not Returned,4,120.09,Normal,Yes,Desktop,17.6,5671.4,2025,5,7,0,5556.36,0.0
ORD100140,2025-06-09,36,Female,Telangana,Beauty,1159.11,2,25.0,Net Banking,2,3.9,Regular,Not Returned,5,38.38,Holi,No,Mobile,15.4,2081.3,2025,6,9,0,2318.22,579.555
ORD100141,2025-12-25,50,Female,Delhi,Home & Kitchen,2104.23,2,0.0,Wallet,9,4.6,Regular,Not Returned,6,95.89,Normal,Yes,Mobile,11.2,4069.58,2025,12,25,0,4208.46,0.0
ORD100142,2025-03-20,59,Male,Karnataka,Fashion,1780.15,1,15.0,Credit Card,7,4.0,Regular,Not Returned,1,90.9,Normal,Yes,Mobile,15.2,1608.59,2025,3,20,0,1780.15,267.0225
ORD100143,2025-04-11,63,Female,Maharashtra,Home & Kitchen,172.31,2,15.0,UPI,9,3.2,Silver,Not Returned,1,125.09,Normal,No,Desktop,19.8,472.82,2025,4,11,0,344.62,51.693000000000005
ORD100144,2025-05-30,46,Female,Gujarat,Home & Kitchen,1710.4,1,20.0,Cash on Delivery,7,4.6,Regular,Not Returned,3,57.84,Normal,Yes,Mobile,11.7,1400.13,2025,5,30,0,1710.4,342.08
ORD100145,2025-12-29,35,Male,Gujarat,Fashion,625.04,1,15.0,Wallet,2,2.9,Gold,Not Returned,2,61.66,Eid,No,Mobile,12.1,679.96,2025,12,29,0,625.04,93.75599999999999
ORD100146,2025-11-08,38,Female,Maharashtra,Home & Kitchen,476.25,5,20.0,UPI,6,4.2,Gold,Not Returned,0,41.19,Normal,Yes,Mobile,24.8,1913.7,2025,11,8,1,2381.25,476.25
ORD100147,2025-01-13,26,Male,Rajasthan,Books,1061.64,1,10.0,Cash on Delivery,8,3.7,Regular,Not Returned,4,70.16,Normal,No,Mobile,13.8,1063.99,2025,1,13,0,1061.64,106.16400000000002
ORD100148,2025-03-27,61,Other,Telangana,Beauty,1567.45,2,10.0,Wallet,2,3.7,Gold,Not Returned,6,98.94,Normal,No,Mobile,6.0,2985.92,2025,3,27,0,3134.9,313.49
ORD100149,2025-10-27,57,Female,Andhra Pradesh,Beauty,413.06,1,15.0,UPI,6,4.1,Platinum,Not Returned,3,27.08,Normal,No,Desktop,17.2,384.05,2025,10,27,0,413.06,61.958999999999996
ORD100150,2025-01-22,58,Male,Andhra Pradesh,Books,1897.04,1,15.0,Cash on Delivery,7,3.5,Regular,Not Returned,4,74.5,Christmas,Yes,Desktop,14.4,1717.7,2025,1,22,0,1897.04,284.556
ORD100151,2025-11-09,33,Female,West Bengal,Beauty,1970.9,2,15.0,UPI,5,4.4,Platinum,Not Returned,3,111.38,Normal,Yes,Desktop,8.1,3925.83,2025,11,9,1,3941.8,591.27
ORD100152,2025-04-13,33,Male,Maharashtra,Fashion,1237.21,1,5.0,Credit Card,8,4.0,Regular,Not Returned,6,86.4,Christmas,No,Desktop,5.4,1233.5,2025,4,13,1,1237.21,61.8605
ORD100153,2025-12-01,58,Female,Maharashtra,Home & Kitchen,682.75,2,5.0,Debit Card,2,3.6,Silver,Not Returned,4,92.63,Normal,No,Mobile,13.4,1312.52,2025,12,1,0,1365.5,68.275
ORD100154,2025-04-18,43,Female,Gujarat,Home & Kitchen,634.91,5,10.0,Credit Card,4,4.9,Regular,Not Returned,3,37.29,Christmas,No,Mobile,11.6,3230.83,2025,4,18,0,3174.5499999999997,317.455
ORD100155,2025-06-08,51,Female,Maharashtra,Home & Kitchen,2337.72,2,0.0,UPI,10,4.1,Gold,Not Returned,1,86.5,Christmas,No,Desktop,4.5,5479.0,2025,6,8,1,4675.44,0.0
ORD100156,2025-08-30,41,Female,Kerala,Electronics,449.34,5,10.0,Net Banking,6,4.4,Gold,Not Returned,6,91.0,Normal,No,Mobile,11.5,2136.95,2025,8,30,1,2246.7,224.67
ORD100157,2025-02-16,38,Male,Andhra Pradesh,Electronics,2397.02,2,0.0,Credit Card,2,5.0,Platinum,Not Returned,3,84.27,Christmas,Yes,Mobile,11.1,5787.06,2025,2,16,1,4794.04,0.0
ORD100158,2025-07-23,47,Male,Telangana,Home & Kitchen,1077.82,2,15.0,Wallet,2,5.0,Platinum,Returned,6,95.35,Normal,Yes,Mobile,11.6,834.44,2025,7,23,0,2155.64,323.346
ORD100159,2025-07-04,56,Male,Rajasthan,Books,1127.53,1,15.0,Credit Card,6,4.4,Regular,Not Returned,7,90.905,Normal,No,Mobile,14.9,1117.37,2025,7,4,0,1127.53,169.1295
ORD100160,2025-10-14,33,Male,Maharashtra,Sports,395.37,1,15.0,Cash on Delivery,10,3.8,Silver,Not Returned,9,74.04,Normal,No,Desktop,1.4,419.68,2025,10,14,0,395.37,59.3055
ORD100161,2025-12-30,56,Male,Telangana,Books,1090.85,4,15.0,Net Banking,1,3.0,Regular,Not Returned,2,53.61,Normal,Yes,Mobile,5.3,3946.75,2025,12,30,0,4363.4,654.5099999999999
ORD100162,2025-08-31,29,Male,Karnataka,Fashion,1788.1,2,0.0,Debit Card,2,4.1,Regular,Not Returned,4,124.11,Eid,No,Desktop,9.1,4025.35,2025,8,31,1,3576.2,0.0
ORD100163,2025-05-30,36,Male,Karnataka,Home & Kitchen,503.41,2,0.0,Debit Card,4,4.8,Regular,Not Returned,3,47.07,Holi,Yes,Tablet,20.0,1017.04,2025,5,30,0,1006.82,0.0
ORD100164,2025-05-29,60,Male,Tamil Nadu,Beauty,1659.36,3,15.0,Net Banking,3,4.2,Platinum,Not Returned,4,95.53,Normal,No,Tablet,26.2,4278.21,2025,5,29,0,4978.08,746.712
ORD100165,2025-06-02,62,Female,Tamil Nadu,Home & Kitchen,1271.48,1,20.0,UPI,2,1.6,Silver,Not Returned,5,153.46,Eid,No,Desktop,12.0,1231.18,2025,6,2,0,1271.48,254.296
ORD100166,2025-10-25,61,Male,Delhi,Home & Kitchen,789.69,3,20.0,Net Banking,3,4.6,Regular,Not Returned,6,128.55,Normal,No,Desktop,12.3,1832.46,2025,10,25,1,2369.07,473.814
ORD100167,2025-04-28,32,Female,Telangana,Home & Kitchen,2091.45,1,15.0,Net Banking,7,4.7,Platinum,Not Returned,8,107.83,Normal,No,Mobile,1.0,2146.24,2025,4,28,0,2091.45,313.7175
ORD100168,2025-03-02,57,Male,Karnataka,Electronics,286.75,4,15.0,Net Banking,9,3.8,Gold,Not Returned,3,98.74,Holi,No,Desktop,17.4,1199.82,2025,3,2,1,1147.0,172.05
ORD100169,2025-05-03,61,Male,Maharashtra,Books,1503.3,1,20.0,Debit Card,4,4.7,Regular,Returned,4,85.53,Normal,Yes,Desktop,14.7,462.37,2025,5,3,1,1503.3,300.66
ORD100170,2025-01-09,63,Female,Kerala,Books,3438.22,1,20.0,Debit Card,8,4.4,Regular,Not Returned,8,58.45,Holi,No,Tablet,13.7,3113.97,2025,1,9,0,3438.22,687.6439999999999
ORD100171,2025-02-08,18,Male,West Bengal,Electronics,3059.6,3,20.0,Cash on Delivery,9,3.5,Silver,Not Returned,6,81.12,Normal,No,Mobile,4.5,7963.48,2025,2,8,1,9178.8,1835.76
ORD100172,2025-02-02,53,Male,Rajasthan,Home & Kitchen,1546.04,1,0.0,Cash on Delivery,1,4.9,Silver,Not Returned,7,110.12,Normal,No,Mobile,23.9,1610.6,2025,2,2,1,1546.04,0.0
ORD100173,2025-10-09,64,Female,Tamil Nadu,Beauty,986.32,4,0.0,Wallet,9,3.1,Regular,Not Returned,4,103.64,Normal,Yes,Desktop,21.1,4174.19,2025,10,9,0,3945.28,0.0
ORD100174,2025-09-21,53,Male,Kerala,Sports,793.78,2,10.0,Wallet,2,4.0,Regular,Not Returned,8,117.61,Normal,Yes,Desktop,13.8,1457.76,2025,9,21,1,1587.56,158.75599999999997
ORD100175,2025-09-12,28,Male,Andhra Pradesh,Books,985.53,1,15.0,UPI,7,3.9,Regular,Not Returned,5,132.69,Normal,No,Mobile,18.0,1011.81,2025,9,12,0,985.53,147.8295
ORD100176,2025-06-18,53,Female,Gujarat,Home & Kitchen,1708.81,1,20.0,UPI,8,3.4,Regular,Not Returned,4,84.45,Normal,No,Mobile,12.3,1557.98,2025,6,18,0,1708.81,341.76199999999994
ORD100177,2025-09-19,22,Male,Telangana,Sports,710.07,4,10.0,Wallet,9,4.2,Regular,Not Returned,5,96.71,Normal,No,Mobile,16.9,2768.07,2025,9,19,0,2840.28,284.028
ORD100178,2025-02-28,40,Female,Andhra Pradesh,Books,1963.34,2,5.0,Debit Card,5,4.9,Regular,Not Returned,4,23.53,Holi,No,Mobile,4.2,4011.11,2025,2,28,0,3926.68,196.33399999999997
ORD100179,2025-11-25,47,Male,Gujarat,Sports,4801.25,4,20.0,Cash on Delivery,7,4.9,Regular,Returned,4,168.97,Normal,Yes,Tablet,1.0,5621.41,2025,11,25,0,19205.0,3841.0
ORD100180,2025-07-02,39,Female,Telangana,Fashion,1152.69,1,5.0,UPI,1,4.5,Silver,Not Returned,6,75.52,Normal,Yes,Mobile,4.4,1094.77,2025,7,2,0,1152.69,57.63450000000001
ORD100181,2025-12-09,50,Female,Maharashtra,Sports,500.81,4,20.0,UPI,5,2.8,Regular,Returned,3,112.81,Normal,Yes,Desktop,7.2,537.04,2025,12,9,0,2003.24,400.648
ORD100182,2025-02-25,29,Female,Telangana,Home & Kitchen,500.69,2,5.0,Debit Card,10,3.1,Regular,Returned,3,75.49,Normal,Yes,Mobile,8.1,369.45,2025,2,25,0,1001.38,50.068999999999996
ORD100183,2025-07-01,46,Female,Delhi,Electronics,1987.92,2,10.0,Net Banking,2,4.1,Regular,Not Returned,2,74.68,Normal,No,Mobile,14.7,3939.56,2025,7,1,0,3975.84,397.584
ORD100184,2025-09-12,48,Male,Delhi,Sports,1154.29,1,10.0,Net Banking,2,4.0,Platinum,Not Returned,7,81.7,Normal,Yes,Mobile,10.5,1162.3,2025,9,12,0,1154.29,115.429
ORD100185,2025-06-30,47,Female,Kerala,Books,2121.79,1,10.0,Wallet,8,3.7,Regular,Not Returned,8,46.42,Normal,Yes,Mobile,11.8,1957.81,2025,6,30,0,2121.79,212.179
ORD100186,2025-06-12,31,Male,West Bengal,Home & Kitchen,848.28,5,0.0,Credit Card,6,5.0,Regular,Not Returned,5,20.0,Eid,No,Desktop,4.9,4723.5,2025,6,12,0,4241.4,0.0
ORD100187,2025-03-02,32,Female,Maharashtra,Home & Kitchen,2059.01,5,10.0,Credit Card,5,4.1,Regular,Not Returned,2,130.59,Normal,No,Mobile,4.4,9545.44,2025,3,2,1,10295.050000000001,1029.505
ORD100188,2025-05-20,30,Female,Telangana,Home & Kitchen,1082.67,1,10.0,UPI,3,4.4,Silver,Not Returned,3,109.1,Normal,Yes,Mobile,12.2,1093.28,2025,5,20,0,1082.67,108.26700000000001
ORD100189,2025-03-29,39,Male,Telangana,Electronics,745.42,4,10.0,Cash on Delivery,2,4.7,Regular,Not Returned,2,57.95,Sankranti,Yes,Mobile,8.7,3069.72,2025,3,29,1,2981.68,298.168
ORD100190,2025-04-21,45,Female,Tamil Nadu,Books,924.66,1,20.0,UPI,8,4.0,Regular,Not Returned,4,105.82,Normal,No,Tablet,12.0,851.04,2025,4,21,0,924.66,184.93200000000002
ORD100191,2025-09-07,35,Male,Tamil Nadu,Electronics,551.14,1,0.0,Debit Card,4,5.0,Gold,Not Returned,4,118.84,Normal,No,Mobile,15.3,721.72,2025,9,7,1,551.14,0.0
ORD100192,2025-08-19,37,Female,Karnataka,Beauty,4372.81,1,10.0,Wallet,8,3.3,Silver,Not Returned,7,65.74,Normal,No,Mobile,21.8,3878.41,2025,8,19,0,4372.81,437.28100000000006
ORD100193,2025-08-10,31,Female,Tamil Nadu,Electronics,1127.13,2,0.0,UPI,5,3.6,Regular,Not Returned,2,104.41,Normal,Yes,Mobile,11.9,2354.26,2025,8,10,1,2254.26,0.0
ORD100194,2025-05-13,28,Male,Kerala,Sports,1824.41,1,25.0,Net Banking,4,3.3,Regular,Not Returned,4,125.24,Christmas,No,Desktop,22.9,1574.52,2025,5,13,0,1824.41,456.1025
ORD100195,2025-12-17,48,Female,Telangana,Books,846.5,2,20.0,Debit Card,3,5.0,Platinum,Not Returned,6,39.66,Normal,No,Mobile,14.4,1529.09,2025,12,17,0,1693.0,338.6
ORD100196,2025-02-01,56,Female,Gujarat,Beauty,605.66,1,30.0,Cash on Delivery,7,4.6,Platinum,Not Returned,2,90.905,Christmas,No,Mobile,16.1,623.34,2025,2,1,1,605.66,181.69799999999998
ORD100197,2025-05-06,31,Male,Karnataka,Beauty,1030.76,3,25.0,Cash on Delivery,3,3.6,Silver,Not Returned,2,102.75,Normal,No,Mobile,18.3,2490.54,2025,5,6,0,3092.2799999999997,773.07
ORD100198,2025-02-13,58,Female,Gujarat,Sports,2454.93,3,10.0,Net Banking,10,4.0,Gold,Not Returned,5,155.82,Sankranti,No,Mobile,16.3,7431.32,2025,2,13,0,7364.789999999999,736.4789999999999
ORD100199,2025-05-04,44,Male,Kerala,Books,855.43,3,15.0,Cash on Delivery,5,5.0,Gold,Not Returned,4,109.5,Normal,Yes,Mobile,7.2,2452.98,2025,5,4,1,2566.29,384.9435
ORD100200,2025-12-18,25,Female,Rajasthan,Books,681.46,1,10.0,UPI,9,4.3,Platinum,Not Returned,2,75.62,Christmas,No,Mobile,18.5,815.08,2025,12,18,0,681.46,68.146
ORD100201,2025-05-14,35,Male,Maharashtra,Fashion,1327.6,3,25.0,Credit Card,5,5.0,Regular,Not Returned,2,79.67,Normal,No,Mobile,9.8,2895.26,2025,5,14,0,3982.7999999999997,995.7
ORD100202,2025-11-28,18,Female,Tamil Nadu,Beauty,1659.78,1,10.0,Wallet,5,4.0,Platinum,Not Returned,6,160.82,Normal,Yes,Mobile,13.8,1636.51,2025,11,28,0,1659.78,165.97799999999998
ORD100203,2025-06-30,19,Female,Kerala,Sports,3490.95,3,10.0,UPI,5,4.4,Silver,Not Returned,2,77.58,Normal,Yes,Desktop,12.8,10344.68,2025,6,30,0,10472.849999999999,1047.2849999999999
ORD100204,2025-09-13,33,Male,Gujarat,Fashion,1510.23,2,25.0,Net Banking,5,4.2,Silver,Returned,1,110.52,Eid,Yes,Mobile,18.9,966.44,2025,9,13,1,3020.46,755.115
ORD100205,2025-06-16,39,Male,Maharashtra,Sports,1823.79,1,20.0,Cash on Delivery,5,3.6,Regular,Not Returned,2,81.66,Normal,No,Mobile,14.4,1466.29,2025,6,16,0,1823.79,364.75800000000004
ORD100206,2025-04-08,55,Female,Kerala,Electronics,1915.25,1,30.0,UPI,9,3.9,Regular,Not Returned,3,127.84,Normal,No,Mobile,3.7,1528.58,2025,4,8,0,1915.25,574.575
ORD100207,2025-10-06,24,Female,Maharashtra,Books,567.15,3,0.0,UPI,8,3.2,Gold,Not Returned,8,129.57,Eid,No,Mobile,24.5,1985.82,2025,10,6,0,1701.4499999999998,0.0
ORD100208,2025-12-20,57,Male,Karnataka,Beauty,641.57,4,5.0,Wallet,1,4.3,Silver,Not Returned,5,90.905,Holi,No,Desktop,17.0,2759.43,2025,12,20,1,2566.28,128.31400000000002
ORD100209,2025-04-07,29,Male,Karnataka,Sports,593.21,2,10.0,UPI,1,4.0,Regular,Not Returned,0,75.76,Diwali,No,Mobile,8.7,1195.73,2025,4,7,0,1186.42,118.64200000000001
ORD100210,2025-10-12,24,Male,Rajasthan,Sports,504.81,5,10.0,UPI,1,4.7,Silver,Not Returned,7,90.905,Normal,No,Tablet,5.2,2376.72,2025,10,12,1,2524.05,252.405
ORD100211,2025-04-06,50,Other,Gujarat,Fashion,2012.49,4,10.0,UPI,7,4.5,Regular,Not Returned,3,29.55,Normal,Yes,Mobile,17.7,7556.55,2025,4,6,1,8049.96,804.9960000000001
ORD100212,2025-09-19,54,Male,Andhra Pradesh,Home & Kitchen,1448.97,1,10.0,Cash on Delivery,3,3.9,Regular,Not Returned,6,93.52,Eid,Yes,Mobile,5.9,1473.01,2025,9,19,0,1448.97,144.89700000000002
ORD100213,2025-10-15,46,Female,Rajasthan,Books,1263.64,3,20.0,Wallet,4,5.0,Silver,Not Returned,4,92.81,Normal,No,Tablet,11.8,3153.71,2025,10,15,0,3790.92,758.184
ORD100214,2025-06-14,23,Male,Delhi,Electronics,222.47,1,5.0,Credit Card,9,4.6,Silver,Not Returned,2,61.44,Sankranti,No,Mobile,18.4,318.31,2025,6,14,1,222.47,11.1235
ORD100215,2025-09-26,23,Female,Andhra Pradesh,Sports,4564.83,2,15.0,Net Banking,2,5.0,Regular,Not Returned,2,25.78,Diwali,No,Mobile,8.1,8440.0,2025,9,26,0,9129.66,1369.4489999999998
ORD100216,2025-04-10,36,Female,Delhi,Fashion,671.02,1,20.0,Net Banking,2,5.0,Regular,Not Returned,4,97.22,Eid,No,Mobile,7.6,660.44,2025,4,10,0,671.02,134.204
ORD100217,2025-01-29,39,Male,Kerala,Beauty,4553.97,5,15.0,Credit Card,1,3.9,Regular,Not Returned,3,101.64,Normal,No,Mobile,9.2,19736.93,2025,1,29,0,22769.850000000002,3415.4775000000004
ORD100218,2025-02-05,64,Female,Rajasthan,Beauty,467.81,3,10.0,UPI,3,4.3,Silver,Not Returned,4,103.81,Normal,Yes,Desktop,6.1,1491.76,2025,2,5,0,1403.43,140.34300000000002
ORD100219,2025-06-13,31,Female,Maharashtra,Sports,707.7,1,5.0,Debit Card,1,4.0,Platinum,Not Returned,5,55.35,Holi,Yes,Desktop,13.4,935.95,2025,6,13,0,707.7,35.385
ORD100220,2025-11-26,27,Male,Kerala,Books,286.64,1,5.0,UPI,7,3.2,Gold,Returned,4,103.89,Eid,No,Tablet,14.2,125.66,2025,11,26,0,286.64,14.331999999999999
ORD100221,2025-02-16,62,Male,Karnataka,Home & Kitchen,1518.47,2,20.0,UPI,8,3.2,Silver,Not Returned,4,83.75,Christmas,No,Tablet,16.4,2582.0,2025,2,16,1,3036.94,607.388
ORD100222,2025-06-16,25,Male,Karnataka,Fashion,586.55,3,10.0,Debit Card,2,3.1,Regular,Not Returned,2,120.26,Normal,No,Mobile,7.0,1806.09,2025,6,16,0,1759.6499999999999,175.965
ORD100223,2025-09-14,19,Male,Gujarat,Home & Kitchen,597.42,4,0.0,Net Banking,6,3.9,Regular,Not Returned,5,55.88,Normal,Yes,Tablet,17.0,2403.37,2025,9,14,1,2389.68,0.0
ORD100224,2025-03-15,37,Male,West Bengal,Beauty,491.74,1,30.0,Wallet,4,3.8,Gold,Not Returned,5,130.26,Sankranti,No,Mobile,6.1,475.93,2025,3,15,1,491.74,147.52200000000002
ORD100225,2025-09-21,36,Female,West Bengal,Sports,1988.94,2,15.0,Cash on Delivery,1,3.0,Regular,Not Returned,6,142.85,Diwali,No,Tablet,17.0,3639.29,2025,9,21,1,3977.88,596.682
ORD100226,2025-04-22,47,Male,Delhi,Sports,1905.55,2,20.0,Credit Card,5,4.1,Regular,Not Returned,4,94.06,Normal,Yes,Mobile,3.1,3060.15,2025,4,22,0,3811.1,762.22
ORD100227,2025-10-23,59,Female,Gujarat,Home & Kitchen,3896.75,2,10.0,Credit Card,7,3.9,Silver,Not Returned,3,104.13,Normal,No,Mobile,21.4,7194.33,2025,10,23,0,7793.5,779.35
ORD100228,2025-07-31,61,Male,Kerala,Books,768.44,2,30.0,Cash on Delivery,3,4.8,Silver,Not Returned,3,117.44,Normal,Yes,Mobile,8.9,1285.46,2025,7,31,0,1536.88,461.064
ORD100229,2025-07-19,31,Male,Karnataka,Electronics,1383.41,1,5.0,Credit Card,8,5.0,Regular,Not Returned,3,54.1,Normal,No,Mobile,15.6,1292.05,2025,7,19,1,1383.41,69.1705
ORD100230,2025-03-06,64,Female,Delhi,Electronics,519.05,1,5.0,Cash on Delivery,10,4.3,Regular,Not Returned,6,72.98,Normal,No,Desktop,16.1,597.85,2025,3,6,0,519.05,25.9525
ORD100231,2025-06-19,47,Male,Karnataka,Electronics,965.17,2,25.0,Net Banking,1,3.5,Silver,Not Returned,5,96.45,Eid,Yes,Mobile,4.4,1747.16,2025,6,19,0,1930.34,482.585
ORD100232,2025-11-09,21,Female,Tamil Nadu,Books,856.48,4,25.0,Wallet,2,4.5,Regular,Not Returned,8,160.94,Diwali,No,Mobile,17.0,2721.18,2025,11,9,1,3425.92,856.48
ORD100233,2025-01-08,62,Male,West Bengal,Fashion,1622.9,1,10.0,UPI,3,4.0,Regular,Not Returned,5,48.14,Normal,No,Tablet,8.7,1479.83,2025,1,8,0,1622.9,162.29
ORD100234,2025-10-04,24,Female,Kerala,Beauty,2324.22,1,5.0,Credit Card,9,3.8,Gold,Not Returned,7,147.32,Diwali,Yes,Mobile,10.2,2802.6,2025,10,4,1,2324.22,116.21099999999998
ORD100235,2025-06-29,45,Female,Karnataka,Sports,2285.34,3,10.0,Credit Card,2,3.4,Platinum,Not Returned,5,83.24,Normal,No,Mobile,8.0,7020.72,2025,6,29,1,6856.02,685.6020000000001
ORD100236,2025-09-20,55,Female,West Bengal,Sports,693.85,4,20.0,Cash on Delivery,5,3.7,Regular,Not Returned,6,88.79,Sankranti,No,Tablet,21.7,2550.54,2025,9,20,1,2775.4,555.08
ORD100237,2025-08-31,29,Male,Rajasthan,Books,2296.36,2,20.0,Credit Card,6,3.9,Regular,Not Returned,4,90.905,Christmas,No,Mobile,5.0,3966.45,2025,8,31,1,4592.72,918.5440000000001
ORD100238,2025-06-07,30,Male,Karnataka,Electronics,1166.1,1,10.0,Wallet,2,4.6,Regular,Not Returned,2,160.75,Normal,Yes,Mobile,14.6,1250.52,2025,6,7,1,1166.1,116.61
ORD100239,2025-04-23,40,Male,Kerala,Home & Kitchen,971.74,3,0.0,Wallet,1,4.4,Regular,Not Returned,1,104.8,Eid,No,Mobile,8.3,3183.64,2025,4,23,0,2915.2200000000003,0.0
ORD100240,2025-08-17,59,Female,Maharashtra,Beauty,757.14,2,15.0,Credit Card,2,5.0,Gold,Not Returned,6,130.77,Normal,Yes,Mobile,18.5,1748.94,2025,8,17,1,1514.28,227.142
ORD100241,2025-02-21,28,Male,Delhi,Sports,833.9,2,20.0,Debit Card,1,4.5,Silver,Not Returned,6,57.79,Sankranti,Yes,Mobile,25.9,1425.9,2025,2,21,0,1667.8,333.56
ORD100242,2025-08-02,49,Male,Rajasthan,Beauty,3724.1,1,10.0,Debit Card,6,4.3,Regular,Not Returned,4,71.47,Christmas,No,Mobile,8.2,4295.47,2025,8,2,1,3724.1,372.41
ORD100243,2025-02-04,39,Male,Kerala,Beauty,1465.42,1,15.0,UPI,10,3.8,Gold,Not Returned,5,42.66,Sankranti,No,Mobile,12.8,1403.76,2025,2,4,0,1465.42,219.81300000000002
ORD100244,2025-08-26,23,Male,Delhi,Fashion,1344.23,1,30.0,Wallet,4,3.3,Regular,Not Returned,5,71.95,Normal,Yes,Desktop,9.7,1090.17,2025,8,26,0,1344.23,403.269
ORD100245,2025-08-18,51,Male,Kerala,Electronics,1011.93,3,5.0,Net Banking,3,3.6,Silver,Not Returned,2,109.78,Normal,No,Desktop,18.2,3236.68,2025,8,18,0,3035.79,151.7895
ORD100246,2025-01-31,57,Male,West Bengal,Home & Kitchen,5883.83,2,15.0,Credit Card,3,3.5,Gold,Not Returned,2,97.43,Normal,No,Mobile,10.5,10217.16,2025,1,31,0,11767.66,1765.149
ORD100247,2025-10-04,45,Male,Maharashtra,Fashion,2802.69,1,15.0,Cash on Delivery,10,2.2,Regular,Not Returned,2,150.45,Normal,No,Mobile,17.4,2623.83,2025,10,4,1,2802.69,420.4035
ORD100248,2025-06-01,26,Female,Karnataka,Beauty,750.99,2,15.0,Debit Card,10,3.3,Regular,Not Returned,4,161.91,Normal,No,Mobile,9.6,1395.8,2025,6,1,1,1501.98,225.297
ORD100249,2025-10-15,25,Male,Maharashtra,Sports,1004.48,3,25.0,Credit Card,7,5.0,Gold,Not Returned,3,85.22,Normal,Yes,Desktop,25.5,2550.85,2025,10,15,0,3013.44,753.36
ORD100250,2025-01-16,37,Male,Rajasthan,Beauty,1044.0,1,15.0,Credit Card,5,4.3,Regular,Not Returned,9,66.21,Normal,No,Mobile,1.0,962.07,2025,1,16,0,1044.0,156.6
ORD100251,2025-03-07,41,Female,Gujarat,Beauty,1319.35,3,10.0,UPI,2,3.7,Regular,Not Returned,6,130.6,Normal,Yes,Desktop,14.3,3615.45,2025,3,7,0,3958.0499999999997,395.805
ORD100252,2025-06-30,43,Female,Telangana,Electronics,760.73,2,5.0,Net Banking,10,4.3,Regular,Not Returned,3,134.25,Normal,Yes,Mobile,11.9,1538.65,2025,6,30,0,1521.46,76.07300000000001
ORD100253,2025-03-10,29,Male,Andhra Pradesh,Beauty,1596.08,1,15.0,Cash on Delivery,1,2.6,Regular,Returned,3,105.44,Sankranti,No,Desktop,11.7,563.98,2025,3,10,0,1596.08,239.41199999999998
ORD100254,2025-05-01,41,Female,Kerala,Home & Kitchen,3083.85,5,5.0,Wallet,2,4.2,Regular,Not Returned,4,90.905,Normal,Yes,Mobile,13.7,13962.39,2025,5,1,0,15419.25,770.9625
ORD100255,2025-08-30,31,Female,West Bengal,Electronics,510.92,4,0.0,UPI,7,4.9,Regular,Not Returned,2,109.22,Diwali,Yes,Mobile,12.4,2204.3,2025,8,30,1,2043.68,0.0
ORD100256,2025-02-22,50,Female,Maharashtra,Fashion,576.39,1,10.0,Cash on Delivery,2,3.9,Regular,Not Returned,2,55.39,Sankranti,Yes,Mobile,13.3,655.6,2025,2,22,1,576.39,57.638999999999996
ORD100257,2025-09-05,55,Female,Kerala,Sports,876.58,1,15.0,Cash on Delivery,2,2.8,Regular,Not Returned,5,47.35,Normal,Yes,Mobile,14.4,812.81,2025,9,5,0,876.58,131.487
ORD100258,2025-02-07,48,Female,Delhi,Books,903.39,1,30.0,Cash on Delivery,6,3.7,Silver,Not Returned,5,88.22,Normal,No,Mobile,22.5,684.02,2025,2,7,0,903.39,271.017
ORD100259,2025-03-05,18,Male,Kerala,Beauty,4398.77,1,20.0,Wallet,1,4.9,Gold,Returned,3,82.97,Sankranti,Yes,Desktop,1.0,1369.16,2025,3,5,0,4398.77,879.7540000000001
ORD100260,2025-08-03,64,Male,Rajasthan,Books,2301.2,2,20.0,Debit Card,3,4.0,Silver,Not Returned,4,99.69,Normal,Yes,Mobile,23.1,3395.75,2025,8,3,1,4602.4,920.48
ORD100261,2025-10-17,19,Female,Gujarat,Fashion,2216.95,4,10.0,UPI,7,3.0,Silver,Not Returned,5,85.41,Normal,No,Tablet,27.4,8761.91,2025,10,17,0,8867.8,886.78
ORD100262,2025-03-04,64,Other,Delhi,Fashion,1010.54,4,10.0,UPI,2,5.0,Gold,Not Returned,4,30.39,Holi,No,Tablet,1.5,4414.26,2025,3,4,0,4042.16,404.216
ORD100263,2025-04-20,19,Male,Delhi,Books,996.22,1,30.0,Debit Card,8,3.1,Regular,Not Returned,2,20.0,Christmas,No,Mobile,12.3,724.13,2025,4,20,1,996.22,298.86600000000004
ORD100264,2025-12-04,42,Male,Gujarat,Fashion,467.06,2,10.0,Credit Card,1,3.8,Regular,Not Returned,5,115.81,Normal,No,Mobile,20.2,993.8,2025,12,4,0,934.12,93.412
ORD100265,2025-12-28,22,Male,Andhra Pradesh,Beauty,1994.62,1,20.0,UPI,7,3.3,Regular,Returned,4,90.905,Normal,No,Mobile,17.5,651.19,2025,12,28,1,1994.62,398.9239999999999
ORD100266,2025-08-01,22,Male,Maharashtra,Fashion,1651.21,2,15.0,UPI,1,3.3,Regular,Returned,5,81.88,Holi,No,Mobile,22.1,991.16,2025,8,1,0,3302.42,495.36300000000006
ORD100267,2025-06-13,50,Female,Telangana,Fashion,2768.26,1,5.0,Credit Card,8,3.7,Platinum,Not Returned,4,70.47,Normal,Yes,Mobile,14.2,2912.74,2025,6,13,0,2768.26,138.413
ORD100268,2025-05-07,52,Female,Kerala,Home & Kitchen,1046.32,4,15.0,UPI,8,4.4,Regular,Not Returned,4,58.04,Sankranti,Yes,Mobile,1.0,3539.0,2025,5,7,0,4185.28,627.7919999999999
ORD100269,2025-08-12,23,Female,Telangana,Home & Kitchen,1094.35,4,5.0,Debit Card,8,4.9,Gold,Not Returned,8,57.11,Normal,No,Mobile,19.8,4767.45,2025,8,12,0,4377.4,218.87
ORD100270,2025-08-04,63,Female,Kerala,Books,1340.24,1,0.0,Cash on Delivery,3,3.7,Regular,Not Returned,10,125.69,Normal,No,Mobile,15.8,1457.48,2025,8,4,0,1340.24,0.0
ORD100271,2025-04-18,33,Female,Karnataka,Books,2142.67,3,5.0,Credit Card,3,3.3,Regular,Not Returned,7,81.63,Normal,No,Tablet,20.8,6040.43,2025,4,18,0,6428.01,321.4005
ORD100272,2025-01-09,32,Female,Andhra Pradesh,Beauty,461.48,2,5.0,UPI,10,4.3,Regular,Not Returned,3,112.22,Holi,No,Mobile,2.8,1082.73,2025,1,9,0,922.96,46.148
ORD100273,2025-02-25,31,Female,Telangana,Beauty,1936.26,3,10.0,Cash on Delivery,8,4.0,Regular,Returned,2,116.92,Normal,Yes,Mobile,4.7,1808.18,2025,2,25,0,5808.78,580.8779999999999
ORD100274,2025-12-16,39,Female,Kerala,Electronics,1184.12,2,10.0,UPI,2,4.2,Regular,Not Returned,1,101.08,Eid,Yes,Mobile,12.1,1978.58,2025,12,16,0,2368.24,236.82399999999998
ORD100275,2025-06-02,26,Female,Andhra Pradesh,Fashion,603.03,1,10.0,Net Banking,1,4.2,Silver,Not Returned,1,118.07,Holi,No,Tablet,20.0,747.19,2025,6,2,0,603.03,60.30299999999999
ORD100276,2025-06-26,37,Male,West Bengal,Electronics,309.54,2,20.0,Debit Card,4,3.9,Regular,Not Returned,4,90.905,Holi,Yes,Desktop,21.7,609.47,2025,6,26,0,619.08,123.816
ORD100277,2025-06-20,27,Female,Delhi,Books,1098.14,1,15.0,Debit Card,7,4.1,Gold,Not Returned,3,137.73,Christmas,No,Mobile,7.6,1202.99,2025,6,20,0,1098.14,164.72100000000003
ORD100278,2025-10-13,20,Male,Delhi,Fashion,3075.09,2,0.0,Credit Card,4,3.9,Gold,Not Returned,2,118.82,Normal,No,Desktop,9.6,6644.84,2025,10,13,0,6150.18,0.0
ORD100279,2025-01-24,35,Female,Telangana,Home & Kitchen,3563.94,1,5.0,Credit Card,9,4.7,Regular,Not Returned,4,123.48,Normal,No,Mobile,29.2,3528.45,2025,1,24,0,3563.94,178.197
ORD100280,2025-01-31,49,Female,Delhi,Books,1511.82,3,25.0,UPI,6,5.0,Platinum,Returned,8,57.15,Normal,No,Mobile,8.7,1404.77,2025,1,31,0,4535.46,1133.865
ORD100281,2025-04-11,53,Male,Gujarat,Sports,4295.75,3,15.0,Cash on Delivery,10,4.1,Regular,Not Returned,5,99.21,Normal,Yes,Mobile,16.1,11440.17,2025,4,11,0,12887.25,1933.0875
ORD100282,2025-06-27,34,Male,Karnataka,Beauty,1166.97,1,25.0,UPI,9,4.0,Regular,Not Returned,5,25.77,Normal,No,Desktop,9.3,819.93,2025,6,27,0,1166.97,291.7425
ORD100283,2025-09-02,33,Male,Andhra Pradesh,Electronics,2229.93,2,10.0,Net Banking,5,4.2,Regular,Not Returned,2,139.04,Sankranti,No,Mobile,14.8,4864.04,2025,9,2,0,4459.86,445.986
ORD100284,2025-06-29,55,Female,Kerala,Beauty,894.96,3,20.0,Credit Card,9,3.5,Silver,Not Returned,3,68.18,Holi,No,Mobile,6.8,2473.92,2025,6,29,1,2684.88,536.9760000000001
ORD100285,2025-06-11,50,Male,Delhi,Beauty,858.84,1,20.0,Cash on Delivery,5,4.5,Silver,Returned,1,73.04,Normal,No,Mobile,7.0,267.39,2025,6,11,0,858.84,171.768
ORD100286,2025-12-09,57,Male,Andhra Pradesh,Fashion,772.55,2,30.0,Cash on Delivery,1,4.3,Silver,Not Returned,5,42.14,Normal,Yes,Tablet,9.8,1094.67,2025,12,9,0,1545.1,463.53
ORD100287,2025-02-28,60,Female,Andhra Pradesh,Sports,314.42,2,0.0,Cash on Delivery,4,3.7,Gold,Not Returned,5,88.73,Diwali,Yes,Tablet,8.7,928.19,2025,2,28,0,628.84,0.0
ORD100288,2025-07-28,56,Female,Karnataka,Books,2770.23,1,30.0,Net Banking,5,4.6,Regular,Not Returned,5,80.61,Sankranti,No,Mobile,10.2,2490.21,2025,7,28,0,2770.23,831.069
ORD100289,2025-07-17,62,Male,Kerala,Fashion,790.78,3,10.0,Cash on Delivery,10,4.0,Gold,Not Returned,3,153.79,Eid,No,Desktop,15.2,2941.22,2025,7,17,0,2372.34,237.234
ORD100290,2025-06-22,37,Male,Maharashtra,Fashion,712.76,2,20.0,Wallet,9,3.3,Silver,Not Returned,1,120.07,Normal,No,Desktop,23.3,1307.76,2025,6,22,1,1425.52,285.10400000000004
ORD100291,2025-10-22,36,Other,Maharashtra,Fashion,557.3,2,15.0,Credit Card,2,4.2,Regular,Not Returned,4,71.99,Normal,Yes,Tablet,8.5,1040.45,2025,10,22,0,1114.6,167.19
ORD100292,2025-04-08,33,Female,Tamil Nadu,Books,1050.73,1,15.0,Net Banking,1,4.2,Regular,Not Returned,4,31.68,Christmas,Yes,Mobile,6.1,1088.14,2025,4,8,0,1050.73,157.6095
ORD100293,2025-12-15,29,Female,Andhra Pradesh,Electronics,3775.72,1,10.0,Debit Card,6,4.7,Regular,Not Returned,3,20.0,Normal,No,Mobile,12.1,3368.77,2025,12,15,0,3775.72,377.57199999999995
ORD100294,2025-05-02,53,Male,Andhra Pradesh,Books,4679.9,1,20.0,Cash on Delivery,6,4.6,Regular,Not Returned,4,54.08,Holi,No,Mobile,6.9,4235.06,2025,5,2,0,4679.9,935.98
ORD100295,2025-07-18,51,Male,Andhra Pradesh,Sports,407.69,4,5.0,Debit Card,8,3.9,Gold,Not Returned,5,90.905,Normal,Yes,Mobile,2.2,1727.35,2025,7,18,0,1630.76,81.538
ORD100296,2025-07-10,55,Male,Gujarat,Home & Kitchen,953.07,4,10.0,Wallet,3,3.7,Regular,Not Returned,3,102.2,Normal,No,Mobile,18.4,3940.02,2025,7,10,0,3812.28,381.228
ORD100297,2025-11-07,25,Female,Delhi,Beauty,612.62,3,15.0,Credit Card,9,4.0,Regular,Not Returned,3,84.93,Diwali,No,Mobile,12.5,1932.18,2025,11,7,0,1837.8600000000001,275.67900000000003
ORD100298,2025-06-10,41,Male,Maharashtra,Books,2281.29,1,20.0,Cash on Delivery,5,4.3,Silver,Not Returned,4,90.61,Holi,Yes,Desktop,13.1,2113.32,2025,6,10,0,2281.29,456.25800000000004
ORD100299,2025-04-14,28,Male,Andhra Pradesh,Sports,1445.72,2,10.0,UPI,4,4.3,Silver,Returned,2,56.79,Normal,Yes,Desktop,1.0,1046.32,2025,4,14,0,2891.44,289.144
ORD100300,2025-01-08,59,Female,Maharashtra,Fashion,793.38,3,15.0,Cash on Delivery,5,4.2,Platinum,Not Returned,6,95.32,Holi,Yes,Mobile,8.5,2561.87,2025,1,8,0,2380.14,357.02099999999996
ORD100301,2025-05-13,30,Female,Rajasthan,Electronics,1257.96,2,10.0,UPI,10,4.0,Silver,Not Returned,3,40.29,Christmas,Yes,Mobile,3.5,2479.71,2025,5,13,0,2515.92,251.592
ORD100302,2025-10-29,24,Female,Tamil Nadu,Beauty,879.85,1,15.0,Debit Card,4,4.7,Silver,Not Returned,3,86.91,Holi,No,Mobile,11.9,912.71,2025,10,29,0,879.85,131.9775
ORD100303,2025-01-04,44,Male,Maharashtra,Electronics,3426.64,4,15.0,UPI,6,3.5,Regular,Not Returned,4,119.06,Eid,No,Mobile,12.8,12823.63,2025,1,4,1,13706.56,2055.984
ORD100304,2025-11-24,59,Male,Kerala,Electronics,1712.31,1,15.0,Credit Card,9,5.0,Silver,Not Returned,2,77.21,Christmas,Yes,Mobile,12.8,1624.64,2025,11,24,0,1712.31,256.8465
ORD100305,2025-07-18,61,Male,Karnataka,Books,1854.67,1,20.0,Debit Card,1,4.5,Regular,Not Returned,8,105.53,Holi,Yes,Mobile,8.0,1663.1,2025,7,18,0,1854.67,370.934
ORD100306,2025-02-21,22,Male,Maharashtra,Home & Kitchen,212.0,4,15.0,Credit Card,6,3.2,Regular,Not Returned,6,20.81,Normal,No,Mobile,6.9,677.38,2025,2,21,0,848.0,127.2
ORD100307,2025-04-21,33,Female,Maharashtra,Beauty,1149.02,2,5.0,Debit Card,8,4.1,Platinum,Returned,3,20.0,Holi,No,Tablet,10.8,886.69,2025,4,21,0,2298.04,114.902
ORD100308,2025-07-22,25,Male,Maharashtra,Fashion,4647.87,1,15.0,UPI,10,4.5,Silver,Not Returned,4,101.45,Eid,No,Mobile,14.1,4571.03,2025,7,22,0,4647.87,697.1805
ORD100309,2025-04-26,32,Female,Delhi,Electronics,2841.42,2,0.0,Net Banking,1,3.8,Silver,Not Returned,7,126.65,Diwali,No,Mobile,8.5,6866.56,2025,4,26,1,5682.84,0.0
ORD100310,2025-02-09,43,Female,Kerala,Electronics,361.21,5,5.0,Net Banking,8,3.0,Regular,Not Returned,4,81.66,Normal,Yes,Mobile,6.4,1895.98,2025,2,9,1,1806.05,90.3025
ORD100311,2025-09-01,31,Other,Andhra Pradesh,Home & Kitchen,978.82,1,20.0,Debit Card,9,3.3,Silver,Not Returned,5,165.08,Normal,Yes,Desktop,6.6,1001.77,2025,9,1,0,978.82,195.764
ORD100312,2025-09-03,21,Male,Andhra Pradesh,Electronics,549.54,3,10.0,UPI,4,4.4,Regular,Not Returned,0,39.48,Holi,No,Mobile,8.0,1494.15,2025,9,3,0,1648.62,164.86199999999997
ORD100313,2025-02-13,41,Male,Maharashtra,Home & Kitchen,3649.31,1,10.0,UPI,8,2.8,Regular,Returned,7,66.2,Eid,No,Mobile,9.3,1201.09,2025,2,13,0,3649.31,364.931
ORD100314,2025-04-13,20,Male,Rajasthan,Fashion,1406.5,1,30.0,Net Banking,5,3.0,Regular,Returned,2,94.9,Normal,Yes,Mobile,5.4,373.33,2025,4,13,1,1406.5,421.95
ORD100315,2025-03-31,28,Male,Andhra Pradesh,Beauty,728.52,2,5.0,Wallet,7,4.4,Regular,Not Returned,1,106.25,Eid,No,Mobile,9.3,1702.66,2025,3,31,0,1457.04,72.852
ORD100316,2025-08-29,18,Male,Andhra Pradesh,Beauty,1226.94,2,0.0,Wallet,4,3.8,Regular,Not Returned,3,69.56,Normal,No,Mobile,19.4,2439.13,2025,8,29,0,2453.88,0.0
ORD100317,2025-09-24,22,Male,Gujarat,Fashion,220.37,1,0.0,Debit Card,2,3.5,Silver,Not Returned,10,52.93,Normal,Yes,Desktop,10.2,257.1,2025,9,24,0,220.37,0.0
ORD100318,2025-09-23,38,Female,Maharashtra,Home & Kitchen,592.8,2,5.0,Debit Card,9,3.7,Regular,Not Returned,8,111.71,Christmas,No,Mobile,4.6,1453.26,2025,9,23,0,1185.6,59.28
ORD100319,2025-12-09,57,Female,Tamil Nadu,Electronics,1228.77,2,20.0,UPI,3,3.0,Gold,Not Returned,3,94.66,Eid,No,Mobile,1.0,2276.33,2025,12,9,0,2457.54,491.50800000000004
ORD100320,2025-10-08,54,Female,Tamil Nadu,Fashion,2079.26,2,20.0,UPI,2,4.3,Gold,Not Returned,6,77.94,Normal,No,Mobile,23.0,3396.55,2025,10,8,0,4158.52,831.7040000000001
ORD100321,2025-04-28,22,Male,Gujarat,Books,339.75,3,15.0,Net Banking,9,3.4,Regular,Not Returned,2,107.46,Eid,Yes,Desktop,18.8,1066.07,2025,4,28,0,1019.25,152.8875
ORD100322,2025-02-09,19,Male,Kerala,Books,936.67,3,5.0,Debit Card,10,3.6,Silver,Not Returned,5,85.23,Christmas,Yes,Tablet,13.7,3055.17,2025,2,9,1,2810.0099999999998,140.5005
ORD100323,2025-08-13,33,Male,Gujarat,Home & Kitchen,2313.17,2,15.0,Debit Card,7,4.2,Regular,Not Returned,8,85.11,Christmas,No,Mobile,19.0,4208.7,2025,8,13,0,4626.34,693.951
ORD100324,2025-12-01,48,Male,Tamil Nadu,Books,467.14,2,0.0,Debit Card,6,3.8,Gold,Returned,6,83.82,Christmas,Yes,Desktop,15.2,411.79,2025,12,1,0,934.28,0.0
ORD100325,2025-12-22,53,Male,Kerala,Beauty,1392.76,2,15.0,Credit Card,4,3.5,Regular,Not Returned,4,61.26,Normal,No,Mobile,11.5,2294.01,2025,12,22,0,2785.52,417.82800000000003
ORD100326,2025-03-26,56,Other,West Bengal,Electronics,1252.58,2,15.0,Wallet,7,2.6,Regular,Not Returned,3,57.7,Normal,No,Desktop,4.6,2119.95,2025,3,26,0,2505.16,375.77399999999994
ORD100327,2025-03-28,34,Male,Karnataka,Books,3657.09,1,0.0,Net Banking,7,4.3,Regular,Returned,3,71.6,Normal,Yes,Mobile,23.5,1302.21,2025,3,28,0,3657.09,0.0
ORD100328,2025-01-14,25,Male,Karnataka,Home & Kitchen,1033.27,1,20.0,Net Banking,6,4.1,Gold,Not Returned,6,91.12,Normal,No,Tablet,9.4,862.03,2025,1,14,0,1033.27,206.65400000000002
ORD100329,2025-02-21,19,Female,Telangana,Beauty,1073.35,1,20.0,Debit Card,7,3.6,Regular,Not Returned,2,24.51,Normal,No,Mobile,9.7,933.8,2025,2,21,0,1073.35,214.67
ORD100330,2025-07-22,24,Female,Gujarat,Beauty,2091.84,2,10.0,Net Banking,6,3.3,Gold,Not Returned,2,123.07,Normal,No,Mobile,12.2,3817.85,2025,7,22,0,4183.68,418.36800000000005
ORD100331,2025-07-19,21,Female,Andhra Pradesh,Fashion,506.72,5,15.0,Debit Card,9,4.0,Regular,Not Returned,1,90.65,Normal,No,Mobile,12.3,2117.79,2025,7,19,1,2533.6000000000004,380.0400000000001
ORD100332,2025-05-16,58,Male,Tamil Nadu,Sports,1039.51,2,15.0,Cash on Delivery,7,4.3,Silver,Not Returned,0,52.72,Diwali,No,Mobile,15.4,2145.93,2025,5,16,0,2079.02,311.853
ORD100333,2025-04-24,30,Female,Delhi,Beauty,892.35,2,5.0,UPI,4,4.1,Regular,Not Returned,2,146.58,Normal,Yes,Mobile,14.8,1904.97,2025,4,24,0,1784.7,89.235
ORD100334,2025-10-30,56,Male,Andhra Pradesh,Home & Kitchen,1096.4,2,5.0,Net Banking,7,5.0,Regular,Not Returned,6,91.46,Normal,Yes,Mobile,8.5,2186.01,2025,10,30,0,2192.8,109.64
ORD100335,2025-06-17,43,Male,Rajasthan,Fashion,2082.95,2,10.0,UPI,3,4.5,Regular,Not Returned,8,43.27,Normal,No,Mobile,12.2,3216.93,2025,6,17,0,4165.9,416.59
ORD100336,2025-10-23,43,Female,Maharashtra,Sports,1720.35,2,25.0,Net Banking,3,3.9,Regular,Not Returned,2,145.01,Normal,No,Desktop,15.3,2626.49,2025,10,23,0,3440.7,860.175
ORD100337,2025-12-18,39,Female,Karnataka,Fashion,737.62,2,15.0,Cash on Delivery,9,4.5,Gold,Not Returned,4,137.42,Diwali,Yes,Mobile,8.0,1587.02,2025,12,18,0,1475.24,221.28599999999997
ORD100338,2025-04-26,56,Male,Kerala,Electronics,1311.51,3,15.0,UPI,6,4.0,Silver,Returned,7,58.19,Christmas,No,Desktop,20.7,1313.34,2025,4,26,1,3934.5299999999997,590.1795
ORD100339,2025-03-15,20,Female,Gujarat,Books,3161.7,1,15.0,Cash on Delivery,1,4.0,Regular,Not Returned,3,78.7,Sankranti,No,Mobile,11.9,3192.03,2025,3,15,1,3161.7,474.255
ORD100340,2025-12-14,22,Male,Maharashtra,Fashion,699.03,2,10.0,Credit Card,4,4.9,Regular,Not Returned,7,73.98,Sankranti,No,Mobile,21.6,1610.98,2025,12,14,1,1398.06,139.80599999999998
ORD100341,2025-08-20,37,Male,West Bengal,Beauty,1318.74,2,0.0,Debit Card,10,3.4,Regular,Returned,6,23.87,Eid,Yes,Mobile,3.6,1043.1,2025,8,20,0,2637.48,0.0
ORD100342,2025-04-17,36,Male,Rajasthan,Sports,1058.41,3,10.0,UPI,7,4.0,Silver,Returned,6,101.36,Sankranti,Yes,Mobile,15.9,1115.14,2025,4,17,0,3175.2300000000005,317.523
ORD100343,2025-08-15,43,Female,Tamil Nadu,Books,1151.85,5,25.0,Net Banking,9,4.8,Gold,Not Returned,4,119.58,Normal,No,Desktop,6.7,5095.84,2025,8,15,0,5759.25,1439.8125
ORD100344,2025-07-07,52,Male,Delhi,Beauty,415.78,3,20.0,Cash on Delivery,6,4.2,Gold,Not Returned,6,112.99,Normal,No,Tablet,8.2,1146.58,2025,7,7,0,1247.34,249.468
ORD100345,2025-11-27,45,Female,Karnataka,Sports,3002.12,2,25.0,Debit Card,1,3.7,Gold,Not Returned,4,91.15,Diwali,Yes,Mobile,17.4,4473.42,2025,11,27,0,6004.24,1501.06
ORD100346,2025-04-04,30,Male,Rajasthan,Books,725.42,1,5.0,Wallet,2,2.8,Regular,Not Returned,3,122.98,Diwali,Yes,Mobile,10.6,811.34,2025,4,4,0,725.42,36.271
ORD100347,2025-12-28,33,Female,Tamil Nadu,Books,2337.94,2,10.0,Cash on Delivery,1,2.4,Regular,Not Returned,5,50.26,Christmas,No,Mobile,27.6,3944.69,2025,12,28,1,4675.88,467.588
ORD100348,2025-12-08,53,Female,Tamil Nadu,Electronics,801.26,3,15.0,Cash on Delivery,8,5.0,Gold,Not Returned,4,153.64,Normal,No,Mobile,15.1,2296.5,2025,12,8,0,2403.7799999999997,360.56699999999995
ORD100349,2025-03-07,27,Male,Delhi,Sports,799.11,4,5.0,UPI,8,4.2,Regular,Not Returned,4,62.98,Eid,No,Mobile,7.8,3311.76,2025,3,7,0,3196.44,159.822
ORD100350,2025-03-02,41,Male,Delhi,Fashion,2640.19,3,5.0,Cash on Delivery,5,3.6,Regular,Not Returned,4,66.86,Normal,No,Desktop,15.1,6865.97,2025,3,2,1,7920.57,396.0285
ORD100351,2025-07-14,43,Male,Telangana,Books,2289.53,1,20.0,Net Banking,8,4.2,Regular,Not Returned,4,69.87,Eid,No,Mobile,10.6,1948.37,2025,7,14,0,2289.53,457.90600000000006
ORD100352,2025-01-17,53,Female,Kerala,Electronics,1374.31,3,15.0,Wallet,6,3.3,Gold,Not Returned,1,67.31,Normal,No,Mobile,17.0,3494.75,2025,1,17,0,4122.93,618.4395000000001
ORD100353,2025-04-20,51,Male,Karnataka,Fashion,1968.1,4,15.0,Cash on Delivery,8,3.8,Silver,Not Returned,0,83.25,Normal,No,Tablet,10.2,6924.86,2025,4,20,1,7872.4,1180.86
ORD100354,2025-06-08,39,Female,Gujarat,Fashion,994.78,3,5.0,Credit Card,7,3.3,Platinum,Not Returned,5,81.9,Normal,No,Mobile,14.4,3099.76,2025,6,8,1,2984.34,149.217
ORD100355,2025-12-20,32,Male,Kerala,Beauty,1193.49,3,10.0,Net Banking,5,3.0,Regular,Not Returned,6,94.54,Normal,Yes,Desktop,13.2,3517.96,2025,12,20,1,3580.4700000000003,358.047
ORD100356,2025-12-29,35,Female,Rajasthan,Electronics,780.57,2,0.0,UPI,7,2.5,Regular,Not Returned,3,61.35,Normal,No,Mobile,12.5,1639.01,2025,12,29,0,1561.14,0.0
ORD100357,2025-02-25,37,Male,Rajasthan,Electronics,2159.69,2,5.0,Credit Card,4,2.9,Regular,Not Returned,4,95.83,Christmas,Yes,Mobile,18.3,4971.86,2025,2,25,0,4319.38,215.96900000000002
ORD100358,2025-11-22,28,Female,Gujarat,Beauty,764.6,1,15.0,Wallet,8,4.7,Gold,Not Returned,2,51.84,Normal,No,Mobile,1.2,730.38,2025,11,22,1,764.6,114.69
ORD100359,2025-02-03,47,Other,Gujarat,Books,3150.85,1,10.0,Net Banking,10,3.3,Regular,Not Returned,3,115.64,Normal,Yes,Mobile,12.6,3331.14,2025,2,3,0,3150.85,315.085
ORD100360,2025-10-01,27,Male,West Bengal,Beauty,977.29,3,30.0,Wallet,3,4.4,Platinum,Not Returned,3,115.2,Normal,Yes,Mobile,7.8,2427.98,2025,10,1,0,2931.87,879.5609999999999
ORD100361,2025-11-05,48,Female,Telangana,Home & Kitchen,1216.1,4,10.0,Debit Card,7,4.7,Regular,Not Returned,4,89.8,Diwali,No,Desktop,3.9,4672.18,2025,11,5,0,4864.4,486.44
ORD100362,2025-11-22,53,Male,Delhi,Beauty,1965.0,4,0.0,Net Banking,2,4.0,Gold,Not Returned,1,67.26,Normal,No,Mobile,7.0,9708.05,2025,11,22,1,7860.0,0.0
ORD100363,2025-03-23,63,Male,Delhi,Beauty,1218.76,1,0.0,Net Banking,4,3.8,Gold,Returned,5,100.89,Normal,No,Mobile,8.3,439.99,2025,3,23,1,1218.76,0.0
ORD100364,2025-11-23,23,Female,Telangana,Home & Kitchen,988.74,1,20.0,Credit Card,7,4.1,Regular,Not Returned,1,58.93,Christmas,No,Desktop,10.6,887.48,2025,11,23,1,988.74,197.748
ORD100365,2025-02-12,53,Female,West Bengal,Beauty,1176.81,1,5.0,Wallet,3,3.7,Silver,Not Returned,2,91.21,Normal,Yes,Mobile,14.0,1121.03,2025,2,12,0,1176.81,58.84049999999999
ORD100366,2025-07-09,22,Female,Gujarat,Electronics,2145.35,3,5.0,Wallet,3,4.8,Regular,Not Returned,1,84.69,Eid,Yes,Mobile,15.3,5956.43,2025,7,9,0,6436.049999999999,321.80249999999995
ORD100367,2025-06-21,33,Male,Karnataka,Fashion,779.94,2,10.0,UPI,4,5.0,Gold,Not Returned,1,182.05,Normal,No,Mobile,11.8,1486.49,2025,6,21,1,1559.88,155.988
ORD100368,2025-04-26,26,Male,Maharashtra,Sports,1105.47,5,5.0,Net Banking,2,5.0,Gold,Not Returned,5,47.05,Diwali,No,Mobile,21.5,6348.97,2025,4,26,1,5527.35,276.3675
ORD100369,2025-01-09,25,Male,Maharashtra,Home & Kitchen,1208.05,1,15.0,Debit Card,7,2.5,Silver,Not Returned,3,20.0,Diwali,Yes,Mobile,9.8,1071.65,2025,1,9,0,1208.05,181.2075
ORD100370,2025-10-09,26,Female,Rajasthan,Electronics,2104.97,2,10.0,Net Banking,2,3.7,Regular,Not Returned,8,67.68,Normal,Yes,Mobile,1.0,3797.67,2025,10,9,0,4209.94,420.9939999999999
ORD100371,2025-05-03,20,Female,Rajasthan,Electronics,1124.59,3,0.0,Cash on Delivery,4,4.0,Platinum,Not Returned,3,29.96,Diwali,Yes,Desktop,9.9,4337.48,2025,5,3,1,3373.7699999999995,0.0
ORD100372,2025-08-30,56,Male,West Bengal,Books,3887.3,1,20.0,Credit Card,4,4.3,Platinum,Not Returned,3,64.57,Normal,No,Desktop,12.3,3654.18,2025,8,30,1,3887.3,777.46
ORD100373,2025-05-30,20,Male,Gujarat,Fashion,1083.91,5,10.0,UPI,10,2.8,Silver,Not Returned,4,44.58,Normal,Yes,Mobile,1.0,5195.75,2025,5,30,0,5419.55,541.955
ORD100374,2025-05-17,36,Male,Telangana,Electronics,1028.22,2,15.0,Cash on Delivery,10,2.8,Platinum,Not Returned,5,58.34,Christmas,Yes,Desktop,19.2,2344.04,2025,5,17,1,2056.44,308.466
ORD100375,2025-11-20,50,Male,Rajasthan,Sports,1073.74,1,0.0,Wallet,1,4.9,Regular,Not Returned,7,52.73,Eid,No,Mobile,11.4,1334.07,2025,11,20,0,1073.74,0.0
ORD100376,2025-02-04,64,Male,Telangana,Beauty,509.92,1,15.0,Net Banking,2,3.6,Regular,Not Returned,3,123.7,Normal,No,Mobile,5.1,515.29,2025,2,4,0,509.92,76.488
ORD100377,2025-09-26,58,Female,Telangana,Home & Kitchen,611.68,4,10.0,Credit Card,8,3.0,Regular,Not Returned,3,88.3,Sankranti,No,Mobile,6.2,2545.29,2025,9,26,0,2446.72,244.67199999999997
ORD100378,2025-09-30,24,Female,Andhra Pradesh,Books,849.92,2,10.0,Wallet,3,3.2,Regular,Not Returned,7,90.905,Normal,Yes,Mobile,16.6,1630.42,2025,9,30,0,1699.84,169.98399999999998
ORD100379,2025-05-19,64,Male,Rajasthan,Fashion,2510.82,3,10.0,Debit Card,7,4.3,Silver,Not Returned,6,91.42,Normal,Yes,Mobile,17.3,7014.47,2025,5,19,0,7532.460000000001,753.2460000000001
ORD100380,2025-04-06,48,Female,Maharashtra,Beauty,1174.44,3,30.0,Cash on Delivery,10,3.4,Silver,Returned,5,122.5,Normal,Yes,Mobile,8.1,848.63,2025,4,6,1,3523.32,1056.996
ORD100381,2025-01-02,26,Female,Tamil Nadu,Sports,875.73,2,5.0,Credit Card,2,4.2,Regular,Not Returned,2,79.42,Diwali,No,Mobile,3.9,1822.68,2025,1,2,0,1751.46,87.573
ORD100382,2025-12-08,39,Male,Andhra Pradesh,Beauty,2663.31,3,25.0,Cash on Delivery,10,3.3,Regular,Not Returned,9,145.81,Sankranti,Yes,Mobile,12.8,6461.17,2025,12,8,0,7989.93,1997.4825
ORD100383,2025-12-12,61,Male,Maharashtra,Fashion,3289.01,4,25.0,Cash on Delivery,1,2.8,Silver,Not Returned,4,106.48,Normal,No,Mobile,13.9,11154.27,2025,12,12,0,13156.04,3289.01
ORD100384,2025-03-29,36,Male,Delhi,Sports,2713.72,1,10.0,Net Banking,3,5.0,Gold,Not Returned,2,62.71,Eid,Yes,Mobile,15.4,2694.18,2025,3,29,1,2713.72,271.37199999999996
ORD100385,2025-01-12,26,Male,Rajasthan,Sports,689.23,3,10.0,Debit Card,6,4.3,Platinum,Returned,9,111.67,Holi,No,Mobile,8.6,715.59,2025,1,12,1,2067.69,206.769
ORD100386,2025-02-14,59,Female,Kerala,Electronics,869.71,1,10.0,Cash on Delivery,9,3.8,Regular,Not Returned,4,90.95,Normal,Yes,Mobile,11.3,873.37,2025,2,14,0,869.71,86.971
ORD100387,2025-01-25,62,Other,Gujarat,Electronics,3901.07,1,30.0,Cash on Delivery,6,3.6,Gold,Not Returned,4,82.91,Normal,No,Mobile,12.1,2783.6,2025,1,25,1,3901.07,1170.3210000000001
ORD100388,2025-10-31,63,Male,West Bengal,Sports,1403.63,2,15.0,Debit Card,2,5.0,Regular,Not Returned,2,93.36,Diwali,No,Mobile,17.8,2655.47,2025,10,31,0,2807.26,421.089
ORD100389,2025-11-22,62,Female,Rajasthan,Electronics,1008.4,4,15.0,Cash on Delivery,3,4.4,Regular,Not Returned,5,116.29,Normal,Yes,Mobile,20.0,3685.39,2025,11,22,1,4033.6,605.04
ORD100390,2025-02-25,59,Male,Tamil Nadu,Books,1914.1,1,0.0,UPI,8,4.8,Silver,Not Returned,5,20.0,Normal,Yes,Mobile,21.6,1980.19,2025,2,25,0,1914.1,0.0
ORD100391,2025-09-30,39,Female,Rajasthan,Electronics,2309.58,2,20.0,Wallet,6,3.6,Regular,Not Returned,1,77.72,Normal,Yes,Mobile,19.8,3675.42,2025,9,30,0,4619.16,923.832
ORD100392,2025-03-07,27,Female,Kerala,Books,827.69,3,0.0,UPI,1,4.0,Gold,Not Returned,6,113.89,Normal,No,Desktop,22.9,2752.64,2025,3,7,0,2483.07,0.0
ORD100393,2025-05-15,47,Male,Rajasthan,Sports,1383.97,1,0.0,Wallet,6,4.3,Regular,Not Returned,3,98.69,Normal,No,Mobile,18.1,1558.04,2025,5,15,0,1383.97,0.0
ORD100394,2025-08-07,28,Male,Telangana,Home & Kitchen,2191.5,3,5.0,Net Banking,5,3.6,Regular,Not Returned,7,50.58,Diwali,No,Mobile,8.5,6328.95,2025,8,7,0,6574.5,328.725
ORD100395,2025-09-20,40,Female,Andhra Pradesh,Fashion,564.47,4,10.0,Wallet,1,3.9,Silver,Not Returned,1,20.0,Holi,No,Mobile,21.2,2382.52,2025,9,20,1,2257.88,225.78800000000004
ORD100396,2025-11-16,48,Other,West Bengal,Home & Kitchen,1209.67,1,25.0,UPI,3,3.6,Regular,Returned,7,90.905,Eid,Yes,Desktop,3.7,375.39,2025,11,16,1,1209.67,302.4175
ORD100397,2025-01-17,62,Male,Gujarat,Sports,581.57,1,20.0,Credit Card,10,4.3,Regular,Not Returned,0,83.45,Christmas,No,Desktop,26.2,614.01,2025,1,17,0,581.57,116.31400000000002
ORD100398,2025-03-13,31,Male,Telangana,Sports,633.18,5,5.0,UPI,8,3.1,Regular,Not Returned,3,142.99,Normal,No,Mobile,6.1,2858.9,2025,3,13,0,3165.8999999999996,158.295
ORD100399,2025-04-13,29,Male,West Bengal,Fashion,832.19,1,10.0,Debit Card,1,4.4,Regular,Returned,3,117.82,Normal,Yes,Tablet,11.8,314.23,2025,4,13,1,832.19,83.21900000000001
ORD100400,2025-04-24,52,Female,Telangana,Beauty,1636.32,1,20.0,Wallet,1,4.2,Gold,Not Returned,8,62.22,Normal,Yes,Mobile,20.7,1458.3,2025,4,24,0,1636.32,327.26399999999995
ORD100401,2025-12-31,18,Female,Gujarat,Books,973.37,5,15.0,Net Banking,4,3.9,Regular,Not Returned,1,20.0,Eid,Yes,Tablet,14.8,4515.38,2025,12,31,0,4866.85,730.0275
ORD100402,2025-10-11,44,Female,Tamil Nadu,Fashion,787.3,4,5.0,Net Banking,5,4.3,Silver,Not Returned,3,73.82,Normal,Yes,Mobile,1.0,3339.2,2025,10,11,1,3149.2,157.46
ORD100403,2025-04-27,53,Female,Andhra Pradesh,Sports,1240.89,2,10.0,Wallet,5,3.7,Silver,Not Returned,5,88.7,Normal,No,Mobile,6.3,2274.13,2025,4,27,1,2481.78,248.17800000000003
ORD100404,2025-12-21,43,Female,West Bengal,Fashion,569.38,2,15.0,UPI,7,3.5,Silver,Returned,4,105.77,Sankranti,Yes,Mobile,14.1,417.41,2025,12,21,1,1138.76,170.81400000000002
ORD100405,2025-07-02,36,Female,West Bengal,Books,1585.73,4,30.0,Net Banking,2,4.4,Regular,Not Returned,1,51.12,Normal,Yes,Mobile,15.8,4572.89,2025,7,2,0,6342.92,1902.876
ORD100406,2025-07-02,56,Male,Telangana,Fashion,2503.58,2,15.0,Credit Card,1,4.4,Silver,Not Returned,1,96.23,Eid,Yes,Desktop,10.9,4754.66,2025,7,2,0,5007.16,751.074
ORD100407,2025-06-08,35,Female,Andhra Pradesh,Fashion,1139.78,2,0.0,Net Banking,7,3.6,Gold,Not Returned,3,96.22,Normal,Yes,Mobile,12.4,2651.41,2025,6,8,1,2279.56,0.0
ORD100408,2025-02-22,51,Male,Gujarat,Home & Kitchen,1051.9,3,15.0,Net Banking,9,3.6,Regular,Not Returned,5,90.905,Normal,Yes,Mobile,3.2,2862.4,2025,2,22,1,3155.7000000000003,473.3550000000001
ORD100409,2025-12-08,39,Male,Andhra Pradesh,Home & Kitchen,1529.68,2,5.0,Net Banking,2,3.9,Gold,Returned,3,79.26,Eid,Yes,Mobile,22.6,1165.56,2025,12,8,0,3059.36,152.96800000000002
ORD100410,2025-01-06,19,Female,Delhi,Fashion,321.04,2,25.0,Debit Card,4,3.6,Regular,Not Returned,5,105.5,Normal,Yes,Tablet,9.7,631.47,2025,1,6,0,642.08,160.52
ORD100411,2025-03-05,42,Female,Rajasthan,Beauty,1701.06,2,10.0,Cash on Delivery,7,5.0,Regular,Not Returned,4,100.1,Normal,Yes,Tablet,16.7,3268.61,2025,3,5,0,3402.12,340.212
ORD100412,2025-03-25,20,Other,Delhi,Electronics,9011.91,2,5.0,Debit Card,2,4.2,Regular,Not Returned,2,120.65,Diwali,No,Mobile,20.4,17681.29,2025,3,25,0,18023.82,901.191
ORD100413,2025-04-12,61,Male,Tamil Nadu,Books,1108.03,2,10.0,Cash on Delivery,9,4.0,Regular,Not Returned,1,61.3,Diwali,No,Mobile,5.1,2106.64,2025,4,12,1,2216.06,221.606
ORD100414,2025-02-18,46,Female,Telangana,Electronics,1110.59,1,5.0,Debit Card,3,3.3,Regular,Not Returned,3,20.0,Normal,No,Mobile,12.8,1060.9,2025,2,18,0,1110.59,55.5295
ORD100415,2025-01-07,35,Male,Gujarat,Home & Kitchen,1945.79,2,10.0,Debit Card,6,4.5,Regular,Not Returned,7,81.71,Normal,Yes,Mobile,13.7,3880.16,2025,1,7,0,3891.58,389.158
ORD100416,2025-09-05,40,Male,Andhra Pradesh,Books,3496.59,3,15.0,Credit Card,4,4.0,Regular,Not Returned,2,81.92,Normal,Yes,Tablet,10.5,7803.2,2025,9,5,0,10489.77,1573.4655000000002
ORD100417,2025-12-20,47,Male,Kerala,Electronics,2261.55,2,20.0,Debit Card,7,3.5,Silver,Returned,3,49.49,Normal,No,Desktop,17.6,1258.79,2025,12,20,1,4523.1,904.62
ORD100418,2025-02-14,30,Female,Maharashtra,Electronics,295.58,1,20.0,Net Banking,2,4.5,Regular,Returned,3,37.22,Normal,Yes,Desktop,8.0,84.24,2025,2,14,0,295.58,59.11599999999999
ORD100419,2025-04-19,31,Male,Delhi,Sports,1730.71,1,10.0,Wallet,1,4.3,Gold,Not Returned,9,69.89,Normal,No,Mobile,12.3,1591.24,2025,4,19,1,1730.71,173.071
ORD100420,2025-07-04,37,Female,Tamil Nadu,Electronics,6385.8,1,0.0,UPI,6,2.2,Gold,Not Returned,1,85.98,Sankranti,Yes,Desktop,9.8,7020.29,2025,7,4,0,6385.8,0.0
ORD100421,2025-12-05,30,Male,Delhi,Books,1798.42,3,10.0,Credit Card,9,3.9,Regular,Not Returned,8,93.34,Diwali,Yes,Tablet,26.0,5389.03,2025,12,5,0,5395.26,539.5260000000001
ORD100422,2025-09-11,53,Male,Gujarat,Home & Kitchen,566.56,2,10.0,Cash on Delivery,7,4.1,Regular,Not Returned,2,20.0,Normal,No,Tablet,8.0,1009.31,2025,9,11,0,1133.12,113.31199999999998
ORD100423,2025-10-07,22,Female,Tamil Nadu,Books,1441.25,1,5.0,Net Banking,8,3.8,Regular,Not Returned,2,28.63,Normal,No,Mobile,16.5,1363.4,2025,10,7,0,1441.25,72.0625
ORD100424,2025-08-01,56,Male,Karnataka,Fashion,521.98,3,25.0,Credit Card,5,4.1,Gold,Not Returned,3,129.53,Normal,Yes,Mobile,22.8,1279.85,2025,8,1,0,1565.94,391.485
ORD100425,2025-06-02,34,Female,Andhra Pradesh,Electronics,2674.18,1,30.0,Credit Card,2,2.7,Regular,Not Returned,8,83.36,Normal,No,Tablet,6.5,1930.24,2025,6,2,0,2674.18,802.2539999999999
ORD100426,2025-03-14,44,Female,Maharashtra,Books,644.68,1,0.0,UPI,5,2.0,Regular,Not Returned,2,89.91,Eid,No,Mobile,12.6,721.76,2025,3,14,0,644.68,0.0
ORD100427,2025-11-12,25,Male,Tamil Nadu,Sports,1259.33,3,20.0,UPI,10,3.3,Platinum,Not Returned,3,43.34,Normal,No,Mobile,6.1,3734.21,2025,11,12,0,3777.99,755.5979999999998
ORD100428,2025-10-21,36,Female,Telangana,Books,687.13,2,15.0,UPI,8,4.2,Regular,Not Returned,6,89.85,Christmas,No,Mobile,1.0,1500.72,2025,10,21,0,1374.26,206.139
ORD100429,2025-01-10,53,Female,Kerala,Fashion,841.25,3,5.0,Net Banking,8,1.7,Regular,Not Returned,3,76.85,Diwali,No,Mobile,7.3,2596.5,2025,1,10,0,2523.75,126.1875
ORD100430,2025-09-19,30,Female,Kerala,Home & Kitchen,3152.89,3,15.0,Wallet,4,3.4,Gold,Not Returned,6,68.35,Holi,Yes,Desktop,8.6,8738.83,2025,9,19,0,9458.67,1418.8004999999998
ORD100431,2025-01-31,24,Female,Andhra Pradesh,Beauty,1283.47,4,5.0,Debit Card,6,2.7,Gold,Not Returned,5,38.84,Christmas,Yes,Tablet,8.9,5972.26,2025,1,31,0,5133.88,256.694
ORD100432,2025-09-27,42,Female,Telangana,Home & Kitchen,834.3,1,0.0,Credit Card,7,3.8,Regular,Not Returned,4,59.6,Holi,No,Tablet,10.2,999.72,2025,9,27,1,834.3,0.0
ORD100433,2025-10-29,25,Female,Andhra Pradesh,Fashion,570.02,3,30.0,Wallet,7,5.0,Regular,Not Returned,8,159.02,Diwali,Yes,Mobile,12.0,1629.29,2025,10,29,0,1710.06,513.0179999999999
ORD100434,2025-02-17,32,Male,Gujarat,Home & Kitchen,355.48,3,15.0,Credit Card,9,3.8,Regular,Not Returned,4,77.77,Normal,No,Tablet,4.8,1110.68,2025,2,17,0,1066.44,159.966
ORD100435,2025-06-08,39,Female,Karnataka,Beauty,532.05,1,5.0,UPI,7,3.9,Regular,Not Returned,2,117.64,Diwali,No,Mobile,14.1,591.1,2025,6,8,1,532.05,26.6025
ORD100436,2025-02-15,44,Female,Andhra Pradesh,Electronics,1290.58,4,10.0,UPI,3,4.6,Regular,Not Returned,3,90.905,Normal,Yes,Mobile,19.3,5057.99,2025,2,15,1,5162.32,516.232
ORD100437,2025-07-27,48,Female,Telangana,Home & Kitchen,2269.3,2,30.0,Debit Card,3,4.0,Regular,Not Returned,7,79.08,Normal,No,Mobile,20.0,3212.63,2025,7,27,1,4538.6,1361.58
ORD100438,2025-12-05,49,Female,Rajasthan,Fashion,833.68,4,10.0,Net Banking,7,3.8,Silver,Not Returned,7,67.74,Christmas,Yes,Desktop,10.4,3526.42,2025,12,5,0,3334.72,333.472
ORD100439,2025-01-30,57,Male,Tamil Nadu,Electronics,3330.67,2,25.0,Debit Card,9,4.6,Silver,Not Returned,5,137.1,Diwali,Yes,Tablet,17.4,5976.56,2025,1,30,0,6661.34,1665.335
ORD100440,2025-05-26,21,Female,Gujarat,Electronics,752.73,2,25.0,Debit Card,10,4.3,Platinum,Not Returned,3,103.06,Normal,No,Desktop,7.9,1440.95,2025,5,26,0,1505.46,376.365
ORD100441,2025-12-22,35,Other,Maharashtra,Home & Kitchen,1028.0,1,10.0,Debit Card,7,4.2,Gold,Not Returned,2,62.36,Christmas,No,Tablet,9.9,1209.72,2025,12,22,0,1028.0,102.8
ORD100442,2025-04-20,18,Male,Telangana,Electronics,594.88,4,15.0,Wallet,6,3.9,Regular,Not Returned,5,76.21,Normal,No,Mobile,14.4,2028.25,2025,4,20,1,2379.52,356.92800000000005
ORD100443,2025-02-18,18,Male,Karnataka,Home & Kitchen,2284.89,2,15.0,Net Banking,9,3.8,Regular,Not Returned,5,127.66,Christmas,No,Desktop,10.0,4085.2,2025,2,18,0,4569.78,685.467
ORD100444,2025-06-28,27,Female,Andhra Pradesh,Beauty,4691.27,1,20.0,Cash on Delivery,10,4.6,Silver,Not Returned,4,20.0,Sankranti,Yes,Mobile,4.4,4496.0,2025,6,28,1,4691.27,938.2540000000001
ORD100445,2025-07-05,46,Male,Delhi,Books,381.8,1,10.0,Debit Card,1,3.8,Regular,Not Returned,4,100.87,Normal,No,Desktop,17.0,421.24,2025,7,5,1,381.8,38.18
ORD100446,2025-08-30,60,Female,Karnataka,Electronics,958.21,3,0.0,Cash on Delivery,4,4.9,Regular,Not Returned,6,108.82,Normal,No,Desktop,7.0,3316.65,2025,8,30,1,2874.63,0.0
ORD100447,2025-04-25,54,Male,Maharashtra,Home & Kitchen,2730.35,1,5.0,Wallet,4,3.3,Silver,Not Returned,6,63.76,Eid,No,Mobile,8.9,2820.72,2025,4,25,0,2730.35,136.5175
ORD100448,2025-12-15,48,Male,Telangana,Electronics,468.51,2,15.0,Cash on Delivery,6,5.0,Regular,Not Returned,7,95.41,Normal,No,Mobile,18.3,871.5,2025,12,15,0,937.02,140.553
ORD100449,2025-07-10,54,Female,West Bengal,Home & Kitchen,1734.41,3,20.0,Net Banking,3,4.3,Regular,Not Returned,1,107.58,Eid,Yes,Mobile,15.2,4559.09,2025,7,10,0,5203.2300000000005,1040.646
ORD100450,2025-04-15,26,Female,Tamil Nadu,Home & Kitchen,2654.56,1,20.0,UPI,4,3.3,Regular,Not Returned,5,46.91,Normal,No,Desktop,13.1,1969.86,2025,4,15,0,2654.56,530.9119999999999
ORD100451,2025-12-17,57,Female,Kerala,Sports,1262.6,2,15.0,Wallet,1,4.4,Platinum,Not Returned,9,119.47,Normal,Yes,Mobile,3.2,2303.58,2025,12,17,0,2525.2,378.78
ORD100452,2025-12-04,59,Female,West Bengal,Home & Kitchen,1715.99,1,0.0,Wallet,1,3.5,Silver,Not Returned,2,100.41,Diwali,No,Mobile,5.0,2131.13,2025,12,4,0,1715.99,0.0
ORD100453,2025-07-02,22,Female,Delhi,Books,3769.37,4,0.0,Net Banking,5,4.0,Regular,Not Returned,1,90.905,Normal,Yes,Tablet,14.4,13597.36,2025,7,2,0,15077.48,0.0
ORD100454,2025-01-10,40,Female,Gujarat,Electronics,4258.0,4,20.0,Wallet,10,3.7,Regular,Not Returned,5,93.67,Normal,Yes,Mobile,15.8,15793.35,2025,1,10,0,17032.0,3406.4
ORD100455,2025-08-06,57,Female,West Bengal,Electronics,1152.63,1,15.0,Cash on Delivery,3,3.9,Gold,Not Returned,3,114.75,Diwali,Yes,Mobile,13.5,1257.64,2025,8,6,0,1152.63,172.8945
ORD100456,2025-07-22,40,Female,Telangana,Electronics,848.98,2,20.0,Credit Card,3,4.7,Regular,Not Returned,1,171.06,Normal,No,Desktop,9.2,1434.97,2025,7,22,0,1697.96,339.592
ORD100457,2025-02-24,57,Female,Rajasthan,Home & Kitchen,659.9,2,5.0,Cash on Delivery,3,4.4,Silver,Not Returned,3,111.35,Normal,Yes,Mobile,9.0,1441.57,2025,2,24,0,1319.8,65.99
ORD100458,2025-08-20,61,Male,Kerala,Fashion,2264.49,5,10.0,Cash on Delivery,10,3.2,Silver,Not Returned,1,118.37,Holi,Yes,Mobile,13.3,9773.38,2025,8,20,0,11322.449999999999,1132.245
ORD100459,2025-11-03,40,Male,Maharashtra,Electronics,491.97,2,25.0,UPI,7,3.3,Silver,Not Returned,7,96.77,Normal,No,Desktop,4.5,842.56,2025,11,3,0,983.94,245.985
ORD100460,2025-02-08,20,Female,Tamil Nadu,Fashion,1018.31,2,5.0,Credit Card,7,4.2,Regular,Not Returned,1,156.56,Sankranti,Yes,Mobile,12.6,2230.83,2025,2,8,1,2036.62,101.83099999999999
ORD100461,2025-09-22,33,Female,Delhi,Books,1282.83,4,0.0,Credit Card,2,4.2,Gold,Not Returned,2,38.69,Normal,No,Mobile,3.7,5111.64,2025,9,22,0,5131.32,0.0
ORD100462,2025-02-21,28,Female,Rajasthan,Sports,865.34,1,15.0,Cash on Delivery,10,4.0,Regular,Not Returned,4,29.19,Diwali,No,Mobile,5.7,794.6,2025,2,21,0,865.34,129.80100000000002
ORD100463,2025-10-01,40,Male,Gujarat,Electronics,1439.37,2,15.0,UPI,2,5.0,Regular,Not Returned,7,95.36,Normal,No,Desktop,13.1,2775.06,2025,10,1,0,2878.74,431.811
ORD100464,2025-06-02,45,Female,Andhra Pradesh,Books,6355.08,1,30.0,Net Banking,10,4.6,Regular,Not Returned,2,113.1,Eid,No,Mobile,15.5,4980.76,2025,6,2,0,6355.08,1906.524
ORD100465,2025-01-03,39,Male,Maharashtra,Fashion,1108.8,2,25.0,UPI,10,3.6,Regular,Returned,3,90.905,Normal,No,Desktop,14.1,603.24,2025,1,3,0,2217.6,554.4
ORD100466,2025-12-19,27,Female,Delhi,Home & Kitchen,904.21,1,20.0,Wallet,6,3.5,Regular,Not Returned,8,89.88,Eid,No,Mobile,5.3,836.84,2025,12,19,0,904.21,180.842
ORD100467,2025-03-02,32,Female,Karnataka,Fashion,2321.67,5,0.0,Net Banking,9,3.8,Gold,Not Returned,1,83.68,Holi,No,Mobile,1.0,12438.46,2025,3,2,1,11608.35,0.0
ORD100468,2025-08-06,49,Female,Delhi,Home & Kitchen,1402.21,2,10.0,Debit Card,10,3.8,Gold,Not Returned,9,116.05,Sankranti,Yes,Mobile,12.0,3006.69,2025,8,6,0,2804.42,280.442
ORD100469,2025-03-08,19,Female,Delhi,Sports,3058.39,1,25.0,Debit Card,6,4.9,Regular,Not Returned,5,105.01,Normal,No,Mobile,1.0,2045.08,2025,3,8,1,3058.39,764.5975
ORD100470,2025-12-07,28,Male,Andhra Pradesh,Sports,1335.58,3,10.0,Net Banking,8,4.7,Gold,Returned,4,26.71,Normal,Yes,Desktop,17.7,1270.94,2025,12,7,1,4006.74,400.6739999999999
ORD100471,2025-09-27,59,Male,Kerala,Beauty,1021.07,3,30.0,UPI,6,4.0,Platinum,Not Returned,4,52.2,Normal,No,Mobile,5.5,2275.15,2025,9,27,1,3063.21,918.9630000000001
ORD100472,2025-10-21,22,Female,Telangana,Beauty,376.4,3,15.0,Net Banking,6,4.5,Regular,Not Returned,4,61.76,Diwali,No,Mobile,25.4,968.34,2025,10,21,0,1129.1999999999998,169.37999999999997
ORD100473,2025-06-07,37,Female,Maharashtra,Sports,418.74,3,0.0,Cash on Delivery,4,4.6,Silver,Not Returned,6,115.86,Normal,No,Desktop,6.2,1468.29,2025,6,7,1,1256.22,0.0
ORD100474,2025-06-20,27,Female,Karnataka,Fashion,363.9,1,10.0,Credit Card,7,4.0,Platinum,Not Returned,5,103.11,Normal,No,Mobile,14.8,478.52,2025,6,20,0,363.9,36.39
ORD100475,2025-08-20,22,Male,West Bengal,Home & Kitchen,1535.56,2,15.0,Wallet,3,4.3,Gold,Not Returned,4,68.27,Normal,No,Desktop,7.6,2759.67,2025,8,20,0,3071.12,460.66799999999995
ORD100476,2025-10-14,37,Male,West Bengal,Electronics,495.03,1,0.0,Cash on Delivery,2,4.4,Regular,Not Returned,2,95.06,Normal,Yes,Mobile,11.0,613.85,2025,10,14,0,495.03,0.0
ORD100477,2025-11-06,42,Male,Maharashtra,Sports,2714.06,1,10.0,UPI,3,4.0,Gold,Not Returned,7,52.97,Normal,No,Desktop,13.1,2406.87,2025,11,6,0,2714.06,271.406
ORD100478,2025-01-07,26,Male,Kerala,Home & Kitchen,1223.83,4,20.0,Cash on Delivery,1,3.5,Silver,Not Returned,2,161.74,Normal,No,Mobile,17.2,3861.73,2025,1,7,0,4895.32,979.064
ORD100479,2025-08-31,21,Male,Gujarat,Beauty,1023.88,3,5.0,Debit Card,10,3.5,Regular,Not Returned,4,110.1,Normal,No,Mobile,18.1,3231.16,2025,8,31,1,3071.64,153.582
ORD100480,2025-02-09,24,Female,Gujarat,Beauty,693.38,1,10.0,Net Banking,3,3.8,Regular,Not Returned,2,117.52,Normal,Yes,Desktop,16.4,843.07,2025,2,9,1,693.38,69.33800000000001
ORD100481,2025-04-16,48,Female,Gujarat,Fashion,1798.21,1,15.0,Debit Card,8,3.5,Regular,Not Returned,4,138.19,Normal,No,Mobile,18.2,1735.09,2025,4,16,0,1798.21,269.73150000000004
ORD100482,2025-10-30,58,Male,Delhi,Electronics,711.34,4,20.0,Wallet,5,3.0,Regular,Not Returned,5,125.57,Diwali,Yes,Desktop,8.3,2667.4,2025,10,30,0,2845.36,569.072
ORD100483,2025-04-02,26,Male,Rajasthan,Books,632.44,1,15.0,Wallet,4,4.5,Regular,Not Returned,5,91.1,Eid,No,Desktop,15.9,655.26,2025,4,2,0,632.44,94.866
ORD100484,2025-10-18,33,Male,West Bengal,Fashion,2598.02,1,30.0,UPI,3,4.2,Regular,Not Returned,1,83.53,Normal,Yes,Desktop,10.0,1838.36,2025,10,18,1,2598.02,779.4060000000001
ORD100485,2025-06-18,34,Female,Telangana,Electronics,1511.08,1,25.0,Debit Card,9,3.1,Gold,Not Returned,3,135.09,Sankranti,No,Mobile,17.9,1485.75,2025,6,18,0,1511.08,377.77
ORD100486,2025-03-26,34,Male,Maharashtra,Fashion,1030.06,1,10.0,Credit Card,6,3.8,Silver,Not Returned,7,90.93,Normal,No,Tablet,12.7,1134.89,2025,3,26,0,1030.06,103.00599999999999
ORD100487,2025-05-02,29,Female,Maharashtra,Books,1820.76,1,5.0,Debit Card,5,3.9,Regular,Returned,4,63.78,Diwali,Yes,Tablet,15.7,695.29,2025,5,2,0,1820.76,91.038
ORD100488,2025-07-13,20,Female,Kerala,Fashion,1206.99,5,20.0,UPI,7,4.1,Regular,Not Returned,4,158.83,Normal,No,Mobile,13.7,5273.42,2025,7,13,1,6034.95,1206.99
ORD100489,2025-10-07,42,Male,Kerala,Books,1539.23,1,5.0,Cash on Delivery,9,3.2,Regular,Not Returned,3,57.24,Christmas,Yes,Mobile,16.6,1550.85,2025,10,7,0,1539.23,76.9615
ORD100490,2025-08-10,34,Female,Delhi,Home & Kitchen,705.65,2,20.0,UPI,7,3.1,Regular,Not Returned,2,29.29,Sankranti,Yes,Tablet,7.2,1297.3,2025,8,10,1,1411.3,282.26
ORD100491,2025-12-07,34,Female,Maharashtra,Books,4609.32,3,15.0,Cash on Delivery,5,4.4,Silver,Not Returned,1,124.75,Sankranti,No,Mobile,2.6,12681.41,2025,12,7,1,13827.96,2074.194
ORD100492,2025-11-13,30,Male,Tamil Nadu,Beauty,823.3,2,10.0,Debit Card,9,2.9,Regular,Not Returned,1,64.41,Normal,No,Mobile,17.9,1559.35,2025,11,13,0,1646.6,164.66
ORD100493,2025-10-02,61,Male,Maharashtra,Electronics,3299.37,3,15.0,Wallet,9,3.8,Platinum,Not Returned,3,105.23,Christmas,No,Tablet,20.1,10684.86,2025,10,2,0,9898.11,1484.7165000000002
ORD100494,2025-08-09,46,Female,West Bengal,Beauty,1061.37,2,15.0,Wallet,10,3.8,Regular,Not Returned,5,153.6,Normal,Yes,Mobile,11.3,1895.52,2025,8,9,1,2122.74,318.411
ORD100495,2025-04-16,37,Female,Karnataka,Home & Kitchen,2027.77,2,25.0,Cash on Delivery,1,3.9,Regular,Returned,5,41.88,Normal,Yes,Tablet,16.9,1013.38,2025,4,16,0,4055.54,1013.885
ORD100496,2025-05-31,27,Female,Andhra Pradesh,Fashion,1933.95,2,5.0,Debit Card,9,4.2,Gold,Returned,6,88.57,Holi,No,Mobile,2.2,1555.13,2025,5,31,1,3867.9,193.395
ORD100497,2025-02-13,55,Female,Rajasthan,Beauty,2528.88,3,25.0,Net Banking,2,5.0,Regular,Not Returned,4,141.92,Diwali,No,Mobile,8.3,6247.52,2025,2,13,0,7586.64,1896.66
ORD100498,2025-05-17,59,Male,Telangana,Electronics,694.83,3,0.0,Net Banking,7,2.9,Regular,Not Returned,3,113.87,Holi,No,Mobile,12.5,2393.62,2025,5,17,1,2084.4900000000002,0.0
ORD100499,2025-12-05,19,Female,Gujarat,Sports,2414.48,3,20.0,UPI,7,4.6,Regular,Not Returned,6,83.71,Sankranti,No,Mobile,1.6,6599.06,2025,12,5,0,7243.4400000000005,1448.688
ORD100500,2025-06-05,61,Female,West Bengal,Sports,3984.88,1,25.0,Debit Card,3,2.2,Silver,Not Returned,6,173.63,Sankranti,No,Tablet,2.8,3793.65,2025,6,5,0,3984.88,996.22
ORD100501,2025-02-11,50,Male,Tamil Nadu,Electronics,1014.27,2,10.0,Wallet,1,5.0,Regular,Not Returned,3,86.66,Normal,Yes,Desktop,12.9,1988.45,2025,2,11,0,2028.54,202.854
ORD100502,2025-08-26,22,Female,Karnataka,Home & Kitchen,1227.38,3,0.0,Credit Card,10,2.6,Gold,Not Returned,5,103.89,Normal,No,Tablet,8.4,4180.35,2025,8,26,0,3682.1400000000003,0.0
ORD100503,2025-12-18,53,Female,Tamil Nadu,Beauty,853.92,1,20.0,UPI,9,5.0,Silver,Not Returned,4,147.73,Normal,No,Mobile,9.9,830.1,2025,12,18,0,853.92,170.784
ORD100504,2025-11-13,23,Female,Telangana,Electronics,958.04,4,20.0,Wallet,2,3.7,Gold,Not Returned,6,124.33,Diwali,Yes,Tablet,9.6,3609.71,2025,11,13,0,3832.16,766.432
ORD100505,2025-04-11,20,Male,Telangana,Home & Kitchen,3650.07,1,10.0,Wallet,7,4.9,Silver,Not Returned,3,136.26,Sankranti,Yes,Desktop,4.3,3909.67,2025,4,11,0,3650.07,365.00700000000006
ORD100506,2025-06-15,23,Male,Telangana,Fashion,624.73,1,15.0,Cash on Delivery,2,4.8,Gold,Not Returned,4,58.52,Normal,No,Mobile,10.7,617.06,2025,6,15,1,624.73,93.7095
ORD100507,2025-07-13,39,Female,Maharashtra,Electronics,650.47,4,20.0,Cash on Delivery,6,3.7,Silver,Not Returned,5,90.905,Sankranti,No,Mobile,11.9,2529.97,2025,7,13,1,2601.88,520.3760000000001
ORD100508,2025-04-01,47,Female,Kerala,Sports,3419.2,1,5.0,Debit Card,4,3.7,Regular,Not Returned,3,95.94,Normal,Yes,Mobile,8.5,3180.53,2025,4,1,0,3419.2,170.96
ORD100509,2025-04-09,37,Female,Andhra Pradesh,Home & Kitchen,1800.88,2,15.0,Debit Card,8,3.4,Silver,Not Returned,5,63.9,Normal,Yes,Mobile,9.0,3591.81,2025,4,9,0,3601.76,540.264
ORD100510,2025-03-28,23,Female,West Bengal,Sports,4761.5,1,10.0,Wallet,6,4.6,Silver,Not Returned,4,97.77,Christmas,No,Tablet,10.8,4932.44,2025,3,28,0,4761.5,476.15
ORD100511,2025-12-30,27,Male,Gujarat,Beauty,895.42,4,5.0,Wallet,5,3.7,Regular,Not Returned,6,96.66,Normal,No,Tablet,16.9,3526.13,2025,12,30,0,3581.68,179.08399999999997
ORD100512,2025-09-30,58,Male,Andhra Pradesh,Books,1302.65,2,20.0,Debit Card,7,3.4,Silver,Not Returned,5,155.38,Normal,No,Mobile,11.4,2240.01,2025,9,30,0,2605.3,521.06
ORD100513,2025-11-03,63,Male,West Bengal,Books,781.05,3,10.0,Credit Card,5,4.4,Regular,Not Returned,0,103.35,Sankranti,No,Mobile,1.0,2663.39,2025,11,3,0,2343.1499999999996,234.31499999999997
ORD100514,2025-10-26,53,Male,Andhra Pradesh,Beauty,1317.15,3,25.0,Credit Card,1,3.4,Silver,Not Returned,0,62.67,Normal,No,Mobile,11.8,2882.65,2025,10,26,1,3951.4500000000003,987.8625
ORD100515,2025-12-17,22,Male,Kerala,Home & Kitchen,378.76,2,15.0,UPI,6,3.8,Regular,Not Returned,7,54.6,Normal,No,Desktop,17.6,669.03,2025,12,17,0,757.52,113.62799999999999
ORD100516,2025-02-08,56,Female,Maharashtra,Home & Kitchen,1873.0,4,15.0,Debit Card,8,4.1,Regular,Not Returned,5,88.34,Sankranti,Yes,Mobile,7.9,7330.19,2025,2,8,1,7492.0,1123.8
ORD100517,2025-11-18,50,Male,Kerala,Sports,1480.8,3,10.0,Cash on Delivery,5,3.6,Regular,Not Returned,4,42.88,Normal,No,Mobile,11.5,4099.15,2025,11,18,0,4442.4,444.24
ORD100518,2025-01-25,42,Male,Rajasthan,Home & Kitchen,1155.94,2,10.0,Net Banking,2,3.7,Regular,Not Returned,7,64.96,Christmas,No,Mobile,23.5,2237.11,2025,1,25,1,2311.88,231.18800000000002
ORD100519,2025-06-23,24,Female,Rajasthan,Beauty,931.08,5,20.0,Net Banking,1,5.0,Regular,Not Returned,5,81.45,Christmas,No,Tablet,15.8,3975.07,2025,6,23,0,4655.400000000001,931.0800000000002
ORD100520,2025-08-05,64,Male,Tamil Nadu,Fashion,670.81,2,15.0,Debit Card,3,3.9,Regular,Not Returned,1,75.23,Normal,No,Mobile,1.0,1194.39,2025,8,5,0,1341.62,201.243
ORD100521,2025-05-11,38,Male,Kerala,Books,1925.79,1,20.0,Credit Card,8,3.7,Silver,Not Returned,4,115.44,Eid,Yes,Mobile,20.7,1853.5,2025,5,11,1,1925.79,385.158
ORD100522,2025-02-23,20,Female,Rajasthan,Beauty,560.52,1,10.0,Wallet,4,3.9,Regular,Not Returned,2,64.18,Normal,Yes,Mobile,12.9,621.66,2025,2,23,1,560.52,56.052
ORD100523,2025-03-12,27,Male,Delhi,Fashion,1673.73,2,5.0,Net Banking,10,4.3,Platinum,Not Returned,2,20.0,Normal,No,Tablet,14.2,3714.23,2025,3,12,0,3347.46,167.373
ORD100524,2025-10-29,36,Female,West Bengal,Beauty,4621.48,1,0.0,Cash on Delivery,4,3.3,Gold,Not Returned,6,31.0,Diwali,Yes,Desktop,13.8,5706.52,2025,10,29,0,4621.48,0.0
ORD100525,2025-04-27,20,Female,Maharashtra,Home & Kitchen,3151.6,2,20.0,UPI,5,4.3,Regular,Not Returned,2,89.38,Normal,Yes,Desktop,17.5,4998.22,2025,4,27,1,6303.2,1260.64
ORD100526,2025-04-24,33,Male,Tamil Nadu,Electronics,451.12,1,10.0,Debit Card,8,4.2,Regular,Returned,3,69.46,Normal,No,Desktop,11.5,176.73,2025,4,24,0,451.12,45.111999999999995
ORD100527,2025-12-04,40,Female,Kerala,Books,846.57,2,10.0,Cash on Delivery,7,2.7,Regular,Not Returned,5,46.72,Normal,Yes,Mobile,3.1,1424.03,2025,12,4,0,1693.14,169.31400000000002
ORD100528,2025-02-22,62,Female,West Bengal,Books,1578.17,1,10.0,Wallet,1,5.0,Regular,Not Returned,7,158.55,Normal,No,Desktop,13.9,1596.16,2025,2,22,1,1578.17,157.817
ORD100529,2025-12-01,22,Female,Rajasthan,Books,1146.41,3,10.0,Cash on Delivery,1,5.0,Regular,Not Returned,6,119.01,Normal,Yes,Desktop,3.7,3237.07,2025,12,1,0,3439.2300000000005,343.923
ORD100530,2025-12-03,45,Female,Gujarat,Home & Kitchen,483.22,1,15.0,Debit Card,2,3.4,Silver,Not Returned,6,87.96,Normal,Yes,Mobile,22.9,569.79,2025,12,3,0,483.22,72.483
ORD100531,2025-08-07,61,Female,Delhi,Fashion,1541.53,1,15.0,Debit Card,9,3.2,Silver,Not Returned,2,98.17,Eid,Yes,Desktop,9.8,1713.21,2025,8,7,0,1541.53,231.2295
ORD100532,2025-03-02,55,Female,Kerala,Electronics,1192.21,2,30.0,Debit Card,1,4.2,Regular,Not Returned,3,80.72,Christmas,Yes,Mobile,11.7,1860.5,2025,3,2,1,2384.42,715.326
ORD100533,2025-02-26,61,Female,Karnataka,Sports,4164.65,2,5.0,UPI,1,3.0,Silver,Not Returned,4,46.12,Normal,No,Desktop,7.9,7795.8,2025,2,26,0,8329.3,416.465
ORD100534,2025-04-14,26,Male,Maharashtra,Fashion,1017.88,2,15.0,UPI,8,5.0,Regular,Not Returned,7,126.08,Normal,No,Mobile,14.0,1768.51,2025,4,14,0,2035.76,305.36400000000003
ORD100535,2025-07-30,55,Female,Maharashtra,Books,2563.89,2,0.0,Net Banking,7,3.7,Gold,Not Returned,6,119.8,Normal,No,Mobile,14.7,5515.65,2025,7,30,0,5127.78,0.0
ORD100536,2025-02-26,63,Female,West Bengal,Books,526.61,1,20.0,Debit Card,10,5.0,Platinum,Not Returned,2,20.79,Normal,No,Desktop,7.9,533.8,2025,2,26,0,526.61,105.322
ORD100537,2025-06-16,33,Female,Kerala,Electronics,615.15,4,15.0,Wallet,3,3.4,Regular,Not Returned,6,97.93,Diwali,No,Mobile,14.7,2423.46,2025,6,16,0,2460.6,369.09
ORD100538,2025-02-12,41,Male,Delhi,Books,1918.23,2,10.0,Debit Card,7,3.9,Gold,Not Returned,9,101.79,Holi,No,Mobile,12.4,4235.37,2025,2,12,0,3836.46,383.64599999999996
ORD100539,2025-07-17,42,Male,Andhra Pradesh,Electronics,2427.22,1,20.0,Wallet,2,4.9,Gold,Not Returned,3,90.905,Normal,No,Mobile,11.4,2267.18,2025,7,17,0,2427.22,485.44399999999996
ORD100540,2025-01-08,41,Female,Delhi,Home & Kitchen,644.05,3,10.0,Credit Card,6,3.8,Regular,Not Returned,5,163.4,Christmas,No,Desktop,7.5,1931.97,2025,1,8,0,1932.1499999999999,193.215
ORD100541,2025-09-16,31,Female,Kerala,Home & Kitchen,1218.93,2,5.0,Credit Card,2,4.2,Regular,Not Returned,2,159.61,Christmas,Yes,Tablet,25.9,2559.88,2025,9,16,0,2437.86,121.89300000000001
ORD100542,2025-01-21,63,Male,Rajasthan,Books,488.85,2,10.0,Cash on Delivery,10,4.8,Gold,Not Returned,2,76.79,Normal,No,Desktop,19.1,1055.64,2025,1,21,0,977.7,97.77
ORD100543,2025-03-13,62,Male,Maharashtra,Beauty,1066.66,2,0.0,Net Banking,5,3.6,Regular,Not Returned,4,82.2,Christmas,No,Mobile,16.4,2280.94,2025,3,13,0,2133.32,0.0
ORD100544,2025-03-05,35,Male,Maharashtra,Books,2067.46,2,25.0,UPI,3,3.1,Regular,Not Returned,2,78.09,Normal,No,Desktop,18.8,2888.11,2025,3,5,0,4134.92,1033.73
ORD100545,2025-10-31,55,Female,Telangana,Beauty,904.47,2,20.0,Cash on Delivery,10,4.0,Silver,Not Returned,2,68.6,Eid,No,Mobile,13.8,1576.6,2025,10,31,0,1808.94,361.788
ORD100546,2025-01-20,36,Male,West Bengal,Sports,1020.66,1,20.0,Credit Card,1,4.4,Regular,Not Returned,3,57.77,Diwali,No,Mobile,9.9,1003.98,2025,1,20,0,1020.66,204.132
ORD100547,2025-06-06,55,Female,Delhi,Books,575.77,1,25.0,Net Banking,8,4.3,Regular,Not Returned,4,107.74,Normal,No,Mobile,1.0,527.46,2025,6,6,0,575.77,143.9425
ORD100548,2025-08-04,45,Male,West Bengal,Books,787.33,5,20.0,Cash on Delivery,6,4.7,Platinum,Not Returned,4,158.65,Normal,No,Mobile,4.7,3755.13,2025,8,4,0,3936.65,787.33
ORD100549,2025-07-08,40,Male,Andhra Pradesh,Home & Kitchen,3762.54,2,10.0,Cash on Delivery,7,3.8,Regular,Not Returned,2,144.25,Normal,No,Mobile,25.0,6488.31,2025,7,8,0,7525.08,752.508
ORD100550,2025-09-06,24,Male,Tamil Nadu,Home & Kitchen,1258.25,2,0.0,Credit Card,3,3.0,Regular,Not Returned,1,117.62,Christmas,No,Mobile,19.0,2909.61,2025,9,6,1,2516.5,0.0
ORD100551,2025-10-21,48,Female,West Bengal,Books,625.52,1,10.0,Credit Card,9,2.4,Silver,Not Returned,6,20.0,Christmas,Yes,Mobile,13.2,638.0,2025,10,21,0,625.52,62.552
ORD100552,2025-05-24,33,Female,Andhra Pradesh,Sports,977.97,3,25.0,Cash on Delivery,5,5.0,Regular,Not Returned,3,24.74,Normal,No,Mobile,2.5,2284.74,2025,5,24,1,2933.91,733.4775
ORD100553,2025-10-30,28,Female,Kerala,Books,424.86,1,25.0,Debit Card,5,4.4,Silver,Not Returned,5,127.25,Christmas,No,Mobile,15.8,481.79,2025,10,30,0,424.86,106.215
ORD100554,2025-04-27,27,Female,Maharashtra,Beauty,620.72,1,20.0,Net Banking,5,4.1,Silver,Not Returned,2,146.68,Normal,Yes,Mobile,10.3,682.6,2025,4,27,1,620.72,124.14400000000002
ORD100555,2025-12-26,64,Male,Rajasthan,Books,2905.32,1,5.0,UPI,3,4.2,Regular,Not Returned,0,109.38,Normal,Yes,Mobile,16.2,2778.7,2025,12,26,0,2905.32,145.266
ORD100556,2025-07-04,22,Female,West Bengal,Sports,1093.85,3,5.0,Credit Card,4,3.0,Silver,Not Returned,1,79.3,Normal,No,Mobile,5.3,3276.81,2025,7,4,0,3281.5499999999997,164.0775
ORD100557,2025-09-26,55,Male,West Bengal,Sports,4101.27,2,25.0,UPI,2,3.4,Platinum,Returned,7,137.33,Holi,Yes,Mobile,9.1,2619.21,2025,9,26,0,8202.54,2050.635
ORD100558,2025-11-16,58,Male,Tamil Nadu,Fashion,1127.89,1,5.0,UPI,5,5.0,Gold,Not Returned,7,116.38,Diwali,Yes,Mobile,17.3,1374.87,2025,11,16,1,1127.89,56.39450000000001
ORD100559,2025-10-17,19,Male,Kerala,Beauty,1172.26,1,15.0,Credit Card,5,4.5,Regular,Not Returned,3,129.81,Normal,Yes,Mobile,23.6,1145.09,2025,10,17,0,1172.26,175.83900000000003
ORD100560,2025-11-07,45,Male,Delhi,Sports,1820.12,2,10.0,Debit Card,4,3.5,Regular,Not Returned,3,25.02,Diwali,Yes,Mobile,8.0,3459.47,2025,11,7,0,3640.24,364.02399999999994
ORD100561,2025-07-15,45,Female,Rajasthan,Sports,211.22,2,10.0,UPI,10,3.1,Regular,Returned,1,102.02,Christmas,No,Mobile,6.0,179.89,2025,7,15,0,422.44,42.244
ORD100562,2025-01-16,34,Female,Andhra Pradesh,Books,1370.99,3,15.0,UPI,2,3.6,Gold,Not Returned,1,152.11,Normal,No,Mobile,18.1,3947.18,2025,1,16,0,4112.97,616.9455
ORD100563,2025-06-29,49,Female,Rajasthan,Fashion,1162.39,1,30.0,Wallet,10,3.8,Gold,Not Returned,5,108.46,Normal,No,Mobile,4.4,1016.74,2025,6,29,1,1162.39,348.71700000000004
ORD100564,2025-03-08,37,Female,Karnataka,Fashion,3152.66,3,20.0,Cash on Delivery,9,5.0,Regular,Not Returned,2,123.19,Normal,Yes,Mobile,4.9,7654.47,2025,3,8,1,9457.98,1891.5959999999998
ORD100565,2025-11-21,38,Female,Telangana,Books,2246.48,4,10.0,Net Banking,1,3.9,Gold,Not Returned,6,91.27,Normal,No,Desktop,13.6,8285.34,2025,11,21,0,8985.92,898.592
ORD100566,2025-03-28,38,Male,Gujarat,Books,574.31,2,10.0,Net Banking,8,3.2,Regular,Not Returned,3,93.71,Normal,Yes,Mobile,24.5,1133.32,2025,3,28,0,1148.62,114.862
ORD100567,2025-03-25,55,Male,Delhi,Fashion,2690.46,1,25.0,UPI,3,4.0,Regular,Returned,2,139.09,Holi,No,Mobile,6.9,848.11,2025,3,25,0,2690.46,672.615
ORD100568,2025-04-02,47,Male,Telangana,Home & Kitchen,1011.89,2,15.0,Cash on Delivery,1,4.2,Silver,Not Returned,2,66.56,Normal,No,Mobile,9.8,1693.17,2025,4,2,0,2023.78,303.567
ORD100569,2025-08-23,35,Female,Andhra Pradesh,Books,666.59,1,10.0,Wallet,9,3.1,Regular,Not Returned,4,63.13,Holi,No,Desktop,12.7,659.33,2025,8,23,1,666.59,66.659
ORD100570,2025-07-28,61,Other,West Bengal,Fashion,1364.02,1,15.0,Debit Card,2,4.3,Silver,Not Returned,2,73.26,Eid,No,Mobile,9.2,1316.75,2025,7,28,0,1364.02,204.60299999999998
ORD100571,2025-12-13,55,Male,Rajasthan,Sports,1051.82,1,5.0,Wallet,3,4.8,Regular,Returned,6,90.82,Normal,No,Mobile,1.4,377.11,2025,12,13,1,1051.82,52.590999999999994
ORD100572,2025-06-01,61,Female,Telangana,Electronics,3261.95,4,0.0,Wallet,1,4.1,Gold,Not Returned,4,33.65,Normal,No,Mobile,16.8,12152.12,2025,6,1,1,13047.8,0.0
ORD100573,2025-04-14,52,Female,Rajasthan,Fashion,1497.39,2,20.0,Cash on Delivery,2,3.4,Platinum,Not Returned,6,115.59,Normal,No,Mobile,13.1,2909.67,2025,4,14,0,2994.78,598.956
ORD100574,2025-01-18,36,Female,Rajasthan,Sports,1371.63,4,15.0,UPI,1,3.6,Regular,Not Returned,4,84.25,Sankranti,No,Desktop,14.2,5071.46,2025,1,18,1,5486.52,822.9780000000001
ORD100575,2025-01-03,54,Female,Rajasthan,Beauty,2154.9,2,5.0,Cash on Delivery,9,2.8,Regular,Not Returned,4,119.88,Normal,No,Mobile,11.1,3619.71,2025,1,3,0,4309.8,215.49
ORD100576,2025-05-17,33,Female,Tamil Nadu,Beauty,2441.68,2,10.0,Wallet,1,3.9,Silver,Not Returned,4,20.0,Diwali,No,Mobile,21.1,4583.25,2025,5,17,1,4883.36,488.336
ORD100577,2025-12-04,30,Female,Kerala,Books,1997.04,1,30.0,Cash on Delivery,8,4.2,Regular,Not Returned,3,120.01,Holi,No,Mobile,9.0,1609.81,2025,12,4,0,1997.04,599.112
ORD100578,2025-07-11,39,Female,Rajasthan,Fashion,3019.14,2,15.0,Net Banking,2,3.4,Gold,Not Returned,6,136.79,Holi,No,Tablet,5.5,5441.63,2025,7,11,0,6038.28,905.742
ORD100579,2025-11-23,63,Male,Rajasthan,Beauty,1782.41,1,15.0,Cash on Delivery,10,5.0,Silver,Not Returned,7,105.35,Normal,No,Tablet,11.8,1766.19,2025,11,23,1,1782.41,267.36150000000004
ORD100580,2025-02-07,44,Female,Gujarat,Beauty,1338.16,2,0.0,Debit Card,9,4.6,Regular,Not Returned,5,91.05,Christmas,No,Desktop,1.0,3022.26,2025,2,7,0,2676.32,0.0
ORD100581,2025-02-04,36,Male,Telangana,Sports,2685.28,1,30.0,Wallet,7,2.7,Gold,Not Returned,3,120.28,Eid,Yes,Mobile,11.1,2405.22,2025,2,4,0,2685.28,805.5840000000001
ORD100582,2025-11-01,39,Female,Andhra Pradesh,Fashion,1131.15,2,25.0,UPI,9,4.0,Regular,Not Returned,4,134.5,Diwali,No,Mobile,11.5,1855.62,2025,11,1,1,2262.3,565.575
ORD100583,2025-02-08,31,Male,Tamil Nadu,Beauty,1226.21,2,15.0,Debit Card,3,3.3,Regular,Not Returned,6,108.3,Normal,No,Desktop,11.3,2246.98,2025,2,8,1,2452.42,367.86300000000006
ORD100584,2025-01-19,48,Male,Andhra Pradesh,Home & Kitchen,3674.24,1,10.0,UPI,8,5.0,Regular,Not Returned,3,110.92,Holi,No,Mobile,2.7,3544.84,2025,1,19,1,3674.24,367.4239999999999
ORD100585,2025-05-28,34,Male,Telangana,Beauty,3443.79,1,15.0,Cash on Delivery,3,4.6,Gold,Not Returned,4,147.99,Christmas,No,Mobile,4.9,3512.68,2025,5,28,0,3443.79,516.5685
ORD100586,2025-12-04,44,Male,Andhra Pradesh,Books,1193.64,5,20.0,Wallet,7,5.0,Platinum,Not Returned,3,116.64,Normal,No,Desktop,17.7,5594.12,2025,12,4,0,5968.200000000001,1193.64
ORD100587,2025-09-09,35,Male,Delhi,Home & Kitchen,893.61,1,20.0,Wallet,10,4.0,Regular,Not Returned,4,61.99,Sankranti,No,Mobile,20.3,835.5,2025,9,9,0,893.61,178.722
ORD100588,2025-02-06,33,Male,Kerala,Sports,3106.15,1,30.0,Credit Card,8,3.9,Regular,Not Returned,4,90.905,Normal,No,Desktop,9.5,2420.62,2025,2,6,0,3106.15,931.845
ORD100589,2025-11-02,63,Male,Kerala,Books,2018.98,1,15.0,Net Banking,3,3.1,Regular,Returned,3,85.67,Normal,No,Desktop,6.4,635.89,2025,11,2,1,2018.98,302.847
ORD100590,2025-11-04,34,Male,West Bengal,Sports,1473.22,1,10.0,Wallet,8,4.2,Silver,Not Returned,1,91.16,Holi,Yes,Desktop,1.3,1532.53,2025,11,4,0,1473.22,147.322
ORD100591,2025-10-20,21,Female,Maharashtra,Books,973.46,3,10.0,Wallet,9,3.9,Regular,Not Returned,2,93.74,Christmas,No,Desktop,17.6,3088.53,2025,10,20,0,2920.38,292.038
ORD100592,2025-11-26,35,Female,Maharashtra,Beauty,1488.73,1,20.0,Cash on Delivery,9,3.8,Regular,Not Returned,5,123.91,Normal,Yes,Mobile,18.0,1398.02,2025,11,26,0,1488.73,297.746
ORD100593,2025-03-29,43,Female,Tamil Nadu,Fashion,1183.19,2,5.0,Credit Card,8,5.0,Regular,Not Returned,4,151.21,Normal,No,Desktop,1.0,2411.88,2025,3,29,1,2366.38,118.31900000000002
ORD100594,2025-12-24,22,Male,Maharashtra,Books,779.19,2,5.0,Debit Card,8,3.9,Regular,Not Returned,4,90.85,Normal,No,Desktop,1.0,1697.28,2025,12,24,0,1558.38,77.91900000000001
ORD100595,2025-04-28,32,Male,Telangana,Beauty,1304.99,1,20.0,Net Banking,8,4.9,Silver,Not Returned,6,150.59,Normal,No,Desktop,12.8,1213.04,2025,4,28,0,1304.99,260.998
ORD100596,2025-10-20,25,Female,Kerala,Fashion,1425.96,4,10.0,Cash on Delivery,8,2.9,Silver,Not Returned,3,95.76,Holi,Yes,Desktop,13.6,5772.33,2025,10,20,0,5703.84,570.384
ORD100597,2025-07-31,41,Male,Rajasthan,Fashion,940.18,5,20.0,Debit Card,2,5.0,Regular,Not Returned,4,139.08,Normal,No,Tablet,9.1,3900.82,2025,7,31,0,4700.9,940.18
ORD100598,2025-10-12,51,Male,Kerala,Fashion,2159.35,1,5.0,Credit Card,9,3.7,Regular,Not Returned,5,96.95,Holi,No,Desktop,11.8,2302.13,2025,10,12,1,2159.35,107.9675
ORD100599,2025-08-18,63,Female,Tamil Nadu,Books,2773.37,1,10.0,Cash on Delivery,2,4.5,Regular,Not Returned,6,72.77,Normal,No,Tablet,10.5,2520.94,2025,8,18,0,2773.37,277.337
ORD100600,2025-08-23,36,Female,Gujarat,Electronics,2254.11,1,5.0,Debit Card,6,4.6,Silver,Not Returned,3,157.27,Sankranti,Yes,Mobile,12.2,2447.37,2025,8,23,1,2254.11,112.70550000000001
ORD100601,2025-08-13,58,Male,West Bengal,Sports,1002.76,1,15.0,Debit Card,4,3.7,Regular,Not Returned,4,69.42,Normal,No,Tablet,6.6,866.79,2025,8,13,0,1002.76,150.414
ORD100602,2025-10-12,28,Female,Maharashtra,Beauty,1961.3,2,20.0,Wallet,3,4.6,Regular,Not Returned,2,67.08,Holi,No,Tablet,11.9,3484.58,2025,10,12,1,3922.6,784.52
ORD100603,2025-09-27,54,Male,Tamil Nadu,Electronics,1262.38,2,10.0,UPI,3,4.6,Silver,Not Returned,7,46.04,Normal,Yes,Mobile,8.0,2559.56,2025,9,27,1,2524.76,252.47600000000003
ORD100604,2025-02-19,44,Female,Delhi,Beauty,537.45,2,10.0,Credit Card,1,3.5,Regular,Not Returned,5,134.35,Normal,No,Mobile,7.5,1155.58,2025,2,19,0,1074.9,107.49
ORD100605,2025-10-29,53,Male,Telangana,Sports,1858.18,1,5.0,Wallet,5,3.5,Silver,Not Returned,4,142.62,Diwali,No,Mobile,1.0,2171.76,2025,10,29,0,1858.18,92.90899999999999
ORD100606,2025-07-15,53,Male,Rajasthan,Sports,1319.57,1,15.0,Wallet,5,4.0,Regular,Not Returned,5,103.06,Normal,No,Desktop,10.9,1316.49,2025,7,15,0,1319.57,197.9355
ORD100607,2025-04-28,43,Female,Karnataka,Beauty,6476.16,5,30.0,Credit Card,5,3.9,Regular,Returned,2,55.56,Normal,No,Mobile,16.8,7961.93,2025,4,28,0,32380.8,9714.24
ORD100608,2025-07-07,30,Male,Karnataka,Home & Kitchen,3094.26,4,20.0,Wallet,1,5.0,Silver,Not Returned,4,89.76,Christmas,No,Mobile,10.0,10455.02,2025,7,7,0,12377.04,2475.4080000000004
ORD100609,2025-12-19,42,Female,Delhi,Electronics,1905.17,1,5.0,Credit Card,7,4.5,Regular,Not Returned,5,79.41,Sankranti,No,Mobile,9.9,1997.69,2025,12,19,0,1905.17,95.2585
ORD100610,2025-11-10,56,Male,Andhra Pradesh,Electronics,1410.98,2,15.0,UPI,2,4.0,Regular,Not Returned,6,53.93,Normal,No,Mobile,19.5,2443.67,2025,11,10,0,2821.96,423.29400000000004
ORD100611,2025-11-01,63,Female,Tamil Nadu,Home & Kitchen,1334.75,2,10.0,Credit Card,9,4.4,Gold,Not Returned,5,72.89,Sankranti,Yes,Tablet,18.1,2772.67,2025,11,1,1,2669.5,266.95
ORD100612,2025-06-18,61,Female,Telangana,Beauty,624.95,3,0.0,Cash on Delivery,1,2.6,Regular,Not Returned,3,107.7,Normal,Yes,Mobile,22.4,2055.12,2025,6,18,0,1874.8500000000001,0.0
ORD100613,2025-10-14,26,Female,Karnataka,Electronics,387.51,2,5.0,UPI,1,3.6,Gold,Not Returned,2,68.82,Normal,No,Mobile,25.5,909.8,2025,10,14,0,775.02,38.751
ORD100614,2025-05-21,46,Female,Kerala,Books,680.56,4,0.0,Credit Card,4,4.2,Regular,Not Returned,5,100.21,Normal,Yes,Desktop,12.4,2529.12,2025,5,21,0,2722.24,0.0
ORD100615,2025-09-08,22,Male,Telangana,Beauty,1163.35,1,5.0,Net Banking,5,4.8,Gold,Not Returned,3,27.83,Normal,Yes,Mobile,5.1,1201.74,2025,9,8,0,1163.35,58.1675
ORD100616,2025-08-22,49,Female,Karnataka,Fashion,305.36,1,20.0,Cash on Delivery,10,4.1,Gold,Not Returned,10,148.77,Normal,No,Mobile,8.9,347.31,2025,8,22,0,305.36,61.07200000000001
ORD100617,2025-04-02,64,Male,Delhi,Books,842.41,5,10.0,Cash on Delivery,6,5.0,Regular,Not Returned,3,76.3,Normal,Yes,Mobile,15.4,3845.9,2025,4,2,0,4212.05,421.205
ORD100618,2025-04-08,20,Female,Rajasthan,Fashion,1021.6,1,20.0,Wallet,4,4.0,Silver,Not Returned,3,120.46,Normal,Yes,Tablet,20.6,959.92,2025,4,8,0,1021.6,204.32
ORD100619,2025-01-23,48,Female,Andhra Pradesh,Books,1043.2,1,25.0,Credit Card,9,3.7,Silver,Not Returned,7,96.6,Normal,No,Desktop,5.7,1001.86,2025,1,23,0,1043.2,260.8
ORD100620,2025-02-21,62,Female,Gujarat,Fashion,780.52,3,15.0,Wallet,3,3.9,Regular,Returned,2,104.09,Normal,Yes,Mobile,13.5,797.98,2025,2,21,0,2341.56,351.23400000000004
ORD100621,2025-06-08,57,Female,Andhra Pradesh,Home & Kitchen,961.11,3,10.0,Debit Card,9,4.3,Regular,Returned,2,50.38,Normal,No,Mobile,7.2,977.68,2025,6,8,1,2883.33,288.33299999999997
ORD100622,2025-06-24,36,Female,Kerala,Home & Kitchen,3679.78,2,20.0,Wallet,5,3.7,Platinum,Not Returned,8,63.38,Diwali,Yes,Mobile,11.1,6783.85,2025,6,24,0,7359.56,1471.912
ORD100623,2025-03-02,22,Male,West Bengal,Books,1845.44,3,0.0,Net Banking,4,5.0,Silver,Not Returned,5,64.18,Normal,No,Mobile,11.0,5416.34,2025,3,2,1,5536.32,0.0
ORD100624,2025-06-02,61,Female,Delhi,Fashion,833.71,3,10.0,Credit Card,4,3.2,Platinum,Not Returned,1,90.89,Normal,No,Mobile,14.3,2450.44,2025,6,2,0,2501.13,250.11300000000003
ORD100625,2025-08-09,61,Female,Tamil Nadu,Books,1147.86,1,10.0,Credit Card,1,4.2,Gold,Not Returned,1,136.42,Normal,No,Mobile,24.2,1365.98,2025,8,9,1,1147.86,114.78599999999999
ORD100626,2025-03-26,45,Male,Tamil Nadu,Home & Kitchen,1178.12,2,20.0,Cash on Delivery,7,4.5,Gold,Not Returned,4,105.16,Normal,Yes,Mobile,14.9,2013.14,2025,3,26,0,2356.24,471.24799999999993
ORD100627,2025-05-04,64,Female,Delhi,Fashion,728.44,3,20.0,Cash on Delivery,6,3.8,Silver,Not Returned,5,58.49,Sankranti,No,Tablet,9.4,1963.33,2025,5,4,1,2185.32,437.064
ORD100628,2025-05-15,18,Male,West Bengal,Beauty,727.88,4,20.0,Credit Card,7,3.6,Silver,Not Returned,3,93.06,Diwali,Yes,Mobile,8.4,2549.07,2025,5,15,0,2911.52,582.304
ORD100629,2025-07-04,46,Male,Tamil Nadu,Sports,2314.43,1,15.0,Credit Card,7,3.9,Gold,Not Returned,5,87.18,Sankranti,No,Mobile,10.9,2194.89,2025,7,4,0,2314.43,347.1645
ORD100630,2025-05-14,19,Male,Andhra Pradesh,Home & Kitchen,913.44,1,15.0,Wallet,1,4.6,Silver,Returned,5,77.72,Normal,Yes,Tablet,6.8,314.57,2025,5,14,0,913.44,137.016
ORD100631,2025-09-26,61,Male,Maharashtra,Electronics,589.06,3,20.0,Net Banking,9,3.7,Regular,Not Returned,3,89.46,Normal,Yes,Mobile,12.8,1517.03,2025,9,26,0,1767.1799999999998,353.436
ORD100632,2025-04-30,49,Female,Gujarat,Home & Kitchen,1166.82,1,25.0,Credit Card,6,3.3,Silver,Returned,1,116.73,Diwali,Yes,Desktop,1.0,334.62,2025,4,30,0,1166.82,291.705
ORD100633,2025-06-08,60,Female,Maharashtra,Beauty,1295.67,1,10.0,Net Banking,7,4.8,Regular,Not Returned,4,64.8,Eid,Yes,Mobile,10.7,1225.53,2025,6,8,1,1295.67,129.567
ORD100634,2025-05-19,44,Female,Rajasthan,Electronics,332.89,3,30.0,UPI,1,4.3,Platinum,Not Returned,2,77.89,Normal,Yes,Tablet,11.2,883.52,2025,5,19,0,998.67,299.601
ORD100635,2025-03-08,21,Female,West Bengal,Electronics,1168.64,2,25.0,Debit Card,8,4.7,Silver,Not Returned,6,124.37,Diwali,Yes,Mobile,5.0,2079.29,2025,3,8,1,2337.28,584.32
ORD100636,2025-09-08,19,Male,Delhi,Books,2109.62,1,15.0,UPI,7,4.5,Silver,Not Returned,4,106.41,Normal,No,Tablet,9.7,1909.51,2025,9,8,0,2109.62,316.443
ORD100637,2025-03-27,33,Male,Andhra Pradesh,Electronics,1609.01,1,0.0,Cash on Delivery,4,5.0,Regular,Not Returned,1,134.77,Eid,No,Desktop,18.7,1951.72,2025,3,27,0,1609.01,0.0
ORD100638,2025-04-19,52,Male,West Bengal,Home & Kitchen,5112.5,1,5.0,Credit Card,10,4.8,Regular,Not Returned,3,140.25,Normal,No,Mobile,19.2,4564.46,2025,4,19,1,5112.5,255.625
ORD100639,2025-10-17,25,Female,Delhi,Sports,2706.19,3,20.0,Credit Card,7,3.5,Regular,Returned,3,42.38,Normal,Yes,Mobile,8.8,2206.35,2025,10,17,0,8118.57,1623.714
ORD100640,2025-12-13,58,Male,Karnataka,Fashion,3077.53,2,0.0,Credit Card,10,4.3,Silver,Not Returned,0,100.09,Normal,Yes,Desktop,15.1,6643.06,2025,12,13,1,6155.06,0.0
ORD100641,2025-09-02,29,Female,Kerala,Home & Kitchen,7406.64,1,10.0,Credit Card,9,3.6,Silver,Not Returned,3,72.22,Sankranti,No,Mobile,3.0,7203.56,2025,9,2,0,7406.64,740.6640000000001
ORD100642,2025-12-01,41,Female,West Bengal,Electronics,1964.27,1,15.0,UPI,3,3.7,Regular,Not Returned,9,48.04,Sankranti,Yes,Mobile,10.2,1889.87,2025,12,1,0,1964.27,294.6405
ORD100643,2025-11-08,27,Female,Rajasthan,Sports,1334.18,1,25.0,Cash on Delivery,10,3.0,Regular,Not Returned,2,62.38,Sankranti,No,Desktop,13.4,1069.1,2025,11,8,1,1334.18,333.545
ORD100644,2025-06-25,39,Female,Kerala,Beauty,2259.75,1,20.0,Wallet,8,3.8,Silver,Not Returned,6,79.47,Sankranti,No,Mobile,21.2,1995.62,2025,6,25,0,2259.75,451.95
ORD100645,2025-10-09,39,Male,Andhra Pradesh,Books,834.28,1,20.0,Credit Card,2,4.4,Regular,Not Returned,5,79.69,Normal,No,Mobile,19.2,667.22,2025,10,9,0,834.28,166.856
ORD100646,2025-04-30,18,Female,Gujarat,Books,1287.0,2,10.0,Net Banking,8,4.0,Gold,Not Returned,3,68.76,Normal,No,Mobile,13.3,2237.31,2025,4,30,0,2574.0,257.4
ORD100647,2025-06-18,44,Female,Gujarat,Home & Kitchen,787.65,1,5.0,Cash on Delivery,5,3.2,Gold,Not Returned,4,89.52,Christmas,No,Mobile,6.5,940.5,2025,6,18,0,787.65,39.3825
ORD100648,2025-07-15,54,Female,Andhra Pradesh,Electronics,1554.28,1,15.0,Credit Card,9,2.9,Silver,Not Returned,1,175.63,Normal,No,Mobile,20.2,1583.3,2025,7,15,0,1554.28,233.142
ORD100649,2025-12-17,62,Female,West Bengal,Home & Kitchen,785.51,2,5.0,UPI,2,5.0,Regular,Not Returned,5,29.62,Normal,No,Mobile,10.0,1511.6,2025,12,17,0,1571.02,78.551
ORD100650,2025-11-06,33,Female,Tamil Nadu,Electronics,767.83,2,15.0,Net Banking,3,4.2,Regular,Not Returned,1,129.8,Normal,Yes,Tablet,14.7,1535.02,2025,11,6,0,1535.66,230.34900000000002
ORD100651,2025-06-28,59,Other,West Bengal,Beauty,1570.01,1,30.0,UPI,4,3.4,Gold,Not Returned,7,89.36,Normal,No,Mobile,11.3,1241.58,2025,6,28,1,1570.01,471.00300000000004
ORD100652,2025-08-27,59,Male,Kerala,Electronics,1097.25,1,15.0,Debit Card,5,4.3,Platinum,Not Returned,5,74.67,Normal,Yes,Desktop,24.0,984.69,2025,8,27,0,1097.25,164.5875
ORD100653,2025-03-15,64,Female,Karnataka,Books,342.81,1,15.0,UPI,7,5.0,Regular,Not Returned,3,20.0,Diwali,Yes,Desktop,8.3,343.24,2025,3,15,1,342.81,51.421499999999995
ORD100654,2025-10-21,35,Female,Andhra Pradesh,Beauty,465.9,1,15.0,Net Banking,3,4.4,Silver,Not Returned,0,116.7,Diwali,No,Desktop,17.5,533.44,2025,10,21,0,465.9,69.885
ORD100655,2025-07-21,57,Male,Andhra Pradesh,Fashion,569.27,3,20.0,Wallet,8,2.0,Regular,Not Returned,4,39.57,Normal,Yes,Mobile,11.5,1416.44,2025,7,21,0,1707.81,341.56199999999995
ORD100656,2025-07-14,44,Female,Delhi,Books,675.97,1,10.0,Credit Card,1,5.0,Regular,Not Returned,1,118.98,Normal,No,Mobile,15.4,627.61,2025,7,14,0,675.97,67.59700000000001
ORD100657,2025-10-07,20,Male,Karnataka,Sports,1570.98,3,10.0,Credit Card,4,2.7,Platinum,Not Returned,2,150.95,Christmas,No,Mobile,21.7,5225.6,2025,10,7,0,4712.9400000000005,471.2940000000001
ORD100658,2025-08-20,30,Female,West Bengal,Home & Kitchen,1383.52,3,5.0,Cash on Delivery,7,3.9,Platinum,Not Returned,4,45.1,Holi,Yes,Desktop,1.0,5027.43,2025,8,20,0,4150.5599999999995,207.52799999999996
ORD100659,2025-01-27,49,Male,Tamil Nadu,Electronics,2398.28,1,15.0,Cash on Delivery,3,3.2,Platinum,Not Returned,4,130.89,Christmas,Yes,Desktop,11.6,2715.54,2025,1,27,0,2398.28,359.742
ORD100660,2025-04-16,25,Male,Rajasthan,Home & Kitchen,1957.45,1,10.0,Debit Card,5,3.5,Regular,Not Returned,3,90.89,Normal,No,Mobile,6.6,1824.72,2025,4,16,0,1957.45,195.745
ORD100661,2025-03-06,38,Female,Rajasthan,Beauty,2408.63,1,10.0,Debit Card,7,4.2,Regular,Not Returned,5,20.0,Christmas,Yes,Desktop,14.7,2355.51,2025,3,6,0,2408.63,240.86300000000003
ORD100662,2025-09-26,54,Male,Telangana,Sports,1782.08,1,20.0,Credit Card,3,2.6,Gold,Not Returned,2,47.83,Christmas,Yes,Mobile,16.1,1651.97,2025,9,26,0,1782.08,356.416
ORD100663,2025-01-13,25,Male,Gujarat,Fashion,1375.22,2,0.0,Credit Card,10,3.9,Silver,Not Returned,3,96.24,Normal,No,Mobile,9.2,2879.6,2025,1,13,0,2750.44,0.0
ORD100664,2025-03-15,41,Male,Rajasthan,Sports,2451.99,1,15.0,Cash on Delivery,9,4.8,Regular,Not Returned,7,104.04,Diwali,Yes,Mobile,8.9,2452.16,2025,3,15,1,2451.99,367.7985
ORD100665,2025-08-07,28,Female,Karnataka,Fashion,2181.34,3,5.0,Net Banking,10,3.4,Regular,Not Returned,7,34.68,Normal,Yes,Mobile,13.2,5970.22,2025,8,7,0,6544.02,327.201
ORD100666,2025-09-11,43,Female,Andhra Pradesh,Fashion,1532.32,2,5.0,Net Banking,5,3.0,Regular,Not Returned,2,91.11,Diwali,No,Tablet,4.4,3115.88,2025,9,11,0,3064.64,153.232
ORD100667,2025-07-03,29,Female,West Bengal,Home & Kitchen,2741.54,3,0.0,Cash on Delivery,4,3.9,Silver,Not Returned,5,118.82,Holi,Yes,Mobile,14.0,8401.63,2025,7,3,0,8224.619999999999,0.0
ORD100668,2025-11-11,63,Male,Maharashtra,Electronics,261.21,3,5.0,Net Banking,10,3.8,Gold,Returned,5,124.95,Normal,No,Mobile,7.1,338.52,2025,11,11,0,783.6299999999999,39.1815
ORD100669,2025-12-02,21,Female,Andhra Pradesh,Home & Kitchen,993.54,2,30.0,Cash on Delivery,8,3.6,Regular,Not Returned,4,75.55,Normal,No,Mobile,16.4,1438.36,2025,12,2,0,1987.08,596.1239999999999
ORD100670,2025-02-18,63,Male,West Bengal,Home & Kitchen,983.69,4,30.0,Debit Card,8,3.2,Regular,Not Returned,1,105.35,Normal,No,Desktop,4.1,2642.99,2025,2,18,0,3934.76,1180.428
ORD100671,2025-12-14,55,Female,Gujarat,Fashion,2538.48,5,20.0,Debit Card,2,4.4,Regular,Not Returned,5,127.54,Sankranti,Yes,Desktop,8.6,11651.86,2025,12,14,1,12692.4,2538.48
ORD100672,2025-08-13,58,Male,Andhra Pradesh,Sports,3332.52,1,15.0,Cash on Delivery,9,4.4,Silver,Not Returned,8,119.84,Sankranti,No,Mobile,7.5,3264.43,2025,8,13,0,3332.52,499.87800000000004
ORD100673,2025-08-21,58,Male,Tamil Nadu,Fashion,467.53,1,20.0,Credit Card,6,4.0,Regular,Not Returned,2,121.2,Normal,No,Mobile,10.2,471.55,2025,8,21,0,467.53,93.50599999999999
ORD100674,2025-02-04,26,Male,Andhra Pradesh,Sports,3002.91,1,25.0,Net Banking,8,3.4,Regular,Not Returned,0,93.97,Eid,No,Mobile,20.3,2661.26,2025,2,4,0,3002.91,750.7275
ORD100675,2025-08-15,61,Female,Rajasthan,Sports,560.39,1,15.0,Credit Card,9,4.0,Silver,Returned,1,86.69,Normal,No,Mobile,17.1,195.05,2025,8,15,0,560.39,84.05850000000001
ORD100676,2025-09-22,45,Female,Andhra Pradesh,Beauty,571.51,2,0.0,UPI,2,3.3,Regular,Not Returned,5,99.52,Normal,No,Mobile,9.1,1121.48,2025,9,22,0,1143.02,0.0
ORD100677,2025-07-31,63,Male,Delhi,Fashion,1030.49,1,15.0,Debit Card,1,4.1,Silver,Not Returned,8,63.27,Normal,Yes,Mobile,9.1,1019.83,2025,7,31,0,1030.49,154.5735
ORD100678,2025-01-31,59,Female,Kerala,Sports,975.79,2,30.0,UPI,1,5.0,Silver,Returned,3,128.92,Holi,No,Mobile,17.3,550.83,2025,1,31,0,1951.58,585.4739999999999
ORD100679,2025-07-10,45,Female,Kerala,Fashion,435.77,3,5.0,Credit Card,7,4.0,Regular,Not Returned,0,36.44,Holi,No,Mobile,5.0,1626.33,2025,7,10,0,1307.31,65.3655
ORD100680,2025-12-08,35,Male,West Bengal,Fashion,1830.78,1,10.0,Debit Card,10,3.2,Silver,Returned,8,72.35,Holi,No,Mobile,12.1,649.59,2025,12,8,0,1830.78,183.078
ORD100681,2025-09-22,23,Female,West Bengal,Books,1866.25,2,10.0,UPI,1,4.3,Silver,Not Returned,5,88.73,Christmas,No,Mobile,8.4,3359.17,2025,9,22,0,3732.5,373.25
ORD100682,2025-02-20,22,Female,Telangana,Home & Kitchen,2380.83,1,10.0,Credit Card,2,3.9,Silver,Returned,5,106.44,Normal,No,Mobile,11.0,893.53,2025,2,20,0,2380.83,238.083
ORD100683,2025-12-17,36,Male,Andhra Pradesh,Sports,905.36,3,20.0,Cash on Delivery,5,3.9,Silver,Not Returned,4,113.01,Normal,No,Tablet,16.9,2338.8,2025,12,17,0,2716.08,543.216
ORD100684,2025-12-16,56,Female,Telangana,Electronics,1169.52,2,10.0,Debit Card,4,4.3,Regular,Not Returned,1,142.11,Diwali,No,Mobile,8.0,2456.37,2025,12,16,0,2339.04,233.90400000000002
ORD100685,2025-03-03,41,Male,Gujarat,Beauty,1176.5,1,25.0,Wallet,2,4.5,Regular,Returned,0,92.72,Normal,Yes,Mobile,17.8,347.99,2025,3,3,0,1176.5,294.125
ORD100686,2025-10-20,40,Female,Kerala,Books,3594.91,2,20.0,UPI,7,4.0,Regular,Not Returned,2,64.87,Normal,No,Desktop,25.2,5322.87,2025,10,20,0,7189.82,1437.964
ORD100687,2025-05-29,29,Male,Andhra Pradesh,Sports,190.15,1,0.0,Net Banking,10,4.0,Regular,Not Returned,5,84.92,Normal,No,Tablet,15.6,230.65,2025,5,29,0,190.15,0.0
ORD100688,2025-08-05,44,Female,Tamil Nadu,Beauty,644.23,3,20.0,Cash on Delivery,3,5.0,Regular,Not Returned,2,78.82,Normal,Yes,Desktop,11.5,1810.16,2025,8,5,0,1932.69,386.538
ORD100689,2025-06-12,47,Male,Kerala,Books,1204.33,2,20.0,Cash on Delivery,1,4.8,Regular,Not Returned,1,108.2,Normal,No,Mobile,18.9,1837.59,2025,6,12,0,2408.66,481.73199999999997
ORD100690,2025-10-13,64,Female,Delhi,Fashion,592.56,2,15.0,Net Banking,3,4.6,Silver,Not Returned,3,52.66,Normal,No,Mobile,5.3,1195.56,2025,10,13,0,1185.12,177.768
ORD100691,2025-12-30,52,Female,Karnataka,Home & Kitchen,1014.52,3,10.0,UPI,2,4.1,Regular,Not Returned,3,83.86,Eid,No,Desktop,21.1,3135.28,2025,12,30,0,3043.56,304.356
ORD100692,2025-10-18,46,Male,Rajasthan,Electronics,1105.58,4,20.0,Net Banking,5,3.3,Gold,Not Returned,3,146.79,Normal,Yes,Desktop,7.5,3971.16,2025,10,18,1,4422.32,884.4639999999999
ORD100693,2025-12-06,60,Female,Rajasthan,Sports,782.57,3,10.0,Credit Card,2,4.8,Silver,Not Returned,5,96.29,Christmas,No,Mobile,25.0,2380.51,2025,12,6,1,2347.71,234.771
ORD100694,2025-12-12,37,Other,Delhi,Sports,1251.35,2,5.0,Cash on Delivery,4,4.1,Regular,Not Returned,6,53.15,Normal,Yes,Mobile,7.7,2759.53,2025,12,12,0,2502.7,125.135
ORD100695,2025-02-02,61,Female,Maharashtra,Sports,1805.1,3,10.0,Credit Card,2,3.6,Silver,Not Returned,5,78.11,Christmas,Yes,Mobile,16.0,5261.58,2025,2,2,1,5415.299999999999,541.53
ORD100696,2025-04-03,35,Male,West Bengal,Sports,1029.17,2,5.0,Debit Card,7,3.8,Regular,Not Returned,8,20.0,Normal,Yes,Desktop,2.6,1890.2,2025,4,3,0,2058.34,102.917
ORD100697,2025-09-21,24,Female,Delhi,Electronics,893.82,3,15.0,Net Banking,5,3.3,Gold,Not Returned,3,87.94,Normal,No,Mobile,10.7,2626.93,2025,9,21,1,2681.46,402.219
ORD100698,2025-08-04,37,Male,Kerala,Beauty,1077.43,3,5.0,Wallet,1,4.7,Platinum,Not Returned,1,147.67,Normal,No,Mobile,5.5,3447.31,2025,8,4,0,3232.29,161.61450000000002
ORD100699,2025-01-19,24,Male,Maharashtra,Sports,1194.21,1,15.0,Wallet,1,4.5,Gold,Returned,2,48.47,Normal,No,Mobile,3.4,372.84,2025,1,19,1,1194.21,179.13150000000002
ORD100700,2025-02-04,23,Female,West Bengal,Fashion,387.17,1,10.0,Net Banking,5,4.1,Silver,Not Returned,4,39.04,Holi,No,Desktop,19.2,428.17,2025,2,4,0,387.17,38.717000000000006
ORD100701,2025-07-09,59,Female,Kerala,Home & Kitchen,1619.85,1,20.0,Cash on Delivery,6,4.0,Gold,Not Returned,5,67.14,Normal,No,Tablet,4.6,1513.95,2025,7,9,0,1619.85,323.97
ORD100702,2025-08-13,55,Female,Telangana,Books,895.09,1,10.0,Cash on Delivery,2,3.5,Silver,Returned,3,122.25,Normal,No,Desktop,7.6,371.14,2025,8,13,0,895.09,89.509
ORD100703,2025-03-03,28,Male,Rajasthan,Home & Kitchen,2724.59,2,25.0,Wallet,4,2.5,Gold,Not Returned,3,149.66,Sankranti,No,Mobile,6.9,5492.18,2025,3,3,0,5449.18,1362.295
ORD100704,2025-03-04,57,Female,Andhra Pradesh,Sports,1762.1,1,25.0,Credit Card,7,3.0,Regular,Not Returned,1,105.69,Diwali,Yes,Desktop,18.8,1370.93,2025,3,4,0,1762.1,440.525
ORD100705,2025-02-17,21,Female,Gujarat,Beauty,2567.33,2,5.0,Wallet,5,3.5,Gold,Not Returned,4,44.99,Normal,No,Mobile,18.1,5580.34,2025,2,17,0,5134.66,256.733
ORD100706,2025-07-26,31,Male,Gujarat,Beauty,621.99,1,15.0,Cash on Delivery,2,3.4,Silver,Not Returned,7,89.22,Normal,Yes,Mobile,19.6,596.86,2025,7,26,1,621.99,93.2985
ORD100707,2025-01-03,51,Female,Kerala,Beauty,942.63,1,5.0,Cash on Delivery,4,4.2,Regular,Not Returned,2,152.63,Normal,No,Mobile,7.3,986.07,2025,1,3,0,942.63,47.131499999999996
ORD100708,2025-07-28,32,Male,Andhra Pradesh,Beauty,535.11,2,20.0,Cash on Delivery,2,4.6,Platinum,Not Returned,4,79.12,Normal,No,Desktop,20.1,1010.32,2025,7,28,0,1070.22,214.044
ORD100709,2025-06-23,52,Male,Maharashtra,Sports,758.77,2,15.0,Net Banking,10,3.9,Silver,Not Returned,6,94.92,Diwali,No,Mobile,7.2,1479.88,2025,6,23,0,1517.54,227.63099999999997
ORD100710,2025-06-20,59,Female,West Bengal,Books,2707.95,2,10.0,Net Banking,9,5.0,Gold,Not Returned,2,98.42,Normal,No,Mobile,7.5,4962.59,2025,6,20,0,5415.9,541.59
ORD100711,2025-09-05,21,Other,Tamil Nadu,Fashion,3155.64,3,5.0,UPI,4,3.5,Regular,Not Returned,5,35.89,Eid,Yes,Mobile,7.8,8360.61,2025,9,5,0,9466.92,473.346
ORD100712,2025-07-10,19,Male,Gujarat,Books,568.95,5,10.0,Net Banking,3,3.9,Silver,Not Returned,5,124.93,Diwali,Yes,Mobile,8.0,3237.0,2025,7,10,0,2844.75,284.475
ORD100713,2025-09-23,62,Male,West Bengal,Beauty,890.87,2,20.0,Net Banking,2,4.0,Silver,Not Returned,6,119.88,Normal,Yes,Desktop,11.5,1672.5,2025,9,23,0,1781.74,356.348
ORD100714,2025-10-06,42,Male,Rajasthan,Beauty,1142.02,1,20.0,Wallet,8,4.8,Regular,Not Returned,3,20.23,Christmas,No,Mobile,7.0,1004.45,2025,10,6,0,1142.02,228.40400000000002
ORD100715,2025-12-02,41,Female,Kerala,Fashion,1755.87,1,0.0,Wallet,10,4.1,Gold,Not Returned,4,43.43,Eid,No,Mobile,13.4,1952.17,2025,12,2,0,1755.87,0.0
ORD100716,2025-10-19,39,Male,Karnataka,Home & Kitchen,382.3,5,10.0,Wallet,3,4.1,Silver,Not Returned,5,56.06,Holi,Yes,Desktop,1.0,2116.46,2025,10,19,1,1911.5,191.15
ORD100717,2025-07-08,38,Female,Gujarat,Beauty,423.32,2,10.0,UPI,7,2.8,Regular,Not Returned,4,116.19,Diwali,No,Mobile,13.4,941.89,2025,7,8,0,846.64,84.664
ORD100718,2025-06-29,50,Other,Maharashtra,Home & Kitchen,1649.68,3,15.0,Cash on Delivery,3,3.4,Silver,Not Returned,5,63.71,Christmas,Yes,Mobile,5.5,4571.89,2025,6,29,1,4949.04,742.3560000000001
ORD100719,2025-03-28,45,Male,Gujarat,Fashion,338.05,2,5.0,Wallet,10,4.8,Regular,Not Returned,1,104.05,Normal,No,Mobile,8.0,670.43,2025,3,28,0,676.1,33.805
ORD100720,2025-08-07,25,Female,Delhi,Sports,897.54,1,10.0,Wallet,3,2.5,Gold,Not Returned,2,83.64,Holi,No,Desktop,8.1,1060.24,2025,8,7,0,897.54,89.75399999999999
ORD100721,2025-02-20,47,Female,Delhi,Home & Kitchen,1333.33,2,25.0,Cash on Delivery,1,4.9,Gold,Not Returned,6,92.49,Diwali,Yes,Desktop,17.7,2362.16,2025,2,20,0,2666.66,666.665
ORD100722,2025-12-06,49,Female,Tamil Nadu,Beauty,1572.24,3,10.0,Wallet,9,4.3,Regular,Not Returned,4,107.36,Normal,Yes,Mobile,15.0,4407.3,2025,12,6,1,4716.72,471.672
ORD100723,2025-11-05,23,Male,Delhi,Electronics,1094.4,4,20.0,Wallet,10,3.5,Regular,Not Returned,3,99.53,Christmas,No,Desktop,11.0,3917.2,2025,11,5,0,4377.6,875.52
ORD100724,2025-02-13,35,Male,Kerala,Electronics,946.09,1,10.0,UPI,4,3.4,Regular,Not Returned,5,90.905,Sankranti,No,Mobile,7.7,1051.74,2025,2,13,0,946.09,94.609
ORD100725,2025-10-14,55,Male,Rajasthan,Books,2077.76,2,10.0,Wallet,10,5.0,Regular,Not Returned,4,101.45,Sankranti,Yes,Tablet,16.7,4190.21,2025,10,14,0,4155.52,415.552
ORD100726,2025-02-12,47,Female,Gujarat,Electronics,1444.42,1,15.0,Cash on Delivery,3,5.0,Gold,Not Returned,5,97.59,Christmas,No,Mobile,22.8,1498.9,2025,2,12,0,1444.42,216.66300000000004
ORD100727,2025-09-21,24,Female,West Bengal,Sports,788.01,5,5.0,Cash on Delivery,3,3.9,Regular,Not Returned,5,82.66,Sankranti,Yes,Mobile,11.8,4256.74,2025,9,21,1,3940.05,197.0025
ORD100728,2025-02-02,19,Male,Rajasthan,Books,1229.79,1,5.0,Credit Card,6,4.0,Regular,Not Returned,2,74.91,Normal,No,Mobile,2.4,1310.37,2025,2,2,1,1229.79,61.4895
ORD100729,2025-06-28,45,Male,Rajasthan,Home & Kitchen,1539.38,3,30.0,Wallet,7,3.5,Regular,Not Returned,1,155.82,Normal,No,Mobile,7.8,3692.67,2025,6,28,1,4618.14,1385.442
ORD100730,2025-08-29,39,Female,Delhi,Books,3666.27,1,25.0,Credit Card,4,4.1,Silver,Not Returned,3,74.51,Normal,No,Mobile,15.4,2704.57,2025,8,29,0,3666.27,916.5675
ORD100731,2025-09-24,63,Male,Kerala,Home & Kitchen,2000.57,2,20.0,Debit Card,8,3.5,Gold,Not Returned,2,137.84,Normal,No,Desktop,9.3,3800.07,2025,9,24,0,4001.14,800.2280000000001
ORD100732,2025-06-02,42,Male,Telangana,Books,2642.65,2,5.0,Credit Card,8,3.9,Regular,Not Returned,6,66.02,Sankranti,No,Desktop,6.8,4954.01,2025,6,2,0,5285.3,264.265
ORD100733,2025-12-03,61,Female,Karnataka,Fashion,806.89,1,0.0,Wallet,2,5.0,Regular,Not Returned,1,118.36,Christmas,No,Mobile,6.6,1057.09,2025,12,3,0,806.89,0.0
ORD100734,2025-10-10,28,Male,Maharashtra,Home & Kitchen,853.51,3,5.0,Debit Card,10,3.9,Regular,Not Returned,1,152.43,Normal,Yes,Desktop,12.6,2485.57,2025,10,10,0,2560.5299999999997,128.02649999999997
ORD100735,2025-03-18,39,Male,Delhi,Home & Kitchen,1029.76,4,25.0,UPI,2,3.3,Regular,Returned,4,78.19,Christmas,No,Desktop,2.8,1254.16,2025,3,18,0,4119.04,1029.76
ORD100736,2025-09-02,24,Male,Kerala,Sports,1093.08,4,20.0,UPI,6,3.0,Regular,Not Returned,2,66.64,Sankranti,Yes,Tablet,11.8,4182.87,2025,9,2,0,4372.32,874.4639999999999
ORD100737,2025-09-24,44,Male,Maharashtra,Electronics,623.2,1,15.0,Wallet,5,4.1,Gold,Not Returned,5,74.98,Eid,No,Mobile,12.5,706.31,2025,9,24,0,623.2,93.48
ORD100738,2025-05-02,26,Female,Telangana,Sports,2732.39,3,30.0,Credit Card,5,3.5,Silver,Not Returned,2,89.32,Normal,No,Mobile,9.3,5985.11,2025,5,2,0,8197.17,2459.151
ORD100739,2025-09-27,41,Female,Delhi,Electronics,2130.81,2,5.0,Net Banking,2,4.2,Regular,Not Returned,1,101.27,Normal,Yes,Tablet,5.7,4125.31,2025,9,27,1,4261.62,213.081
ORD100740,2025-11-24,34,Female,Maharashtra,Fashion,983.76,2,15.0,UPI,4,2.9,Silver,Not Returned,2,88.6,Diwali,No,Mobile,18.1,1903.62,2025,11,24,0,1967.52,295.128
ORD100741,2025-10-26,26,Male,Andhra Pradesh,Beauty,1821.09,2,5.0,Wallet,1,4.5,Gold,Not Returned,6,75.3,Holi,No,Mobile,4.0,4361.1,2025,10,26,1,3642.18,182.10899999999998
ORD100742,2025-10-06,22,Female,Tamil Nadu,Electronics,1387.09,2,10.0,Cash on Delivery,10,3.3,Regular,Not Returned,3,90.905,Christmas,No,Mobile,13.0,2849.04,2025,10,6,0,2774.18,277.418
ORD100743,2025-08-20,42,Male,West Bengal,Home & Kitchen,1915.94,1,25.0,Credit Card,2,4.0,Regular,Not Returned,2,82.98,Christmas,Yes,Mobile,16.4,1427.29,2025,8,20,0,1915.94,478.985
ORD100744,2025-04-09,62,Female,Telangana,Books,500.84,2,25.0,Wallet,5,3.8,Gold,Returned,2,68.3,Normal,No,Mobile,13.0,324.61,2025,4,9,0,1001.68,250.42
ORD100745,2025-10-18,27,Male,Maharashtra,Sports,1091.6,1,0.0,Credit Card,3,5.0,Regular,Not Returned,2,119.07,Normal,No,Mobile,19.4,1271.08,2025,10,18,1,1091.6,0.0
ORD100746,2025-05-13,37,Female,Kerala,Electronics,1155.57,1,5.0,Wallet,2,4.1,Gold,Not Returned,3,119.63,Sankranti,No,Mobile,5.2,1410.49,2025,5,13,0,1155.57,57.778499999999994
ORD100747,2025-07-14,28,Male,Andhra Pradesh,Beauty,1799.82,1,15.0,Cash on Delivery,4,5.0,Gold,Not Returned,5,139.44,Normal,No,Mobile,7.3,1701.66,2025,7,14,0,1799.82,269.973
ORD100748,2025-04-25,56,Male,Telangana,Beauty,797.59,1,0.0,Debit Card,10,4.4,Gold,Not Returned,1,157.48,Eid,No,Mobile,9.2,1026.85,2025,4,25,0,797.59,0.0
ORD100749,2025-04-25,37,Female,Rajasthan,Electronics,236.3,3,15.0,UPI,5,5.0,Regular,Returned,2,102.12,Sankranti,Yes,Mobile,31.7,250.66,2025,4,25,0,708.9000000000001,106.33500000000002
ORD100750,2025-02-27,63,Male,Kerala,Beauty,594.06,2,15.0,Credit Card,10,3.9,Regular,Not Returned,3,79.91,Holi,Yes,Mobile,15.0,1191.04,2025,2,27,0,1188.12,178.218
ORD100751,2025-12-17,29,Male,Tamil Nadu,Beauty,1153.31,1,10.0,UPI,9,4.2,Gold,Not Returned,5,23.42,Christmas,No,Mobile,16.2,1090.88,2025,12,17,0,1153.31,115.33099999999999
ORD100752,2025-02-23,21,Female,Telangana,Sports,1250.88,3,10.0,Wallet,5,4.9,Regular,Not Returned,6,57.18,Normal,No,Mobile,15.9,3522.02,2025,2,23,1,3752.6400000000003,375.264
ORD100753,2025-02-01,45,Female,Maharashtra,Fashion,3585.0,4,5.0,UPI,10,4.6,Regular,Not Returned,5,97.3,Normal,No,Desktop,12.5,13780.03,2025,2,1,1,14340.0,717.0
ORD100754,2025-12-08,48,Male,Delhi,Fashion,1752.61,4,25.0,UPI,4,4.4,Silver,Not Returned,7,48.67,Diwali,No,Mobile,18.3,6358.87,2025,12,8,0,7010.44,1752.61
ORD100755,2025-07-22,64,Female,Delhi,Sports,1265.31,3,10.0,UPI,6,3.8,Regular,Not Returned,4,34.52,Holi,Yes,Mobile,1.0,3883.74,2025,7,22,0,3795.93,379.59299999999996
ORD100756,2025-06-09,58,Female,Telangana,Sports,1175.0,5,15.0,Wallet,7,3.9,Silver,Not Returned,4,92.3,Sankranti,Yes,Mobile,13.7,5412.27,2025,6,9,0,5875.0,881.25
ORD100757,2025-09-27,59,Female,Delhi,Electronics,2459.7,2,10.0,Wallet,6,4.8,Platinum,Not Returned,6,117.19,Normal,No,Mobile,14.6,4573.61,2025,9,27,1,4919.4,491.94
ORD100758,2025-05-20,47,Female,West Bengal,Fashion,817.71,5,15.0,Net Banking,9,4.9,Silver,Not Returned,1,81.37,Diwali,Yes,Mobile,18.1,3761.46,2025,5,20,0,4088.55,613.2825
ORD100759,2025-02-16,34,Female,Tamil Nadu,Beauty,1095.42,4,0.0,UPI,2,3.6,Regular,Not Returned,4,121.39,Normal,Yes,Desktop,5.1,4876.26,2025,2,16,1,4381.68,0.0
ORD100760,2025-09-24,38,Female,Andhra Pradesh,Sports,591.14,1,0.0,Cash on Delivery,5,3.5,Platinum,Not Returned,8,111.58,Normal,Yes,Mobile,5.5,800.95,2025,9,24,0,591.14,0.0
ORD100761,2025-03-06,24,Female,Rajasthan,Fashion,3018.05,4,20.0,Wallet,7,3.4,Silver,Not Returned,4,130.22,Eid,No,Mobile,5.9,11278.38,2025,3,6,0,12072.2,2414.44
ORD100762,2025-07-21,38,Female,Kerala,Fashion,1548.75,3,20.0,UPI,4,4.6,Regular,Not Returned,4,166.07,Normal,Yes,Mobile,15.1,3736.48,2025,7,21,0,4646.25,929.25
ORD100763,2025-12-13,35,Male,Delhi,Sports,757.62,3,5.0,Net Banking,9,3.3,Silver,Not Returned,9,181.49,Normal,No,Mobile,15.2,2481.05,2025,12,13,1,2272.86,113.64300000000001
ORD100764,2025-12-08,19,Male,Karnataka,Sports,1113.97,4,10.0,UPI,4,4.6,Regular,Not Returned,5,115.61,Normal,No,Desktop,6.3,3749.58,2025,12,8,0,4455.88,445.588
ORD100765,2025-05-12,27,Male,Tamil Nadu,Books,1671.29,2,30.0,Net Banking,4,4.4,Regular,Not Returned,2,73.91,Christmas,Yes,Desktop,23.5,2753.09,2025,5,12,0,3342.58,1002.7739999999999
ORD100766,2025-10-12,43,Female,Tamil Nadu,Sports,1019.54,2,0.0,Cash on Delivery,4,3.6,Silver,Not Returned,2,92.16,Normal,No,Mobile,13.7,2043.0,2025,10,12,1,2039.08,0.0
ORD100767,2025-08-12,35,Male,Tamil Nadu,Books,847.82,2,5.0,Wallet,7,5.0,Regular,Not Returned,2,145.06,Normal,No,Mobile,12.7,1547.9,2025,8,12,0,1695.64,84.78200000000001
ORD100768,2025-06-24,64,Female,Maharashtra,Fashion,784.31,3,10.0,Debit Card,2,3.0,Regular,Not Returned,1,58.74,Normal,No,Desktop,10.8,2471.8,2025,6,24,0,2352.93,235.293
ORD100769,2025-02-21,40,Female,Telangana,Fashion,1495.78,4,10.0,Net Banking,2,5.0,Silver,Not Returned,5,140.67,Diwali,No,Mobile,17.6,6196.29,2025,2,21,0,5983.12,598.312
ORD100770,2025-05-18,63,Other,West Bengal,Fashion,950.84,4,15.0,Wallet,8,4.2,Regular,Not Returned,3,84.05,Normal,Yes,Mobile,14.3,3338.24,2025,5,18,1,3803.36,570.504
ORD100771,2025-08-26,49,Male,Kerala,Electronics,893.49,3,15.0,Credit Card,3,2.5,Silver,Not Returned,7,97.95,Holi,Yes,Mobile,23.3,2346.86,2025,8,26,0,2680.4700000000003,402.07050000000004
ORD100772,2025-12-27,19,Female,Rajasthan,Sports,503.53,5,15.0,Cash on Delivery,2,5.0,Regular,Not Returned,5,61.73,Christmas,No,Mobile,4.7,2466.69,2025,12,27,1,2517.6499999999996,377.6474999999999
ORD100773,2025-01-02,27,Female,Kerala,Beauty,1262.11,1,15.0,Debit Card,3,4.7,Silver,Not Returned,2,43.67,Normal,No,Desktop,2.7,1211.09,2025,1,2,0,1262.11,189.3165
ORD100774,2025-09-19,51,Male,Karnataka,Electronics,1066.65,5,10.0,Debit Card,4,3.7,Gold,Not Returned,6,80.24,Normal,No,Mobile,7.6,5159.34,2025,9,19,0,5333.25,533.325
ORD100775,2025-11-05,43,Female,Kerala,Fashion,973.6,1,20.0,Net Banking,1,3.3,Regular,Not Returned,7,135.61,Normal,No,Desktop,15.3,963.32,2025,11,5,0,973.6,194.72
ORD100776,2025-12-14,32,Male,Telangana,Fashion,1365.5,2,0.0,Credit Card,9,2.9,Gold,Not Returned,4,90.905,Normal,No,Desktop,9.4,3202.32,2025,12,14,1,2731.0,0.0
ORD100777,2025-06-04,42,Female,West Bengal,Home & Kitchen,1951.35,1,10.0,UPI,2,5.0,Regular,Not Returned,4,146.44,Normal,No,Mobile,19.6,1962.67,2025,6,4,0,1951.35,195.135
ORD100778,2025-02-13,60,Female,Delhi,Home & Kitchen,1893.33,2,15.0,Debit Card,5,3.4,Regular,Not Returned,2,69.95,Sankranti,No,Mobile,9.6,3090.07,2025,2,13,0,3786.66,567.9989999999999
ORD100779,2025-04-09,36,Male,Telangana,Fashion,1718.75,2,10.0,Net Banking,3,3.1,Regular,Not Returned,6,52.61,Normal,Yes,Mobile,18.5,2928.96,2025,4,9,0,3437.5,343.75
ORD100780,2025-11-07,20,Male,Kerala,Books,1026.22,1,0.0,UPI,3,4.2,Regular,Not Returned,5,98.88,Normal,Yes,Mobile,7.0,1238.98,2025,11,7,0,1026.22,0.0
ORD100781,2025-11-17,32,Male,Kerala,Fashion,830.08,2,10.0,Debit Card,1,2.9,Regular,Returned,4,113.77,Normal,No,Mobile,19.1,565.55,2025,11,17,0,1660.16,166.01600000000002
ORD100782,2025-08-21,61,Male,Tamil Nadu,Beauty,608.83,3,20.0,Net Banking,10,3.3,Gold,Not Returned,4,96.58,Normal,Yes,Mobile,20.2,1675.5,2025,8,21,0,1826.4900000000002,365.298
ORD100783,2025-02-14,53,Female,Telangana,Home & Kitchen,816.09,1,5.0,Debit Card,10,4.7,Gold,Not Returned,5,95.28,Normal,No,Desktop,8.6,885.02,2025,2,14,0,816.09,40.804500000000004
ORD100784,2025-02-14,57,Male,Delhi,Home & Kitchen,1215.43,3,20.0,Cash on Delivery,2,4.3,Platinum,Not Returned,3,146.1,Normal,No,Mobile,14.9,3299.49,2025,2,14,0,3646.29,729.258
ORD100785,2025-06-24,60,Male,Tamil Nadu,Sports,719.81,1,20.0,Cash on Delivery,2,3.7,Platinum,Returned,3,93.32,Holi,Yes,Mobile,13.6,307.15,2025,6,24,0,719.81,143.962
ORD100786,2025-08-03,23,Female,Kerala,Books,1277.31,1,15.0,Net Banking,9,4.0,Regular,Not Returned,3,73.54,Normal,No,Mobile,15.1,1263.48,2025,8,3,1,1277.31,191.5965
ORD100787,2025-01-12,31,Female,Tamil Nadu,Electronics,640.68,1,5.0,Wallet,5,3.7,Regular,Not Returned,4,50.35,Normal,No,Desktop,19.7,690.52,2025,1,12,1,640.68,32.034
ORD100788,2025-09-08,20,Female,Gujarat,Home & Kitchen,407.66,2,20.0,Debit Card,1,4.0,Regular,Not Returned,3,134.58,Eid,No,Mobile,17.8,877.91,2025,9,8,0,815.32,163.06400000000002
ORD100789,2025-07-18,18,Female,Andhra Pradesh,Electronics,2044.05,3,5.0,Debit Card,2,3.5,Silver,Not Returned,1,75.1,Normal,Yes,Tablet,15.1,6306.17,2025,7,18,0,6132.15,306.6075
ORD100790,2025-01-05,57,Male,Karnataka,Home & Kitchen,881.57,2,25.0,Credit Card,5,3.6,Gold,Not Returned,1,78.52,Holi,No,Desktop,16.0,1612.02,2025,1,5,1,1763.14,440.785
ORD100791,2025-02-04,62,Female,Kerala,Beauty,696.46,3,15.0,Debit Card,6,3.6,Regular,Not Returned,5,90.905,Normal,No,Desktop,4.4,1765.37,2025,2,4,0,2089.38,313.407
ORD100792,2025-06-15,25,Male,Maharashtra,Home & Kitchen,589.38,2,0.0,Wallet,7,3.5,Regular,Not Returned,1,161.9,Normal,No,Desktop,11.8,1226.45,2025,6,15,1,1178.76,0.0
ORD100793,2025-09-21,51,Female,Gujarat,Fashion,1579.79,3,20.0,Cash on Delivery,2,4.7,Regular,Not Returned,5,98.8,Normal,No,Desktop,5.4,4197.19,2025,9,21,1,4739.37,947.8739999999999
ORD100794,2025-10-29,43,Other,Telangana,Fashion,2932.96,5,10.0,Net Banking,4,4.5,Gold,Not Returned,5,85.21,Sankranti,Yes,Mobile,11.9,15320.12,2025,10,29,0,14664.8,1466.48
ORD100795,2025-06-07,21,Female,Maharashtra,Fashion,923.42,2,10.0,Debit Card,3,3.3,Regular,Not Returned,3,89.8,Christmas,Yes,Desktop,18.7,1946.27,2025,6,7,1,1846.84,184.68399999999997
ORD100796,2025-04-18,61,Female,Delhi,Fashion,1043.11,1,10.0,Net Banking,6,3.2,Silver,Not Returned,4,74.06,Normal,No,Mobile,12.0,1056.44,2025,4,18,0,1043.11,104.31099999999998
ORD100797,2025-12-20,58,Female,Karnataka,Home & Kitchen,2408.21,1,15.0,Net Banking,4,3.9,Regular,Not Returned,6,77.55,Normal,No,Mobile,1.0,2157.86,2025,12,20,1,2408.21,361.23150000000004
ORD100798,2025-06-17,44,Male,Telangana,Sports,369.92,2,20.0,Cash on Delivery,3,5.0,Regular,Not Returned,5,77.73,Normal,No,Tablet,11.8,683.46,2025,6,17,0,739.84,147.96800000000002
ORD100799,2025-04-26,51,Female,West Bengal,Electronics,4309.35,2,25.0,Wallet,9,3.3,Regular,Returned,4,121.88,Normal,No,Mobile,15.5,2401.52,2025,4,26,1,8618.7,2154.675
ORD100800,2025-06-11,36,Female,Delhi,Electronics,5876.65,1,5.0,Wallet,6,3.9,Gold,Not Returned,2,86.91,Normal,Yes,Mobile,8.8,5787.22,2025,6,11,0,5876.65,293.8325
ORD100801,2025-01-05,55,Other,Gujarat,Beauty,206.64,4,15.0,UPI,5,4.1,Silver,Not Returned,0,137.58,Eid,Yes,Mobile,16.7,1000.89,2025,1,5,1,826.56,123.984
ORD100802,2025-04-21,38,Female,Delhi,Sports,1126.31,5,15.0,Credit Card,2,3.9,Regular,Not Returned,2,85.93,Normal,Yes,Mobile,4.8,4657.06,2025,4,21,0,5631.549999999999,844.7324999999998
ORD100803,2025-07-08,64,Male,Delhi,Fashion,752.02,1,15.0,Wallet,1,3.7,Regular,Not Returned,3,77.15,Normal,Yes,Desktop,14.3,726.66,2025,7,8,0,752.02,112.803
ORD100804,2025-12-02,20,Female,Delhi,Fashion,1010.27,1,10.0,Debit Card,8,4.8,Regular,Not Returned,2,134.73,Sankranti,Yes,Desktop,14.6,1047.46,2025,12,2,0,1010.27,101.027
ORD100805,2025-09-27,26,Male,Kerala,Beauty,914.27,1,10.0,Credit Card,10,4.3,Regular,Not Returned,4,90.75,Normal,No,Mobile,16.7,904.46,2025,9,27,1,914.27,91.427
ORD100806,2025-10-13,63,Male,Andhra Pradesh,Home & Kitchen,2033.92,2,20.0,Net Banking,6,4.6,Regular,Not Returned,2,85.57,Eid,No,Mobile,8.1,3464.23,2025,10,13,0,4067.84,813.568
ORD100807,2025-07-18,31,Male,Kerala,Sports,1115.33,4,10.0,Cash on Delivery,1,4.4,Regular,Returned,1,91.17,Normal,No,Mobile,16.7,1439.31,2025,7,18,0,4461.32,446.13199999999995
ORD100808,2025-02-10,32,Female,Tamil Nadu,Electronics,663.8,2,5.0,UPI,5,4.6,Silver,Not Returned,3,141.33,Christmas,No,Desktop,21.0,1629.04,2025,2,10,0,1327.6,66.38
ORD100809,2025-05-23,55,Male,Delhi,Electronics,1072.94,1,10.0,UPI,3,5.0,Gold,Returned,2,100.71,Normal,Yes,Mobile,1.0,380.99,2025,5,23,0,1072.94,107.29400000000001
ORD100810,2025-12-30,26,Male,Maharashtra,Beauty,1676.87,2,5.0,Net Banking,1,4.0,Silver,Not Returned,7,133.73,Normal,No,Desktop,12.3,3821.67,2025,12,30,0,3353.74,167.68699999999998
ORD100811,2025-01-17,42,Male,Rajasthan,Home & Kitchen,555.94,1,0.0,Net Banking,2,5.0,Silver,Not Returned,4,81.79,Normal,Yes,Mobile,1.2,688.23,2025,1,17,0,555.94,0.0
ORD100812,2025-11-17,31,Female,Kerala,Sports,411.59,2,0.0,Debit Card,5,4.9,Platinum,Not Returned,5,128.13,Christmas,Yes,Mobile,6.8,1134.93,2025,11,17,0,823.18,0.0
ORD100813,2025-09-07,27,Female,Kerala,Beauty,4382.43,2,15.0,Wallet,5,3.5,Platinum,Returned,4,98.32,Normal,Yes,Mobile,7.3,2943.71,2025,9,7,1,8764.86,1314.7290000000003
ORD100814,2025-04-14,63,Male,Rajasthan,Home & Kitchen,790.37,2,30.0,UPI,6,4.6,Regular,Not Returned,5,120.89,Normal,Yes,Mobile,11.6,1255.23,2025,4,14,0,1580.74,474.222
ORD100815,2025-10-11,27,Male,Maharashtra,Electronics,1097.51,2,10.0,Wallet,7,4.5,Regular,Not Returned,4,123.83,Normal,No,Desktop,14.3,2188.07,2025,10,11,1,2195.02,219.502
ORD100816,2025-11-02,22,Female,Karnataka,Electronics,926.59,4,5.0,UPI,3,5.0,Regular,Not Returned,2,57.04,Normal,No,Mobile,17.4,3313.15,2025,11,2,1,3706.36,185.31799999999998
ORD100817,2025-01-16,49,Male,Karnataka,Sports,1713.57,1,20.0,Cash on Delivery,3,3.3,Gold,Not Returned,7,92.52,Christmas,No,Tablet,13.6,1755.68,2025,1,16,0,1713.57,342.714
ORD100818,2025-02-08,58,Female,West Bengal,Fashion,3798.61,3,5.0,Wallet,7,4.4,Regular,Not Returned,4,123.5,Christmas,No,Mobile,16.0,10968.32,2025,2,8,1,11395.83,569.7915
ORD100819,2025-08-31,23,Male,Delhi,Beauty,1749.41,1,30.0,Cash on Delivery,2,3.5,Regular,Not Returned,5,129.08,Diwali,No,Tablet,5.5,1509.31,2025,8,31,1,1749.41,524.823
ORD100820,2025-12-31,51,Female,Telangana,Sports,447.26,1,15.0,Net Banking,1,4.4,Silver,Not Returned,2,133.87,Normal,No,Mobile,18.3,564.41,2025,12,31,0,447.26,67.089
ORD100821,2025-01-09,43,Male,Maharashtra,Books,488.04,4,5.0,Debit Card,9,4.0,Silver,Not Returned,4,93.67,Diwali,No,Mobile,1.0,2206.18,2025,1,9,0,1952.16,97.608
ORD100822,2025-08-31,57,Female,Karnataka,Fashion,925.88,3,10.0,Credit Card,3,4.3,Silver,Not Returned,2,143.91,Normal,No,Mobile,21.2,2343.11,2025,8,31,1,2777.64,277.76399999999995
ORD100823,2025-02-19,23,Male,Gujarat,Electronics,1008.0,1,10.0,Credit Card,2,3.0,Gold,Not Returned,5,67.0,Normal,Yes,Mobile,20.1,930.92,2025,2,19,0,1008.0,100.8
ORD100824,2025-08-26,63,Female,Andhra Pradesh,Sports,391.82,2,20.0,UPI,8,4.6,Silver,Not Returned,2,37.68,Normal,No,Mobile,16.5,707.64,2025,8,26,0,783.64,156.72799999999998
ORD100825,2025-08-16,47,Other,Delhi,Sports,2043.97,3,0.0,Credit Card,6,4.1,Gold,Not Returned,2,80.28,Diwali,No,Mobile,25.4,6121.9,2025,8,16,1,6131.91,0.0
ORD100826,2025-02-03,57,Female,Delhi,Fashion,592.27,4,20.0,Credit Card,2,4.1,Regular,Returned,4,131.85,Christmas,Yes,Mobile,1.2,794.29,2025,2,3,0,2369.08,473.816
ORD100827,2025-09-06,35,Male,Tamil Nadu,Beauty,3167.58,2,20.0,Net Banking,9,5.0,Gold,Not Returned,4,51.98,Normal,No,Desktop,16.7,5802.24,2025,9,6,1,6335.16,1267.032
ORD100828,2025-11-24,62,Male,Telangana,Fashion,3918.59,1,25.0,Credit Card,3,3.7,Silver,Not Returned,1,38.55,Holi,No,Desktop,12.8,3537.76,2025,11,24,0,3918.59,979.6475
ORD100829,2025-11-12,47,Female,Gujarat,Sports,1021.18,2,25.0,UPI,7,4.2,Regular,Not Returned,5,29.78,Sankranti,No,Desktop,13.5,1662.04,2025,11,12,0,2042.36,510.59
ORD100830,2025-01-11,23,Female,Tamil Nadu,Sports,1596.24,1,5.0,Net Banking,7,4.1,Platinum,Not Returned,4,115.76,Eid,Yes,Desktop,5.0,2026.24,2025,1,11,1,1596.24,79.812
ORD100831,2025-03-31,61,Male,Rajasthan,Fashion,538.78,1,15.0,Cash on Delivery,9,4.1,Platinum,Not Returned,2,39.33,Eid,Yes,Tablet,14.4,609.06,2025,3,31,0,538.78,80.817
ORD100832,2025-03-29,55,Male,Delhi,Home & Kitchen,1799.86,2,20.0,Credit Card,8,5.0,Gold,Not Returned,6,109.22,Normal,Yes,Mobile,14.1,2915.6,2025,3,29,1,3599.72,719.944
ORD100833,2025-06-15,32,Male,Rajasthan,Home & Kitchen,868.05,3,10.0,Net Banking,8,4.0,Gold,Not Returned,5,78.52,Normal,No,Tablet,7.9,2707.67,2025,6,15,1,2604.1499999999996,260.41499999999996
ORD100834,2025-02-22,43,Female,Kerala,Electronics,591.92,1,0.0,Credit Card,1,3.6,Regular,Not Returned,1,63.03,Holi,No,Mobile,11.6,766.36,2025,2,22,1,591.92,0.0
ORD100835,2025-11-08,36,Female,Rajasthan,Electronics,994.27,3,10.0,Net Banking,10,5.0,Regular,Not Returned,7,55.04,Holi,No,Mobile,4.1,3081.12,2025,11,8,1,2982.81,298.281
ORD100836,2025-10-11,43,Female,Andhra Pradesh,Books,886.55,3,5.0,UPI,2,3.8,Regular,Not Returned,4,97.22,Normal,No,Mobile,9.6,2544.73,2025,10,11,1,2659.6499999999996,132.9825
ORD100837,2025-10-23,63,Female,Tamil Nadu,Home & Kitchen,971.39,3,25.0,Cash on Delivery,3,2.9,Gold,Not Returned,7,63.6,Diwali,Yes,Mobile,17.8,2714.6,2025,10,23,0,2914.17,728.5425
ORD100838,2025-03-14,60,Male,Andhra Pradesh,Electronics,2224.68,1,10.0,Cash on Delivery,5,3.5,Gold,Not Returned,3,89.83,Christmas,Yes,Mobile,17.9,2605.79,2025,3,14,0,2224.68,222.468
ORD100839,2025-01-06,28,Male,Gujarat,Electronics,720.27,2,15.0,Debit Card,3,3.1,Platinum,Returned,4,104.05,Normal,No,Mobile,16.6,557.22,2025,1,6,0,1440.54,216.081
ORD100840,2025-11-29,63,Male,Kerala,Home & Kitchen,3706.49,1,30.0,Net Banking,6,2.7,Gold,Not Returned,2,111.44,Normal,Yes,Desktop,17.8,3073.79,2025,11,29,1,3706.49,1111.947
ORD100841,2025-04-16,38,Female,Tamil Nadu,Books,507.14,1,10.0,Debit Card,1,3.7,Silver,Not Returned,5,122.7,Normal,No,Desktop,17.8,539.53,2025,4,16,0,507.14,50.714
ORD100842,2025-08-28,51,Male,Karnataka,Home & Kitchen,3429.28,1,20.0,Cash on Delivery,5,4.0,Regular,Not Returned,3,95.77,Normal,No,Mobile,8.1,2907.03,2025,8,28,0,3429.28,685.8560000000001
ORD100843,2025-11-28,53,Male,Gujarat,Books,619.77,1,0.0,Credit Card,4,4.8,Regular,Not Returned,1,53.25,Normal,No,Mobile,14.0,699.09,2025,11,28,0,619.77,0.0
ORD100844,2025-01-14,40,Male,Telangana,Home & Kitchen,1199.21,1,0.0,Cash on Delivery,7,4.4,Regular,Not Returned,7,106.3,Normal,No,Mobile,18.5,1386.87,2025,1,14,0,1199.21,0.0
ORD100845,2025-01-02,39,Male,Kerala,Sports,872.58,1,5.0,Net Banking,6,4.4,Gold,Not Returned,4,112.97,Holi,Yes,Mobile,3.7,1122.16,2025,1,2,0,872.58,43.629000000000005
ORD100846,2025-01-02,39,Female,Gujarat,Sports,959.73,4,10.0,Wallet,8,3.4,Regular,Not Returned,4,83.65,Normal,No,Mobile,3.7,3868.19,2025,1,2,0,3838.92,383.892
ORD100847,2025-02-27,58,Male,Tamil Nadu,Electronics,2020.21,3,10.0,Debit Card,2,4.6,Gold,Not Returned,3,79.92,Holi,No,Mobile,3.4,5694.24,2025,2,27,0,6060.63,606.063
ORD100848,2025-01-19,36,Male,Tamil Nadu,Electronics,3181.04,1,10.0,Debit Card,10,5.0,Silver,Not Returned,3,176.63,Normal,Yes,Desktop,1.3,3235.64,2025,1,19,1,3181.04,318.10400000000004
ORD100849,2025-10-27,31,Female,Karnataka,Books,2601.69,4,5.0,Debit Card,4,4.3,Regular,Not Returned,5,44.74,Holi,No,Mobile,5.7,11033.91,2025,10,27,0,10406.76,520.3380000000001
ORD100850,2025-08-10,34,Male,Kerala,Books,922.35,1,0.0,Wallet,4,4.3,Gold,Not Returned,4,107.28,Normal,No,Mobile,8.8,1161.38,2025,8,10,1,922.35,0.0
ORD100851,2025-12-24,27,Male,Tamil Nadu,Electronics,1352.68,2,15.0,Wallet,6,3.1,Silver,Not Returned,6,126.61,Diwali,Yes,Mobile,21.1,2948.59,2025,12,24,0,2705.36,405.80400000000003
ORD100852,2025-10-20,36,Male,Karnataka,Beauty,721.78,3,0.0,Cash on Delivery,2,4.7,Silver,Returned,6,78.06,Normal,Yes,Mobile,9.4,765.64,2025,10,20,0,2165.34,0.0
ORD100853,2025-12-18,23,Female,Kerala,Books,629.91,2,20.0,Net Banking,9,5.0,Regular,Not Returned,7,84.1,Normal,Yes,Mobile,2.9,1190.79,2025,12,18,0,1259.82,251.96399999999997
ORD100854,2025-03-29,22,Male,Telangana,Books,569.63,1,25.0,UPI,3,4.2,Regular,Not Returned,2,75.95,Normal,Yes,Mobile,13.0,527.77,2025,3,29,1,569.63,142.4075
ORD100855,2025-04-16,52,Female,Kerala,Fashion,902.94,1,20.0,Net Banking,10,3.6,Regular,Not Returned,4,90.01,Normal,Yes,Desktop,10.9,803.24,2025,4,16,0,902.94,180.58800000000002
ORD100856,2025-11-07,21,Female,Telangana,Sports,1411.38,2,15.0,Net Banking,2,3.9,Silver,Not Returned,3,121.48,Sankranti,Yes,Mobile,7.3,2651.26,2025,11,7,0,2822.76,423.414
ORD100857,2025-03-31,44,Female,Telangana,Beauty,346.33,2,15.0,Net Banking,9,3.7,Gold,Not Returned,2,83.06,Normal,No,Mobile,8.5,727.32,2025,3,31,0,692.66,103.899
ORD100858,2025-01-21,54,Male,Tamil Nadu,Books,1164.38,2,15.0,Cash on Delivery,4,3.7,Platinum,Not Returned,2,198.87,Eid,No,Mobile,18.4,2680.05,2025,1,21,0,2328.76,349.314
ORD100859,2025-09-02,52,Female,Tamil Nadu,Electronics,3214.71,2,25.0,Wallet,7,4.5,Gold,Not Returned,4,90.905,Normal,Yes,Tablet,3.5,5346.2,2025,9,2,0,6429.42,1607.355
ORD100860,2025-10-20,38,Male,Andhra Pradesh,Beauty,2488.21,1,30.0,Cash on Delivery,9,4.2,Regular,Not Returned,2,138.21,Normal,No,Mobile,2.0,1809.24,2025,10,20,0,2488.21,746.4630000000001
ORD100861,2025-12-20,27,Male,Rajasthan,Electronics,820.33,2,10.0,Wallet,2,4.7,Platinum,Not Returned,2,109.04,Eid,Yes,Desktop,14.8,1988.1,2025,12,20,1,1640.66,164.06600000000003
ORD100862,2025-12-05,61,Female,Karnataka,Home & Kitchen,484.01,1,15.0,Credit Card,4,4.3,Regular,Not Returned,4,93.8,Normal,No,Desktop,8.3,492.92,2025,12,5,0,484.01,72.6015
ORD100863,2025-02-13,57,Male,West Bengal,Electronics,1618.03,4,20.0,Cash on Delivery,10,3.4,Regular,Not Returned,3,141.48,Christmas,Yes,Tablet,21.3,6164.04,2025,2,13,0,6472.12,1294.424
ORD100864,2025-10-09,46,Male,Rajasthan,Home & Kitchen,266.07,3,0.0,Debit Card,2,3.6,Silver,Not Returned,3,34.0,Normal,Yes,Desktop,11.1,945.13,2025,10,9,0,798.21,0.0
ORD100865,2025-11-05,22,Male,West Bengal,Sports,2469.27,2,15.0,Wallet,2,3.6,Gold,Not Returned,4,104.88,Normal,No,Mobile,11.4,4379.36,2025,11,5,0,4938.54,740.7810000000001
ORD100866,2025-09-12,19,Male,West Bengal,Beauty,1044.45,3,15.0,Wallet,6,3.9,Platinum,Not Returned,7,64.93,Christmas,No,Mobile,16.7,3311.98,2025,9,12,0,3133.3500000000004,470.00250000000005
ORD100867,2025-10-27,32,Male,Telangana,Fashion,3945.86,1,20.0,Wallet,1,5.0,Gold,Not Returned,7,74.74,Normal,No,Tablet,2.0,3659.31,2025,10,27,0,3945.86,789.172
ORD100868,2025-11-02,25,Female,Karnataka,Home & Kitchen,390.55,1,10.0,Credit Card,10,5.0,Regular,Not Returned,5,73.09,Sankranti,No,Mobile,14.0,466.14,2025,11,2,1,390.55,39.055
ORD100869,2025-06-12,58,Female,Delhi,Home & Kitchen,2179.55,2,10.0,Debit Card,10,4.0,Regular,Not Returned,1,56.27,Normal,No,Desktop,9.8,3656.52,2025,6,12,0,4359.1,435.91
ORD100870,2025-01-15,27,Male,Kerala,Sports,1124.11,2,5.0,UPI,2,4.1,Regular,Not Returned,4,32.16,Sankranti,Yes,Tablet,18.2,2462.9,2025,1,15,0,2248.22,112.41099999999999
ORD100871,2025-06-16,31,Female,Andhra Pradesh,Fashion,967.67,3,15.0,Wallet,2,3.0,Silver,Not Returned,2,103.61,Normal,No,Mobile,8.1,2552.05,2025,6,16,0,2903.0099999999998,435.45149999999995
ORD100872,2025-03-15,63,Male,Kerala,Electronics,492.59,5,25.0,Credit Card,8,4.2,Regular,Not Returned,10,87.69,Normal,No,Desktop,13.1,1958.18,2025,3,15,1,2462.95,615.7375
ORD100873,2025-02-11,56,Male,West Bengal,Beauty,1767.49,1,25.0,Cash on Delivery,6,3.4,Regular,Not Returned,7,79.48,Normal,No,Mobile,9.8,1321.29,2025,2,11,0,1767.49,441.8725
ORD100874,2025-02-15,28,Male,West Bengal,Sports,1862.3,1,10.0,Debit Card,9,5.0,Regular,Not Returned,1,90.905,Diwali,No,Mobile,14.5,2028.35,2025,2,15,1,1862.3,186.23
ORD100875,2025-09-12,36,Male,Karnataka,Home & Kitchen,3829.2,2,5.0,Wallet,10,2.9,Silver,Not Returned,2,105.82,Eid,Yes,Mobile,10.5,8003.53,2025,9,12,0,7658.4,382.92
ORD100876,2025-07-04,42,Male,Tamil Nadu,Fashion,2310.71,1,20.0,Net Banking,5,4.3,Silver,Not Returned,5,80.66,Eid,No,Mobile,13.6,2262.02,2025,7,4,0,2310.71,462.142
ORD100877,2025-07-17,49,Male,Karnataka,Electronics,815.7,1,20.0,Net Banking,3,3.4,Regular,Not Returned,8,196.78,Sankranti,No,Tablet,22.5,905.46,2025,7,17,0,815.7,163.14
ORD100878,2025-09-29,62,Male,Tamil Nadu,Books,624.88,5,10.0,Cash on Delivery,7,4.0,Regular,Not Returned,3,125.63,Holi,Yes,Tablet,10.3,3080.99,2025,9,29,0,3124.4,312.44
ORD100879,2025-07-20,58,Female,Karnataka,Sports,493.02,3,10.0,UPI,7,4.5,Silver,Not Returned,5,175.57,Christmas,No,Mobile,14.4,1717.54,2025,7,20,1,1479.06,147.90599999999998
ORD100880,2025-08-18,63,Male,Karnataka,Electronics,3126.51,5,5.0,Wallet,5,4.7,Silver,Not Returned,5,75.48,Normal,Yes,Desktop,25.7,14383.14,2025,8,18,0,15632.550000000001,781.6275
ORD100881,2025-02-01,19,Male,Maharashtra,Electronics,723.62,1,20.0,UPI,3,4.0,Regular,Not Returned,6,98.74,Normal,No,Mobile,14.3,750.75,2025,2,1,1,723.62,144.724
ORD100882,2025-11-07,29,Male,Andhra Pradesh,Electronics,3140.78,1,15.0,Debit Card,3,4.5,Regular,Not Returned,8,46.66,Diwali,No,Mobile,1.0,2966.3,2025,11,7,0,3140.78,471.117
ORD100883,2025-06-13,44,Female,Tamil Nadu,Home & Kitchen,1688.12,2,10.0,Debit Card,6,3.5,Platinum,Not Returned,6,78.43,Normal,Yes,Tablet,8.0,3372.48,2025,6,13,0,3376.24,337.62399999999997
ORD100884,2025-02-26,20,Male,Karnataka,Sports,1487.0,4,25.0,Debit Card,5,4.2,Silver,Not Returned,6,69.56,Christmas,No,Tablet,4.8,4919.04,2025,2,26,0,5948.0,1487.0
ORD100885,2025-10-24,34,Female,Telangana,Electronics,983.0,1,15.0,Wallet,5,4.7,Regular,Not Returned,7,194.84,Normal,Yes,Mobile,17.5,1031.48,2025,10,24,0,983.0,147.45
ORD100886,2025-09-26,25,Male,West Bengal,Sports,1843.67,1,25.0,Credit Card,1,4.2,Silver,Not Returned,4,65.76,Normal,Yes,Mobile,11.4,1581.11,2025,9,26,0,1843.67,460.9175
ORD100887,2025-01-20,61,Male,Gujarat,Electronics,1187.99,1,10.0,Cash on Delivery,9,3.6,Silver,Not Returned,5,81.81,Christmas,No,Mobile,18.4,1211.65,2025,1,20,0,1187.99,118.79899999999999
ORD100888,2025-03-12,20,Female,Rajasthan,Sports,943.96,3,10.0,Credit Card,8,3.8,Regular,Returned,3,39.12,Normal,No,Desktop,15.7,885.69,2025,3,12,0,2831.88,283.18800000000005
ORD100889,2025-01-06,24,Male,Kerala,Fashion,1886.5,3,25.0,Wallet,10,4.7,Regular,Returned,2,108.68,Eid,No,Mobile,15.6,1640.66,2025,1,6,0,5659.5,1414.875
ORD100890,2025-04-09,27,Male,Telangana,Books,1092.8,3,30.0,Net Banking,9,3.2,Platinum,Not Returned,3,58.49,Eid,No,Mobile,4.7,3110.09,2025,4,9,0,3278.3999999999996,983.5199999999999
ORD100891,2025-02-06,24,Male,Rajasthan,Home & Kitchen,714.2,1,30.0,Debit Card,7,3.3,Regular,Not Returned,5,122.15,Diwali,No,Desktop,15.0,712.13,2025,2,6,0,714.2,214.26
ORD100892,2025-09-17,44,Other,Maharashtra,Fashion,1772.18,3,20.0,UPI,4,4.4,Regular,Not Returned,2,27.41,Sankranti,Yes,Mobile,20.2,5064.18,2025,9,17,0,5316.54,1063.308
ORD100893,2025-07-10,35,Female,Gujarat,Fashion,1151.11,2,10.0,UPI,7,3.7,Gold,Returned,4,85.74,Normal,No,Desktop,3.3,809.58,2025,7,10,0,2302.22,230.22199999999998
ORD100894,2025-12-24,60,Female,Karnataka,Sports,1648.91,1,5.0,Credit Card,6,3.0,Regular,Not Returned,3,25.4,Normal,Yes,Mobile,10.1,1728.71,2025,12,24,0,1648.91,82.44550000000001
ORD100895,2025-10-01,30,Other,Maharashtra,Home & Kitchen,893.43,1,10.0,Debit Card,10,4.9,Silver,Not Returned,4,72.83,Christmas,No,Mobile,14.1,1049.65,2025,10,1,0,893.43,89.34299999999999
ORD100896,2025-08-12,43,Male,Maharashtra,Home & Kitchen,546.84,2,25.0,Wallet,3,3.2,Regular,Not Returned,5,79.95,Normal,No,Mobile,12.6,937.84,2025,8,12,0,1093.68,273.42
ORD100897,2025-07-05,49,Other,Tamil Nadu,Sports,3706.62,1,10.0,UPI,1,3.9,Regular,Not Returned,1,90.905,Normal,Yes,Mobile,20.6,3563.73,2025,7,5,1,3706.62,370.662
ORD100898,2025-01-20,47,Male,Kerala,Beauty,3279.26,5,20.0,Cash on Delivery,2,3.6,Regular,Not Returned,2,72.49,Normal,No,Mobile,16.4,12719.0,2025,1,20,0,16396.300000000003,3279.2600000000007
ORD100899,2025-01-26,55,Female,Delhi,Beauty,2131.41,2,25.0,Debit Card,2,3.8,Platinum,Not Returned,8,123.99,Diwali,No,Mobile,14.4,4457.89,2025,1,26,1,4262.82,1065.705
ORD100900,2025-08-13,27,Male,Andhra Pradesh,Home & Kitchen,932.62,1,30.0,UPI,7,3.4,Silver,Not Returned,3,166.11,Sankranti,Yes,Mobile,16.9,897.59,2025,8,13,0,932.62,279.786
ORD100901,2025-01-02,41,Male,Telangana,Electronics,987.2,2,25.0,Cash on Delivery,2,4.5,Gold,Not Returned,4,101.88,Normal,No,Mobile,16.6,1750.34,2025,1,2,0,1974.4,493.6
ORD100902,2025-01-16,55,Female,West Bengal,Electronics,2947.14,2,10.0,Net Banking,2,4.1,Regular,Not Returned,2,59.9,Normal,No,Desktop,12.2,5275.89,2025,1,16,0,5894.28,589.428
ORD100903,2025-03-21,58,Male,Kerala,Electronics,953.45,1,10.0,Wallet,4,4.7,Gold,Not Returned,5,92.24,Holi,Yes,Desktop,9.9,1007.86,2025,3,21,0,953.45,95.345
ORD100904,2025-11-19,47,Other,Rajasthan,Beauty,795.46,2,30.0,Cash on Delivery,8,3.6,Regular,Not Returned,3,77.6,Normal,No,Desktop,17.9,1187.59,2025,11,19,0,1590.92,477.27600000000007
ORD100905,2025-06-17,48,Male,Gujarat,Beauty,4052.26,1,5.0,Credit Card,5,5.0,Silver,Not Returned,2,121.13,Normal,No,Mobile,7.5,4139.81,2025,6,17,0,4052.26,202.61300000000003
ORD100906,2025-09-16,58,Female,Gujarat,Sports,1163.38,1,5.0,Wallet,3,2.7,Regular,Not Returned,3,100.08,Normal,Yes,Desktop,11.6,1197.09,2025,9,16,0,1163.38,58.169000000000004
ORD100907,2025-05-31,47,Female,West Bengal,Books,3787.85,3,30.0,Credit Card,3,2.9,Silver,Not Returned,5,34.78,Sankranti,Yes,Mobile,5.1,8866.34,2025,5,31,1,11363.55,3409.065
ORD100908,2025-03-05,62,Male,Gujarat,Fashion,483.53,2,15.0,Net Banking,9,5.0,Regular,Not Returned,4,128.43,Normal,No,Mobile,16.4,1035.55,2025,3,5,0,967.06,145.059
ORD100909,2025-05-16,23,Female,Karnataka,Books,1680.58,1,15.0,Wallet,5,4.3,Regular,Not Returned,5,123.84,Normal,No,Mobile,19.4,1475.29,2025,5,16,0,1680.58,252.08699999999996
ORD100910,2025-02-03,34,Female,Kerala,Books,4611.37,1,5.0,UPI,4,4.2,Gold,Not Returned,6,142.33,Normal,No,Desktop,6.4,4471.32,2025,2,3,0,4611.37,230.56849999999997
ORD100911,2025-10-09,23,Female,Tamil Nadu,Beauty,1223.43,2,15.0,Wallet,8,4.3,Regular,Not Returned,6,71.92,Normal,No,Mobile,11.1,2076.03,2025,10,9,0,2446.86,367.029
ORD100912,2025-03-08,22,Male,Karnataka,Beauty,1010.78,1,25.0,Credit Card,4,4.4,Regular,Not Returned,2,100.53,Eid,No,Tablet,9.1,968.71,2025,3,8,1,1010.78,252.695
ORD100913,2025-05-18,40,Female,Gujarat,Fashion,561.74,4,15.0,Debit Card,4,4.2,Gold,Not Returned,2,48.53,Christmas,No,Mobile,18.5,2377.47,2025,5,18,1,2246.96,337.04400000000004
ORD100914,2025-12-24,28,Female,Telangana,Fashion,2425.03,2,10.0,Credit Card,8,3.3,Regular,Not Returned,5,88.21,Diwali,Yes,Mobile,20.5,4984.4,2025,12,24,0,4850.06,485.0060000000001
ORD100915,2025-08-05,37,Male,Gujarat,Electronics,727.41,4,15.0,UPI,4,4.6,Silver,Not Returned,3,103.89,Normal,No,Mobile,9.1,2799.62,2025,8,5,0,2909.64,436.44599999999997
ORD100916,2025-06-17,38,Male,Kerala,Beauty,1128.28,2,25.0,Net Banking,6,4.5,Gold,Not Returned,6,67.74,Normal,Yes,Desktop,1.0,1912.3,2025,6,17,0,2256.56,564.14
ORD100917,2025-07-18,47,Female,Karnataka,Home & Kitchen,537.89,3,25.0,Debit Card,7,5.0,Silver,Not Returned,7,101.98,Normal,No,Mobile,18.9,1309.59,2025,7,18,0,1613.67,403.4175
ORD100918,2025-10-14,62,Female,Andhra Pradesh,Fashion,3301.26,1,10.0,Cash on Delivery,3,5.0,Regular,Not Returned,1,95.88,Normal,Yes,Mobile,12.3,2893.09,2025,10,14,0,3301.26,330.12600000000003
ORD100919,2025-04-03,57,Male,Delhi,Electronics,2542.12,1,15.0,Debit Card,2,4.2,Silver,Not Returned,4,74.26,Diwali,Yes,Mobile,12.3,2298.0,2025,4,3,0,2542.12,381.318
ORD100920,2025-08-21,35,Female,West Bengal,Electronics,1175.62,1,5.0,Net Banking,9,3.1,Silver,Not Returned,3,90.905,Normal,No,Mobile,17.8,1275.79,2025,8,21,0,1175.62,58.78099999999999
ORD100921,2025-11-15,33,Other,Delhi,Beauty,566.73,1,10.0,Wallet,3,5.0,Regular,Returned,3,81.79,Sankranti,Yes,Desktop,9.8,239.49,2025,11,15,1,566.73,56.673
ORD100922,2025-07-28,54,Male,Maharashtra,Sports,3256.53,4,5.0,Cash on Delivery,4,3.3,Silver,Not Returned,3,94.65,Normal,No,Desktop,8.2,13026.11,2025,7,28,0,13026.12,651.306
ORD100923,2025-06-12,23,Male,Gujarat,Beauty,945.98,3,15.0,UPI,6,4.2,Platinum,Not Returned,8,38.66,Normal,No,Mobile,9.9,2748.8,2025,6,12,0,2837.94,425.691
ORD100924,2025-02-22,43,Female,Maharashtra,Electronics,585.05,2,15.0,Credit Card,2,3.8,Regular,Not Returned,3,108.17,Normal,No,Mobile,14.9,1032.93,2025,2,22,1,1170.1,175.515
ORD100925,2025-04-01,37,Male,Karnataka,Electronics,381.72,2,10.0,Debit Card,1,4.0,Regular,Not Returned,2,73.31,Normal,Yes,Desktop,17.3,878.08,2025,4,1,0,763.44,76.34400000000001
ORD100926,2025-12-12,26,Female,Karnataka,Electronics,788.55,2,5.0,UPI,5,4.5,Silver,Not Returned,5,123.5,Normal,Yes,Desktop,21.8,1587.67,2025,12,12,0,1577.1,78.855
ORD100927,2025-07-17,46,Female,Tamil Nadu,Sports,466.18,2,5.0,Credit Card,10,4.2,Regular,Not Returned,4,44.11,Normal,No,Tablet,14.4,936.58,2025,7,17,0,932.36,46.618
ORD100928,2025-04-20,33,Female,Rajasthan,Sports,800.51,3,5.0,Credit Card,6,4.4,Gold,Not Returned,3,105.07,Eid,No,Mobile,11.1,2923.84,2025,4,20,1,2401.5299999999997,120.07649999999998
ORD100929,2025-06-02,26,Male,Gujarat,Fashion,1946.8,2,10.0,Wallet,6,3.4,Regular,Not Returned,4,20.0,Normal,Yes,Tablet,17.3,3142.84,2025,6,2,0,3893.6,389.36
ORD100930,2025-07-30,48,Female,Telangana,Electronics,940.18,3,5.0,Debit Card,7,3.9,Regular,Not Returned,2,111.56,Normal,Yes,Desktop,6.2,2655.94,2025,7,30,0,2820.54,141.02700000000002
ORD100931,2025-07-16,26,Female,West Bengal,Fashion,1512.13,1,0.0,Wallet,9,3.5,Silver,Not Returned,2,83.88,Normal,No,Mobile,20.5,1723.65,2025,7,16,0,1512.13,0.0
ORD100932,2025-09-13,49,Male,Telangana,Sports,749.88,5,30.0,Cash on Delivery,9,3.9,Platinum,Not Returned,2,103.98,Normal,Yes,Desktop,13.3,2810.37,2025,9,13,1,3749.4,1124.82
ORD100933,2025-04-04,25,Female,Kerala,Electronics,1251.92,1,5.0,Cash on Delivery,1,4.0,Regular,Not Returned,4,68.99,Christmas,No,Mobile,10.6,1501.02,2025,4,4,0,1251.92,62.596000000000004
ORD100934,2025-08-25,38,Female,Telangana,Sports,4182.49,2,25.0,Wallet,6,5.0,Gold,Not Returned,3,56.77,Normal,Yes,Mobile,6.2,6888.35,2025,8,25,0,8364.98,2091.245
ORD100935,2025-06-11,55,Female,Karnataka,Home & Kitchen,956.77,4,15.0,Net Banking,6,3.8,Regular,Not Returned,4,74.79,Christmas,No,Mobile,15.8,3539.39,2025,6,11,0,3827.08,574.062
ORD100936,2025-12-10,28,Male,Gujarat,Electronics,1540.64,1,20.0,Credit Card,3,2.5,Regular,Not Returned,2,96.72,Diwali,No,Mobile,10.3,1313.57,2025,12,10,0,1540.64,308.12800000000004
ORD100937,2025-02-27,54,Male,Rajasthan,Books,433.76,1,15.0,Credit Card,10,5.0,Regular,Not Returned,2,110.18,Normal,Yes,Mobile,11.4,445.78,2025,2,27,0,433.76,65.064
ORD100938,2025-02-24,51,Male,Rajasthan,Beauty,3223.25,1,5.0,Cash on Delivery,3,4.3,Regular,Not Returned,4,100.63,Normal,No,Desktop,2.0,3152.83,2025,2,24,0,3223.25,161.1625
ORD100939,2025-06-18,60,Male,West Bengal,Sports,879.97,2,20.0,UPI,9,3.9,Silver,Not Returned,5,57.21,Normal,Yes,Tablet,9.4,1680.5,2025,6,18,0,1759.94,351.98800000000006
ORD100940,2025-07-05,25,Male,Tamil Nadu,Electronics,2375.41,4,10.0,UPI,2,3.7,Regular,Not Returned,8,154.32,Normal,No,Mobile,8.6,7864.04,2025,7,5,1,9501.64,950.164
ORD100941,2025-09-10,51,Other,Andhra Pradesh,Home & Kitchen,1107.67,3,10.0,UPI,7,3.3,Regular,Not Returned,3,101.65,Normal,No,Mobile,14.5,3156.75,2025,9,10,0,3323.01,332.30100000000004
ORD100942,2025-05-28,62,Male,Rajasthan,Beauty,1785.77,2,20.0,Net Banking,8,5.0,Regular,Not Returned,4,68.22,Diwali,Yes,Mobile,10.4,3232.68,2025,5,28,0,3571.54,714.308
ORD100943,2025-11-30,53,Female,Rajasthan,Beauty,1856.1,5,15.0,Debit Card,6,4.0,Gold,Not Returned,4,104.85,Sankranti,No,Mobile,1.0,10547.23,2025,11,30,1,9280.5,1392.075
ORD100944,2025-06-23,26,Male,Tamil Nadu,Electronics,894.25,2,25.0,UPI,2,2.8,Gold,Not Returned,5,98.96,Normal,No,Tablet,9.5,1500.34,2025,6,23,0,1788.5,447.125
ORD100945,2025-02-17,56,Male,Andhra Pradesh,Beauty,2440.15,4,20.0,Net Banking,2,4.2,Regular,Not Returned,5,83.86,Diwali,No,Mobile,3.3,9324.34,2025,2,17,0,9760.6,1952.12
ORD100946,2025-02-13,23,Male,Gujarat,Books,732.7,1,10.0,Cash on Delivery,7,4.8,Regular,Not Returned,4,79.75,Christmas,Yes,Desktop,5.7,856.46,2025,2,13,0,732.7,73.27
ORD100947,2025-12-22,45,Male,Andhra Pradesh,Sports,1989.69,2,25.0,Net Banking,9,4.1,Platinum,Not Returned,3,124.47,Normal,No,Mobile,18.0,3335.08,2025,12,22,0,3979.38,994.845
ORD100948,2025-02-18,41,Female,Andhra Pradesh,Fashion,931.17,1,30.0,UPI,6,3.4,Regular,Not Returned,3,150.47,Normal,Yes,Tablet,1.9,798.46,2025,2,18,0,931.17,279.351
ORD100949,2025-12-12,42,Female,Rajasthan,Books,1506.12,1,20.0,Wallet,2,3.3,Gold,Not Returned,1,20.0,Normal,No,Mobile,13.8,1303.99,2025,12,12,0,1506.12,301.224
ORD100950,2025-04-12,42,Female,Maharashtra,Sports,888.72,3,0.0,Credit Card,8,3.4,Silver,Returned,4,133.07,Normal,Yes,Tablet,9.0,1043.15,2025,4,12,1,2666.16,0.0
ORD100951,2025-02-04,19,Male,Telangana,Electronics,1239.62,1,20.0,Cash on Delivery,5,5.0,Gold,Not Returned,5,90.7,Normal,No,Mobile,7.8,996.67,2025,2,4,0,1239.62,247.92399999999998
ORD100952,2025-04-22,41,Female,Gujarat,Electronics,596.77,2,15.0,Cash on Delivery,1,3.9,Regular,Not Returned,4,98.28,Normal,No,Tablet,6.1,1122.66,2025,4,22,0,1193.54,179.03099999999998
ORD100953,2025-08-13,62,Male,Karnataka,Books,1409.5,3,10.0,Credit Card,4,2.8,Regular,Not Returned,6,137.31,Holi,Yes,Mobile,13.9,4105.41,2025,8,13,0,4228.5,422.85
ORD100954,2025-06-06,38,Female,Kerala,Fashion,1234.97,1,25.0,Debit Card,3,4.3,Regular,Not Returned,6,20.0,Normal,No,Desktop,14.6,905.13,2025,6,6,0,1234.97,308.7425
ORD100955,2025-10-14,31,Female,West Bengal,Electronics,844.7,2,15.0,UPI,10,4.1,Regular,Not Returned,2,118.52,Sankranti,No,Mobile,1.6,1548.34,2025,10,14,0,1689.4,253.41
ORD100956,2025-08-12,64,Male,Tamil Nadu,Home & Kitchen,1157.84,3,20.0,Debit Card,10,3.7,Regular,Not Returned,6,134.89,Normal,Yes,Desktop,18.9,2849.93,2025,8,12,0,3473.5199999999995,694.704
ORD100957,2025-05-27,22,Male,Gujarat,Beauty,1309.21,4,15.0,Net Banking,2,3.3,Platinum,Not Returned,8,65.9,Normal,No,Mobile,4.9,4902.46,2025,5,27,0,5236.84,785.5260000000001
ORD100958,2025-08-20,40,Male,West Bengal,Beauty,803.88,1,10.0,Credit Card,6,3.3,Regular,Returned,3,41.21,Normal,No,Mobile,14.3,259.11,2025,8,20,0,803.88,80.388
ORD100959,2025-12-21,42,Male,Maharashtra,Beauty,1103.66,5,30.0,Cash on Delivery,1,4.8,Regular,Returned,5,147.4,Normal,Yes,Mobile,4.9,1265.58,2025,12,21,1,5518.3,1655.49
ORD100960,2025-05-31,40,Female,Rajasthan,Books,624.2,3,15.0,Wallet,5,4.2,Regular,Returned,2,28.53,Normal,No,Mobile,9.2,570.42,2025,5,31,1,1872.6000000000001,280.89000000000004
ORD100961,2025-02-26,61,Female,Maharashtra,Sports,5512.66,2,15.0,Credit Card,2,4.3,Regular,Not Returned,2,104.65,Normal,No,Tablet,4.3,9026.08,2025,2,26,0,11025.32,1653.7979999999998
ORD100962,2025-05-30,37,Female,Maharashtra,Electronics,2388.7,2,10.0,Credit Card,8,4.2,Silver,Not Returned,2,125.81,Normal,Yes,Mobile,8.8,4111.06,2025,5,30,0,4777.4,477.74
ORD100963,2025-11-03,63,Male,West Bengal,Electronics,1433.09,3,5.0,UPI,1,4.2,Regular,Not Returned,4,103.88,Normal,No,Mobile,10.8,4050.44,2025,11,3,0,4299.2699999999995,214.96349999999998
ORD100964,2025-03-21,21,Female,Gujarat,Electronics,2570.74,3,15.0,Cash on Delivery,10,3.7,Gold,Not Returned,4,109.76,Normal,No,Desktop,5.1,6800.48,2025,3,21,0,7712.219999999999,1156.8329999999999
ORD100965,2025-12-13,52,Male,West Bengal,Home & Kitchen,331.48,1,10.0,Credit Card,3,4.0,Gold,Not Returned,3,80.72,Normal,Yes,Desktop,13.9,406.59,2025,12,13,1,331.48,33.148
ORD100966,2025-08-03,45,Female,Delhi,Home & Kitchen,227.6,5,25.0,Wallet,3,4.8,Regular,Not Returned,1,106.2,Normal,No,Mobile,14.7,927.37,2025,8,3,1,1138.0,284.5
ORD100967,2025-08-08,29,Male,Delhi,Books,925.69,4,30.0,Credit Card,9,5.0,Gold,Not Returned,2,65.2,Normal,No,Mobile,28.2,2595.86,2025,8,8,0,3702.76,1110.828
ORD100968,2025-04-26,28,Male,Tamil Nadu,Home & Kitchen,489.81,2,20.0,Cash on Delivery,10,3.1,Regular,Not Returned,2,69.74,Normal,No,Mobile,17.6,807.95,2025,4,26,1,979.62,195.924
ORD100969,2025-12-02,51,Female,Karnataka,Electronics,1028.94,3,5.0,Credit Card,1,3.9,Regular,Not Returned,1,91.24,Normal,No,Desktop,19.1,2710.46,2025,12,2,0,3086.82,154.341
ORD100970,2025-01-14,47,Male,West Bengal,Books,1371.63,2,20.0,Credit Card,2,4.6,Platinum,Not Returned,3,36.11,Normal,Yes,Mobile,1.4,2668.86,2025,1,14,0,2743.26,548.652
ORD100971,2025-04-20,46,Male,Gujarat,Fashion,2182.76,3,0.0,Credit Card,9,5.0,Gold,Not Returned,9,110.2,Christmas,Yes,Mobile,1.0,8293.73,2025,4,20,1,6548.280000000001,0.0
ORD100972,2025-06-02,20,Female,Tamil Nadu,Books,572.61,3,20.0,Cash on Delivery,10,5.0,Regular,Not Returned,0,20.0,Christmas,Yes,Desktop,10.2,1634.0,2025,6,2,0,1717.83,343.566
ORD100973,2025-06-24,46,Male,Karnataka,Sports,1555.94,1,10.0,UPI,5,3.4,Regular,Not Returned,2,102.7,Normal,No,Mobile,22.7,1449.85,2025,6,24,0,1555.94,155.59400000000002
ORD100974,2025-06-23,64,Female,Delhi,Books,1211.28,1,25.0,UPI,2,4.9,Regular,Not Returned,3,105.99,Normal,No,Desktop,26.8,1093.4,2025,6,23,0,1211.28,302.82
ORD100975,2025-02-23,18,Female,Telangana,Sports,1504.11,1,10.0,Cash on Delivery,2,4.0,Regular,Not Returned,5,62.19,Christmas,No,Desktop,7.9,1566.5,2025,2,23,1,1504.11,150.41099999999997
ORD100976,2025-03-24,40,Female,Telangana,Electronics,855.96,4,5.0,Cash on Delivery,3,4.7,Silver,Not Returned,2,46.81,Normal,No,Desktop,8.5,3230.8,2025,3,24,0,3423.84,171.192
ORD100977,2025-02-04,41,Female,Delhi,Beauty,2948.69,2,30.0,Credit Card,7,4.6,Regular,Not Returned,4,75.71,Normal,No,Mobile,15.3,4045.34,2025,2,4,0,5897.38,1769.214
ORD100978,2025-07-28,60,Female,Tamil Nadu,Home & Kitchen,1121.92,4,15.0,Debit Card,1,3.1,Gold,Not Returned,3,112.39,Diwali,Yes,Mobile,10.8,4491.12,2025,7,28,0,4487.68,673.1520000000002
ORD100979,2025-05-09,31,Female,Delhi,Beauty,3802.05,2,25.0,Debit Card,7,4.4,Silver,Not Returned,4,102.1,Normal,No,Mobile,11.0,6016.09,2025,5,9,0,7604.1,1901.025
ORD100980,2025-07-26,40,Female,Kerala,Sports,717.9,1,25.0,Net Banking,9,4.0,Regular,Not Returned,5,51.1,Normal,Yes,Mobile,15.8,602.36,2025,7,26,1,717.9,179.475
ORD100981,2025-08-04,51,Female,Rajasthan,Beauty,1944.8,4,15.0,Debit Card,2,4.0,Gold,Not Returned,7,93.7,Normal,Yes,Mobile,28.3,7174.67,2025,8,4,0,7779.2,1166.88
ORD100982,2025-09-14,20,Male,Kerala,Fashion,1154.35,2,10.0,Wallet,10,3.8,Silver,Not Returned,1,99.17,Normal,Yes,Mobile,19.8,2195.42,2025,9,14,1,2308.7,230.87
ORD100983,2025-07-19,55,Male,West Bengal,Books,969.76,1,15.0,Credit Card,10,2.9,Regular,Not Returned,3,97.68,Normal,No,Mobile,23.2,996.77,2025,7,19,1,969.76,145.464
ORD100984,2025-08-25,56,Female,West Bengal,Beauty,1810.0,1,20.0,Credit Card,3,4.5,Silver,Not Returned,1,55.47,Normal,No,Mobile,1.0,1538.0,2025,8,25,0,1810.0,362.0
ORD100985,2025-08-03,51,Male,Tamil Nadu,Books,987.93,1,30.0,Debit Card,2,4.1,Gold,Not Returned,6,95.45,Diwali,Yes,Mobile,18.4,900.13,2025,8,3,1,987.93,296.37899999999996
ORD100986,2025-08-27,48,Male,Rajasthan,Fashion,212.68,1,10.0,UPI,4,3.4,Platinum,Not Returned,4,122.12,Normal,No,Mobile,6.3,346.58,2025,8,27,0,212.68,21.268
ORD100987,2025-08-14,53,Male,Delhi,Books,163.89,1,20.0,Net Banking,3,3.8,Regular,Not Returned,3,108.79,Normal,No,Desktop,22.1,237.64,2025,8,14,0,163.89,32.778
ORD100988,2025-04-26,54,Female,Telangana,Fashion,2743.94,2,10.0,Debit Card,3,4.1,Silver,Not Returned,2,104.4,Normal,No,Mobile,20.1,4770.15,2025,4,26,1,5487.88,548.788
ORD100989,2025-03-31,60,Male,Andhra Pradesh,Home & Kitchen,2669.76,1,15.0,Debit Card,10,3.6,Gold,Not Returned,3,147.49,Eid,Yes,Desktop,15.6,2624.75,2025,3,31,0,2669.76,400.464
ORD100990,2025-10-15,38,Female,Tamil Nadu,Books,4092.24,1,20.0,Cash on Delivery,2,4.0,Platinum,Not Returned,9,95.87,Normal,Yes,Desktop,7.5,4327.89,2025,10,15,0,4092.24,818.4479999999999
ORD100991,2025-05-06,39,Female,Andhra Pradesh,Home & Kitchen,1186.41,1,25.0,UPI,4,2.8,Regular,Not Returned,2,60.53,Normal,Yes,Desktop,9.1,856.23,2025,5,6,0,1186.41,296.6025
ORD100992,2025-07-20,47,Female,Karnataka,Fashion,517.94,2,10.0,Debit Card,8,4.9,Regular,Not Returned,3,60.64,Normal,No,Tablet,9.6,1009.12,2025,7,20,1,1035.88,103.58800000000001
ORD100993,2025-03-13,27,Male,Rajasthan,Books,913.56,5,10.0,Wallet,1,4.0,Gold,Not Returned,3,96.16,Normal,No,Tablet,16.6,4594.2,2025,3,13,0,4567.799999999999,456.7799999999999
ORD100994,2025-06-07,58,Female,Maharashtra,Books,1208.94,2,5.0,Cash on Delivery,1,3.2,Regular,Not Returned,3,39.69,Normal,Yes,Mobile,14.4,2478.66,2025,6,7,1,2417.88,120.89400000000002
ORD100995,2025-07-13,54,Female,Andhra Pradesh,Fashion,623.6,1,5.0,Cash on Delivery,4,2.3,Regular,Not Returned,2,79.12,Normal,Yes,Mobile,20.5,686.32,2025,7,13,1,623.6,31.18
ORD100996,2025-08-17,47,Male,Maharashtra,Fashion,3503.96,2,10.0,Cash on Delivery,10,4.7,Silver,Not Returned,6,106.25,Eid,No,Desktop,21.7,7943.64,2025,8,17,1,7007.92,700.7919999999999
ORD100997,2025-07-12,32,Female,Tamil Nadu,Fashion,5144.86,4,25.0,Debit Card,9,4.4,Silver,Not Returned,0,130.99,Diwali,No,Desktop,6.9,17564.11,2025,7,12,1,20579.44,5144.86
ORD100998,2025-05-12,34,Male,West Bengal,Electronics,1637.55,3,10.0,Wallet,10,4.1,Silver,Not Returned,3,35.96,Normal,Yes,Mobile,14.9,4962.35,2025,5,12,0,4912.65,491.265
ORD100999,2025-12-18,38,Other,Andhra Pradesh,Beauty,1191.56,3,10.0,Wallet,9,4.6,Regular,Not Returned,3,93.47,Christmas,No,Tablet,14.8,3798.64,2025,12,18,0,3574.68,357.46799999999996
ORD101000,2025-07-07,49,Male,Delhi,Fashion,517.16,4,20.0,Debit Card,2,4.6,Gold,Not Returned,4,87.61,Diwali,No,Desktop,11.4,2199.96,2025,7,7,0,2068.64,413.72799999999995
ORD101001,2025-10-23,54,Female,Maharashtra,Books,3278.89,2,5.0,Wallet,5,4.1,Regular,Not Returned,3,91.31,Normal,No,Desktop,17.7,6330.62,2025,10,23,0,6557.78,327.889
ORD101002,2025-09-26,49,Female,Andhra Pradesh,Fashion,1261.02,5,5.0,UPI,6,3.8,Gold,Not Returned,3,94.95,Normal,No,Mobile,14.9,6666.17,2025,9,26,0,6305.1,315.255
ORD101003,2025-07-23,61,Male,Gujarat,Beauty,994.38,1,25.0,Credit Card,2,3.7,Regular,Not Returned,4,88.89,Normal,No,Mobile,8.6,816.19,2025,7,23,0,994.38,248.595
ORD101004,2025-11-20,63,Female,Maharashtra,Beauty,1640.64,3,0.0,Credit Card,10,4.3,Regular,Not Returned,0,138.73,Normal,No,Mobile,11.1,5109.16,2025,11,20,0,4921.92,0.0
ORD101005,2025-02-16,51,Male,Delhi,Beauty,820.05,4,10.0,Net Banking,7,5.0,Platinum,Not Returned,6,133.54,Sankranti,No,Mobile,9.9,3780.63,2025,2,16,1,3280.2,328.02
ORD101006,2025-12-03,35,Female,Gujarat,Electronics,1320.21,4,15.0,Cash on Delivery,9,3.9,Gold,Not Returned,2,165.02,Normal,Yes,Mobile,7.6,4358.83,2025,12,3,0,5280.84,792.1260000000001
ORD101007,2025-11-07,46,Female,Delhi,Home & Kitchen,469.88,2,5.0,Debit Card,3,5.0,Regular,Not Returned,5,89.63,Normal,Yes,Mobile,11.5,973.96,2025,11,7,0,939.76,46.988
ORD101008,2025-07-03,37,Male,Maharashtra,Beauty,2432.52,3,10.0,Credit Card,8,4.3,Regular,Not Returned,4,75.63,Normal,Yes,Desktop,4.2,6998.14,2025,7,3,0,7297.5599999999995,729.7559999999999
ORD101009,2025-09-25,47,Male,Andhra Pradesh,Home & Kitchen,1121.26,1,5.0,Cash on Delivery,2,4.3,Silver,Returned,6,56.13,Normal,Yes,Mobile,14.8,371.49,2025,9,25,0,1121.26,56.063
ORD101010,2025-07-09,56,Female,Telangana,Books,2548.59,2,10.0,Credit Card,1,5.0,Platinum,Not Returned,5,71.82,Eid,No,Mobile,20.4,5302.33,2025,7,9,0,5097.18,509.718
ORD101011,2025-04-09,35,Male,Maharashtra,Beauty,1052.94,1,25.0,Debit Card,7,5.0,Regular,Not Returned,3,115.01,Normal,Yes,Mobile,12.3,967.45,2025,4,9,0,1052.94,263.235
ORD101012,2025-10-19,41,Female,Karnataka,Home & Kitchen,1098.33,2,10.0,Debit Card,1,5.0,Platinum,Not Returned,5,120.4,Normal,No,Tablet,17.7,2538.39,2025,10,19,1,2196.66,219.666
ORD101013,2025-03-31,20,Female,Delhi,Electronics,545.7,2,10.0,Wallet,3,3.4,Regular,Not Returned,4,113.64,Diwali,No,Tablet,12.9,1139.49,2025,3,31,0,1091.4,109.14
ORD101014,2025-04-25,52,Female,Maharashtra,Fashion,1966.32,1,10.0,UPI,8,5.0,Silver,Not Returned,9,66.74,Holi,No,Desktop,5.9,2064.17,2025,4,25,0,1966.32,196.632
ORD101015,2025-07-09,41,Male,West Bengal,Home & Kitchen,679.11,1,30.0,Credit Card,5,3.9,Regular,Not Returned,5,66.93,Normal,Yes,Mobile,24.0,539.77,2025,7,9,0,679.11,203.733
ORD101016,2025-11-02,39,Female,Telangana,Home & Kitchen,874.72,1,0.0,Wallet,4,3.8,Regular,Not Returned,4,158.48,Normal,Yes,Mobile,1.0,1106.16,2025,11,2,1,874.72,0.0
ORD101017,2025-05-21,43,Female,Karnataka,Books,1200.82,2,25.0,Cash on Delivery,3,2.5,Platinum,Not Returned,3,60.88,Sankranti,Yes,Mobile,11.8,2180.33,2025,5,21,0,2401.64,600.41
ORD101018,2025-06-30,28,Male,Delhi,Sports,1298.38,2,10.0,Debit Card,7,4.2,Regular,Not Returned,1,139.58,Normal,No,Desktop,7.4,2420.4,2025,6,30,0,2596.76,259.67600000000004
ORD101019,2025-01-16,46,Male,Telangana,Electronics,395.88,3,30.0,Cash on Delivery,10,3.2,Platinum,Not Returned,5,104.16,Diwali,Yes,Tablet,21.5,1222.62,2025,1,16,0,1187.6399999999999,356.292
ORD101020,2025-02-12,53,Male,Karnataka,Beauty,1032.82,1,10.0,Credit Card,8,4.3,Regular,Not Returned,6,64.36,Diwali,Yes,Mobile,13.3,1008.79,2025,2,12,0,1032.82,103.28199999999998
ORD101021,2025-01-21,34,Male,Delhi,Home & Kitchen,2012.19,3,0.0,UPI,4,3.2,Regular,Not Returned,3,48.54,Holi,Yes,Mobile,27.3,6375.57,2025,1,21,0,6036.57,0.0
ORD101022,2025-01-27,24,Female,Kerala,Electronics,938.38,3,15.0,Debit Card,5,5.0,Gold,Not Returned,2,65.89,Christmas,No,Mobile,12.2,2864.0,2025,1,27,0,2815.14,422.27099999999996
ORD101023,2025-11-14,36,Male,Delhi,Beauty,1036.91,1,5.0,Net Banking,2,4.4,Silver,Not Returned,3,104.62,Eid,No,Mobile,7.4,1322.99,2025,11,14,0,1036.91,51.8455
ORD101024,2025-11-04,27,Female,Kerala,Beauty,1333.6,1,20.0,Debit Card,2,5.0,Regular,Not Returned,1,58.16,Normal,No,Desktop,1.7,1044.48,2025,11,4,0,1333.6,266.72
ORD101025,2025-10-27,35,Male,West Bengal,Electronics,1105.67,2,15.0,Debit Card,3,3.3,Silver,Not Returned,5,144.4,Holi,Yes,Mobile,18.6,2155.55,2025,10,27,0,2211.34,331.7010000000001
ORD101026,2025-01-21,47,Male,West Bengal,Home & Kitchen,614.15,1,15.0,Wallet,4,5.0,Regular,Not Returned,1,82.72,Diwali,Yes,Desktop,7.0,676.35,2025,1,21,0,614.15,92.1225
ORD101027,2025-01-29,23,Male,Rajasthan,Sports,1171.98,1,5.0,Wallet,10,2.7,Gold,Not Returned,5,114.52,Normal,No,Mobile,9.5,1372.74,2025,1,29,0,1171.98,58.599
ORD101028,2025-04-13,53,Female,Telangana,Fashion,2289.81,1,15.0,Debit Card,9,4.1,Regular,Returned,2,111.69,Eid,Yes,Mobile,19.4,787.81,2025,4,13,1,2289.81,343.4715
ORD101029,2025-07-26,28,Female,Kerala,Home & Kitchen,605.96,1,10.0,UPI,2,3.6,Silver,Not Returned,5,146.77,Christmas,Yes,Mobile,18.3,764.54,2025,7,26,1,605.96,60.596000000000004
ORD101030,2025-05-02,60,Male,Telangana,Electronics,940.74,1,30.0,Net Banking,4,3.7,Regular,Not Returned,5,74.67,Holi,No,Desktop,8.3,798.0,2025,5,2,0,940.74,282.222
ORD101031,2025-06-27,52,Female,Tamil Nadu,Fashion,488.83,1,20.0,Net Banking,1,3.6,Silver,Not Returned,2,93.71,Normal,No,Desktop,9.3,454.16,2025,6,27,0,488.83,97.766
ORD101032,2025-03-05,30,Male,Karnataka,Books,2212.71,3,15.0,Wallet,1,3.4,Platinum,Not Returned,3,40.95,Normal,No,Desktop,1.5,6404.1,2025,3,5,0,6638.13,995.7194999999999
ORD101033,2025-09-24,44,Male,Gujarat,Beauty,1130.08,2,25.0,Wallet,4,3.1,Gold,Not Returned,3,93.61,Christmas,No,Mobile,1.0,2250.87,2025,9,24,0,2260.16,565.04
ORD101034,2025-04-25,23,Male,Maharashtra,Fashion,690.52,2,15.0,Cash on Delivery,10,3.7,Regular,Not Returned,5,129.9,Eid,Yes,Mobile,16.6,1296.55,2025,4,25,0,1381.04,207.15599999999998
ORD101035,2025-01-25,22,Other,West Bengal,Home & Kitchen,1274.17,2,15.0,UPI,2,4.0,Regular,Not Returned,7,97.68,Normal,Yes,Desktop,17.2,2157.27,2025,1,25,1,2548.34,382.25100000000003
ORD101036,2025-09-29,62,Female,Tamil Nadu,Fashion,548.8,2,5.0,Credit Card,7,4.8,Regular,Not Returned,6,170.94,Normal,Yes,Tablet,14.1,1184.76,2025,9,29,0,1097.6,54.88
ORD101037,2025-11-26,55,Female,Gujarat,Home & Kitchen,612.96,1,15.0,Net Banking,4,4.2,Gold,Not Returned,8,108.19,Diwali,Yes,Mobile,13.1,712.54,2025,11,26,0,612.96,91.94400000000002
ORD101038,2025-01-06,25,Male,Delhi,Electronics,464.51,1,10.0,Cash on Delivery,6,4.8,Regular,Not Returned,2,71.09,Normal,No,Mobile,7.8,543.19,2025,1,6,0,464.51,46.451
ORD101039,2025-06-09,31,Male,Rajasthan,Beauty,599.84,1,0.0,Debit Card,9,3.0,Silver,Not Returned,2,105.95,Diwali,No,Mobile,20.8,741.22,2025,6,9,0,599.84,0.0
ORD101040,2025-10-29,27,Female,Tamil Nadu,Beauty,2899.65,2,20.0,Debit Card,9,3.7,Regular,Not Returned,1,38.78,Eid,No,Desktop,1.3,4709.4,2025,10,29,0,5799.3,1159.86
ORD101041,2025-09-15,36,Male,Delhi,Beauty,745.12,2,0.0,Net Banking,9,4.5,Platinum,Returned,9,62.04,Normal,No,Mobile,9.2,636.65,2025,9,15,0,1490.24,0.0
ORD101042,2025-11-09,31,Female,Andhra Pradesh,Home & Kitchen,1624.77,2,15.0,Debit Card,5,4.2,Regular,Not Returned,8,47.4,Sankranti,No,Mobile,13.0,2916.51,2025,11,9,1,3249.54,487.431
ORD101043,2025-06-01,33,Female,Kerala,Fashion,696.79,2,5.0,UPI,1,3.4,Silver,Not Returned,2,90.56,Normal,No,Mobile,12.0,1525.75,2025,6,1,1,1393.58,69.679
ORD101044,2025-05-16,42,Male,Maharashtra,Fashion,1966.03,5,10.0,Wallet,10,4.7,Gold,Not Returned,4,87.88,Normal,Yes,Desktop,12.0,9447.43,2025,5,16,0,9830.15,983.015
ORD101045,2025-09-16,26,Female,Rajasthan,Fashion,615.92,1,20.0,Debit Card,10,3.6,Platinum,Not Returned,7,132.18,Normal,Yes,Mobile,8.9,719.18,2025,9,16,0,615.92,123.184
ORD101046,2025-02-26,59,Other,Delhi,Home & Kitchen,1230.99,2,0.0,Credit Card,9,3.5,Silver,Not Returned,1,86.53,Normal,No,Mobile,15.2,2378.03,2025,2,26,0,2461.98,0.0
ORD101047,2025-03-29,52,Male,Rajasthan,Home & Kitchen,1241.94,2,15.0,UPI,5,4.3,Gold,Not Returned,4,54.91,Holi,Yes,Mobile,4.7,2571.71,2025,3,29,1,2483.88,372.58200000000005
ORD101048,2025-08-08,53,Female,West Bengal,Sports,5448.8,3,15.0,Debit Card,3,4.0,Silver,Not Returned,8,144.58,Normal,Yes,Mobile,11.1,14649.15,2025,8,8,0,16346.400000000001,2451.9600000000005
ORD101049,2025-09-01,25,Female,Maharashtra,Electronics,1807.78,3,25.0,Wallet,2,3.6,Regular,Not Returned,0,20.0,Eid,No,Mobile,14.6,4346.86,2025,9,1,0,5423.34,1355.835
ORD101050,2025-02-13,51,Male,Delhi,Fashion,816.22,3,5.0,UPI,4,3.6,Regular,Not Returned,3,91.35,Normal,Yes,Mobile,10.0,2238.76,2025,2,13,0,2448.66,122.43299999999999
ORD101051,2025-07-05,57,Female,Andhra Pradesh,Books,1873.12,1,20.0,Credit Card,4,3.3,Silver,Not Returned,5,97.62,Eid,No,Mobile,12.0,1798.62,2025,7,5,1,1873.12,374.62399999999997
ORD101052,2025-05-14,26,Male,Kerala,Books,4816.92,2,10.0,Credit Card,3,3.7,Silver,Not Returned,4,89.64,Normal,Yes,Mobile,13.3,9414.88,2025,5,14,0,9633.84,963.3839999999999
ORD101053,2025-07-03,53,Female,Andhra Pradesh,Books,416.05,3,10.0,UPI,10,4.8,Regular,Not Returned,7,107.5,Normal,No,Mobile,1.4,1191.61,2025,7,3,0,1248.15,124.815
ORD101054,2025-12-16,34,Female,Delhi,Fashion,693.99,2,10.0,Cash on Delivery,7,4.2,Regular,Not Returned,5,93.87,Normal,No,Mobile,2.0,1301.83,2025,12,16,0,1387.98,138.798
ORD101055,2025-01-28,55,Female,Rajasthan,Electronics,1028.74,5,10.0,Credit Card,3,4.7,Silver,Not Returned,2,107.49,Normal,Yes,Desktop,12.8,5111.32,2025,1,28,0,5143.7,514.37
ORD101056,2025-12-30,40,Female,Gujarat,Fashion,915.04,1,15.0,Net Banking,7,4.4,Regular,Not Returned,4,68.92,Normal,Yes,Desktop,8.3,933.59,2025,12,30,0,915.04,137.25599999999997
ORD101057,2025-06-14,55,Female,West Bengal,Electronics,966.6,2,0.0,Debit Card,8,3.6,Silver,Not Returned,3,38.93,Eid,No,Mobile,8.7,2317.48,2025,6,14,1,1933.2,0.0
ORD101058,2025-10-09,24,Male,Tamil Nadu,Books,514.05,2,10.0,Cash on Delivery,6,2.8,Silver,Not Returned,4,88.38,Sankranti,No,Desktop,15.4,1143.13,2025,10,9,0,1028.1,102.81
ORD101059,2025-06-04,36,Male,Rajasthan,Books,2988.86,2,15.0,UPI,10,3.4,Regular,Not Returned,4,54.07,Normal,Yes,Mobile,6.1,5060.19,2025,6,4,0,5977.72,896.658
ORD101060,2025-04-24,30,Male,Kerala,Sports,475.98,3,10.0,Credit Card,10,3.5,Regular,Not Returned,6,64.5,Normal,Yes,Desktop,1.0,1347.42,2025,4,24,0,1427.94,142.794
ORD101061,2025-10-09,29,Female,Gujarat,Sports,1053.57,1,5.0,Debit Card,5,3.5,Regular,Not Returned,2,130.65,Normal,Yes,Mobile,11.8,1041.55,2025,10,9,0,1053.57,52.67849999999999
ORD101062,2025-09-08,32,Male,Delhi,Home & Kitchen,2368.16,2,10.0,UPI,5,4.7,Regular,Not Returned,4,144.53,Christmas,Yes,Mobile,19.3,4715.7,2025,9,8,0,4736.32,473.63199999999995
ORD101063,2025-02-22,35,Male,Gujarat,Home & Kitchen,1176.69,2,10.0,Debit Card,3,4.7,Silver,Not Returned,3,129.99,Holi,No,Mobile,19.2,2668.74,2025,2,22,1,2353.38,235.33800000000002
ORD101064,2025-09-15,23,Female,Karnataka,Books,634.9,4,15.0,Debit Card,8,5.0,Silver,Not Returned,8,123.51,Normal,Yes,Mobile,5.3,2356.23,2025,9,15,0,2539.6,380.94
ORD101065,2025-10-02,51,Male,Gujarat,Sports,499.42,2,25.0,Debit Card,10,3.5,Gold,Not Returned,5,92.1,Normal,No,Mobile,11.5,866.33,2025,10,2,0,998.84,249.71
ORD101066,2025-05-22,43,Male,Gujarat,Beauty,1033.37,5,15.0,Cash on Delivery,7,5.0,Regular,Not Returned,6,125.54,Normal,No,Mobile,4.4,4322.75,2025,5,22,0,5166.849999999999,775.0274999999998
ORD101067,2025-12-04,56,Male,West Bengal,Books,733.63,4,15.0,Net Banking,3,5.0,Silver,Not Returned,12,102.45,Normal,No,Desktop,11.6,2669.6,2025,12,4,0,2934.52,440.17800000000005
ORD101068,2025-08-22,51,Male,Maharashtra,Home & Kitchen,1371.25,1,0.0,Net Banking,6,3.8,Regular,Not Returned,5,158.16,Normal,Yes,Mobile,9.9,1416.11,2025,8,22,0,1371.25,0.0
ORD101069,2025-05-02,25,Female,Kerala,Home & Kitchen,482.57,4,30.0,UPI,8,4.3,Gold,Not Returned,3,57.87,Normal,No,Mobile,5.5,1425.51,2025,5,2,0,1930.28,579.0840000000001
ORD101070,2025-01-04,21,Male,Kerala,Books,2035.61,5,10.0,Cash on Delivery,1,4.9,Regular,Not Returned,3,113.54,Holi,No,Desktop,15.0,10936.82,2025,1,4,1,10178.05,1017.805
ORD101071,2025-09-04,37,Male,Telangana,Home & Kitchen,1293.6,1,10.0,Wallet,6,4.0,Silver,Not Returned,5,45.75,Normal,Yes,Mobile,10.4,1168.81,2025,9,4,0,1293.6,129.36
ORD101072,2025-03-18,40,Female,Andhra Pradesh,Sports,1357.6,2,5.0,Wallet,7,3.9,Silver,Not Returned,1,113.74,Eid,Yes,Mobile,22.3,2851.81,2025,3,18,0,2715.2,135.76
ORD101073,2025-10-04,29,Female,Andhra Pradesh,Home & Kitchen,3061.86,1,0.0,Credit Card,6,3.6,Regular,Returned,4,29.83,Sankranti,No,Mobile,12.5,1189.09,2025,10,4,1,3061.86,0.0
ORD101074,2025-07-11,54,Female,Gujarat,Fashion,902.81,2,20.0,Net Banking,7,2.3,Platinum,Not Returned,4,47.53,Normal,No,Mobile,1.0,1626.78,2025,7,11,0,1805.62,361.12399999999997
ORD101075,2025-06-20,45,Female,Maharashtra,Fashion,748.67,1,5.0,Net Banking,9,4.0,Regular,Not Returned,2,45.11,Normal,Yes,Desktop,1.1,760.37,2025,6,20,0,748.67,37.4335
ORD101076,2025-03-01,53,Female,West Bengal,Beauty,840.53,3,10.0,Debit Card,2,3.5,Regular,Not Returned,0,98.82,Normal,No,Mobile,24.6,2490.86,2025,3,1,1,2521.59,252.15900000000002
ORD101077,2025-09-17,23,Male,Delhi,Home & Kitchen,1058.85,2,5.0,Wallet,6,3.2,Silver,Returned,5,102.41,Sankranti,Yes,Mobile,9.8,746.74,2025,9,17,0,2117.7,105.885
ORD101078,2025-03-02,56,Female,Telangana,Home & Kitchen,1131.1,2,30.0,Cash on Delivery,8,4.3,Regular,Not Returned,3,175.77,Normal,Yes,Desktop,13.4,1838.93,2025,3,2,1,2262.2,678.66
ORD101079,2025-06-02,27,Female,Telangana,Sports,699.33,1,20.0,Net Banking,9,3.0,Regular,Not Returned,6,86.8,Christmas,Yes,Desktop,12.1,673.58,2025,6,2,0,699.33,139.866
ORD101080,2025-11-02,39,Male,Karnataka,Electronics,322.17,3,25.0,Net Banking,5,4.6,Regular,Not Returned,3,117.04,Holi,Yes,Desktop,20.5,893.67,2025,11,2,1,966.51,241.6275
ORD101081,2025-12-02,38,Male,Rajasthan,Electronics,833.37,2,25.0,Net Banking,10,4.3,Regular,Returned,2,95.63,Normal,No,Mobile,1.0,525.31,2025,12,2,0,1666.74,416.685
ORD101082,2025-12-28,56,Male,Andhra Pradesh,Books,1516.2,2,25.0,Wallet,4,3.7,Gold,Not Returned,2,114.11,Normal,No,Mobile,20.0,2340.53,2025,12,28,1,3032.4,758.1
ORD101083,2025-12-16,31,Female,Telangana,Beauty,1311.13,1,10.0,Wallet,5,4.0,Silver,Not Returned,1,95.03,Normal,Yes,Tablet,19.6,1359.84,2025,12,16,0,1311.13,131.113
ORD101084,2025-07-22,29,Female,Andhra Pradesh,Beauty,2617.01,1,5.0,Debit Card,9,3.2,Regular,Not Returned,1,128.49,Normal,No,Mobile,12.0,2791.61,2025,7,22,0,2617.01,130.8505
ORD101085,2025-03-15,33,Female,Maharashtra,Electronics,4277.58,2,10.0,Cash on Delivery,5,4.5,Regular,Not Returned,1,53.16,Normal,No,Tablet,14.5,7434.85,2025,3,15,1,8555.16,855.5160000000001
ORD101086,2025-11-03,34,Male,Rajasthan,Beauty,1965.78,4,10.0,Cash on Delivery,4,4.1,Gold,Not Returned,6,20.0,Christmas,No,Desktop,9.8,7872.51,2025,11,3,0,7863.12,786.312
ORD101087,2025-10-20,26,Male,Gujarat,Home & Kitchen,2947.51,1,20.0,Wallet,6,4.2,Gold,Not Returned,1,104.61,Normal,Yes,Desktop,1.9,2576.71,2025,10,20,0,2947.51,589.5020000000001
ORD101088,2025-12-28,26,Male,Maharashtra,Beauty,1975.31,2,0.0,Debit Card,7,4.4,Regular,Not Returned,8,26.82,Normal,Yes,Mobile,15.5,3812.9,2025,12,28,1,3950.62,0.0
ORD101089,2025-08-26,28,Female,Telangana,Electronics,3646.46,1,5.0,Credit Card,10,4.0,Silver,Not Returned,7,135.91,Holi,No,Tablet,13.5,4020.66,2025,8,26,0,3646.46,182.32299999999998
ORD101090,2025-02-21,39,Female,Karnataka,Beauty,3996.33,3,15.0,Net Banking,7,2.9,Regular,Not Returned,4,70.82,Diwali,Yes,Desktop,13.6,11675.91,2025,2,21,0,11988.99,1798.3485
ORD101091,2025-07-03,34,Female,Kerala,Beauty,2226.83,1,5.0,Wallet,2,4.7,Regular,Not Returned,1,53.66,Normal,Yes,Desktop,14.9,2121.87,2025,7,3,0,2226.83,111.3415
ORD101092,2025-06-13,36,Female,Tamil Nadu,Fashion,1899.27,2,0.0,Wallet,1,4.5,Gold,Not Returned,3,184.52,Normal,No,Tablet,8.4,4499.32,2025,6,13,0,3798.54,0.0
ORD101093,2025-11-04,51,Female,Delhi,Electronics,1050.14,1,0.0,UPI,10,3.6,Gold,Not Returned,3,89.35,Sankranti,No,Desktop,21.0,1427.49,2025,11,4,0,1050.14,0.0
ORD101094,2025-05-24,29,Female,Rajasthan,Books,1168.19,1,15.0,Wallet,5,4.3,Regular,Not Returned,2,82.65,Normal,No,Mobile,12.0,1103.43,2025,5,24,1,1168.19,175.22850000000003
ORD101095,2025-04-30,60,Male,Tamil Nadu,Sports,963.41,1,5.0,Net Banking,3,4.9,Gold,Not Returned,2,116.18,Normal,No,Mobile,15.3,1138.41,2025,4,30,0,963.41,48.170500000000004
ORD101096,2025-01-30,53,Male,Tamil Nadu,Beauty,1797.03,1,5.0,UPI,3,4.8,Silver,Returned,5,118.54,Sankranti,No,Desktop,10.4,685.49,2025,1,30,0,1797.03,89.8515
ORD101097,2025-11-01,26,Male,Telangana,Sports,751.33,2,5.0,UPI,2,3.6,Gold,Not Returned,3,129.87,Sankranti,Yes,Desktop,18.3,1516.49,2025,11,1,1,1502.66,75.133
ORD101098,2025-10-03,32,Male,Delhi,Sports,1059.82,5,20.0,Credit Card,2,3.0,Gold,Not Returned,4,43.35,Normal,No,Mobile,12.6,4743.45,2025,10,3,0,5299.099999999999,1059.82
ORD101099,2025-01-16,26,Male,Maharashtra,Electronics,259.62,2,5.0,Wallet,8,3.1,Regular,Returned,0,108.76,Normal,Yes,Mobile,11.5,226.64,2025,1,16,0,519.24,25.962
ORD101100,2025-06-08,30,Male,Tamil Nadu,Home & Kitchen,3677.86,4,10.0,Net Banking,7,3.8,Platinum,Not Returned,2,79.74,Diwali,No,Desktop,19.2,18151.67,2025,6,8,1,14711.44,1471.144
ORD101101,2025-06-25,35,Female,Tamil Nadu,Books,1039.78,2,25.0,Cash on Delivery,6,5.0,Regular,Not Returned,4,90.905,Normal,No,Mobile,1.7,1705.72,2025,6,25,0,2079.56,519.89
ORD101102,2025-06-21,24,Male,Andhra Pradesh,Fashion,1613.57,1,25.0,Cash on Delivery,1,3.5,Regular,Returned,2,91.68,Eid,No,Desktop,10.3,475.91,2025,6,21,1,1613.57,403.3925
ORD101103,2025-12-02,18,Female,Maharashtra,Books,3095.29,1,5.0,Debit Card,7,3.6,Regular,Returned,4,26.61,Normal,No,Mobile,8.3,1070.81,2025,12,2,0,3095.29,154.7645
ORD101104,2025-02-24,38,Female,Gujarat,Electronics,1458.65,2,5.0,Wallet,10,3.6,Gold,Not Returned,3,122.3,Sankranti,Yes,Desktop,14.2,3639.37,2025,2,24,0,2917.3,145.865
ORD101105,2025-04-22,50,Female,Tamil Nadu,Fashion,3068.37,1,5.0,UPI,10,3.6,Regular,Returned,3,79.83,Eid,No,Mobile,13.9,1177.24,2025,4,22,0,3068.37,153.4185
ORD101106,2025-03-08,32,Female,Andhra Pradesh,Home & Kitchen,535.36,4,20.0,Credit Card,4,4.0,Regular,Not Returned,6,73.29,Normal,Yes,Mobile,11.9,1930.37,2025,3,8,1,2141.44,428.288
ORD101107,2025-03-31,58,Male,Maharashtra,Beauty,5700.86,2,5.0,Credit Card,7,3.1,Gold,Not Returned,4,85.18,Diwali,No,Mobile,7.7,13636.68,2025,3,31,0,11401.72,570.086
ORD101108,2025-11-28,35,Female,Gujarat,Fashion,2432.56,2,25.0,Wallet,3,4.8,Regular,Not Returned,5,84.14,Normal,Yes,Desktop,11.9,3459.42,2025,11,28,0,4865.12,1216.28
ORD101109,2025-12-10,60,Male,Karnataka,Fashion,1374.79,2,20.0,Cash on Delivery,9,3.9,Regular,Not Returned,2,129.92,Diwali,Yes,Desktop,13.9,2624.52,2025,12,10,0,2749.58,549.9159999999999
ORD101110,2025-01-17,29,Female,Tamil Nadu,Beauty,3030.18,2,15.0,Net Banking,10,5.0,Regular,Not Returned,5,51.65,Eid,Yes,Mobile,10.9,5406.13,2025,1,17,0,6060.36,909.054
ORD101111,2025-08-19,43,Male,Telangana,Fashion,561.42,2,0.0,Wallet,3,3.2,Silver,Not Returned,9,76.62,Eid,No,Mobile,18.6,1245.62,2025,8,19,0,1122.84,0.0
ORD101112,2025-03-26,53,Male,Delhi,Books,994.74,1,25.0,Credit Card,5,5.0,Regular,Not Returned,8,82.42,Normal,No,Mobile,15.7,814.28,2025,3,26,0,994.74,248.685
ORD101113,2025-03-12,20,Female,West Bengal,Books,3068.18,1,20.0,Wallet,3,5.0,Regular,Not Returned,4,52.72,Holi,No,Mobile,12.1,2992.84,2025,3,12,0,3068.18,613.636
ORD101114,2025-04-17,61,Female,Delhi,Fashion,356.55,1,20.0,UPI,7,3.7,Silver,Not Returned,2,95.58,Holi,Yes,Desktop,1.0,409.8,2025,4,17,0,356.55,71.31
ORD101115,2025-03-12,35,Male,Kerala,Beauty,1727.4,1,0.0,Net Banking,3,3.7,Platinum,Not Returned,6,64.66,Normal,Yes,Desktop,10.7,1795.37,2025,3,12,0,1727.4,0.0
ORD101116,2025-06-28,41,Female,Delhi,Fashion,1695.94,2,15.0,Net Banking,7,3.4,Gold,Not Returned,2,40.85,Holi,No,Mobile,15.8,3086.04,2025,6,28,1,3391.88,508.78200000000004
ORD101117,2025-12-30,47,Male,Karnataka,Home & Kitchen,4315.95,1,10.0,Net Banking,10,3.4,Regular,Not Returned,4,108.42,Normal,Yes,Mobile,10.3,3663.4,2025,12,30,0,4315.95,431.595
ORD101118,2025-08-03,48,Female,Andhra Pradesh,Sports,428.87,1,30.0,UPI,9,4.0,Gold,Not Returned,5,144.15,Eid,No,Desktop,13.8,490.12,2025,8,3,1,428.87,128.661
ORD101119,2025-09-21,19,Male,Karnataka,Fashion,3416.38,4,15.0,Wallet,2,4.0,Gold,Not Returned,6,91.69,Christmas,No,Mobile,10.7,11870.51,2025,9,21,1,13665.52,2049.828
ORD101120,2025-06-30,58,Male,Delhi,Electronics,834.16,5,10.0,Net Banking,2,2.9,Silver,Not Returned,3,86.39,Normal,No,Mobile,13.4,3621.85,2025,6,30,0,4170.8,417.08
ORD101121,2025-01-06,47,Male,Gujarat,Fashion,897.42,2,10.0,UPI,9,5.0,Regular,Returned,9,85.64,Normal,Yes,Tablet,20.4,601.31,2025,1,6,0,1794.84,179.48399999999998
ORD101122,2025-01-31,64,Male,Rajasthan,Books,542.28,2,15.0,Cash on Delivery,1,3.8,Regular,Not Returned,3,71.94,Eid,No,Desktop,16.7,1123.52,2025,1,31,0,1084.56,162.684
ORD101123,2025-04-09,40,Male,Rajasthan,Fashion,591.68,3,25.0,Net Banking,5,4.0,Silver,Not Returned,5,130.95,Normal,No,Mobile,4.2,1465.82,2025,4,9,0,1775.04,443.76
ORD101124,2025-03-30,46,Male,Tamil Nadu,Home & Kitchen,1559.88,1,15.0,Debit Card,10,3.6,Regular,Not Returned,2,93.29,Normal,No,Mobile,2.1,1474.45,2025,3,30,1,1559.88,233.982
ORD101125,2025-11-03,38,Male,Andhra Pradesh,Beauty,582.34,2,5.0,Debit Card,5,3.8,Regular,Not Returned,6,20.0,Normal,No,Mobile,14.7,1188.28,2025,11,3,0,1164.68,58.23400000000001
ORD101126,2025-11-04,59,Male,Tamil Nadu,Electronics,1941.59,1,0.0,Credit Card,1,3.7,Regular,Not Returned,4,131.96,Normal,Yes,Desktop,19.0,1976.05,2025,11,4,0,1941.59,0.0
ORD101127,2025-11-08,57,Female,West Bengal,Fashion,779.89,2,15.0,Cash on Delivery,10,4.0,Regular,Not Returned,7,123.38,Normal,No,Mobile,2.0,1438.65,2025,11,8,1,1559.78,233.967
ORD101128,2025-08-21,60,Male,West Bengal,Fashion,545.45,5,25.0,Wallet,8,4.0,Silver,Not Returned,2,111.06,Normal,No,Mobile,10.7,2141.17,2025,8,21,0,2727.25,681.8125
ORD101129,2025-07-23,41,Female,Andhra Pradesh,Books,851.5,3,0.0,Cash on Delivery,4,4.6,Regular,Not Returned,1,20.0,Eid,Yes,Mobile,26.2,2870.36,2025,7,23,0,2554.5,0.0
ORD101130,2025-08-25,55,Female,Telangana,Books,1493.59,5,10.0,Net Banking,7,4.2,Silver,Not Returned,6,89.9,Holi,Yes,Mobile,10.4,7298.3,2025,8,25,0,7467.95,746.795
ORD101131,2025-05-29,34,Male,Kerala,Sports,1002.04,3,25.0,Net Banking,7,4.5,Gold,Not Returned,2,121.27,Christmas,No,Mobile,27.2,2545.69,2025,5,29,0,3006.12,751.53
ORD101132,2025-09-02,39,Female,Gujarat,Fashion,1226.98,2,10.0,Net Banking,6,4.0,Regular,Not Returned,6,103.28,Normal,Yes,Tablet,7.1,2319.14,2025,9,2,0,2453.96,245.396
ORD101133,2025-10-17,53,Male,Rajasthan,Beauty,1886.75,3,5.0,Debit Card,10,4.2,Regular,Not Returned,6,97.18,Diwali,No,Mobile,8.1,6306.26,2025,10,17,0,5660.25,283.0125
ORD101134,2025-10-06,21,Male,Delhi,Beauty,2425.16,2,10.0,Net Banking,8,3.8,Regular,Not Returned,3,121.34,Normal,Yes,Mobile,7.8,4624.07,2025,10,6,0,4850.32,485.032
ORD101135,2025-08-13,51,Female,Tamil Nadu,Books,980.94,2,10.0,Credit Card,3,4.7,Regular,Not Returned,2,94.88,Diwali,No,Mobile,4.3,2130.81,2025,8,13,0,1961.88,196.18800000000002
ORD101136,2025-01-22,18,Female,Andhra Pradesh,Electronics,608.7,1,0.0,Cash on Delivery,10,4.2,Gold,Not Returned,1,132.13,Christmas,No,Mobile,1.9,903.31,2025,1,22,0,608.7,0.0
ORD101137,2025-09-22,45,Female,Gujarat,Sports,1260.85,2,15.0,Credit Card,10,3.9,Silver,Not Returned,2,95.66,Normal,No,Mobile,10.7,2312.11,2025,9,22,0,2521.7,378.255
ORD101138,2025-05-14,40,Male,Kerala,Fashion,1629.45,1,15.0,Wallet,1,3.9,Gold,Not Returned,5,92.88,Eid,No,Mobile,12.9,1646.65,2025,5,14,0,1629.45,244.4175
ORD101139,2025-09-29,40,Female,Rajasthan,Beauty,464.33,2,15.0,Net Banking,3,3.9,Platinum,Not Returned,5,121.23,Christmas,Yes,Mobile,7.7,1043.97,2025,9,29,0,928.66,139.299
ORD101140,2025-07-16,41,Male,Kerala,Books,672.62,1,15.0,Cash on Delivery,7,4.0,Regular,Not Returned,4,76.05,Normal,Yes,Mobile,9.1,586.11,2025,7,16,0,672.62,100.89299999999999
ORD101141,2025-11-18,41,Male,Kerala,Electronics,751.9,2,10.0,Debit Card,9,4.0,Silver,Not Returned,3,51.6,Eid,Yes,Mobile,20.7,1853.72,2025,11,18,0,1503.8,150.38
ORD101142,2025-05-04,37,Male,Karnataka,Electronics,1048.37,1,5.0,Cash on Delivery,8,3.6,Regular,Not Returned,6,90.13,Christmas,No,Mobile,17.8,1149.7,2025,5,4,1,1048.37,52.418499999999995
ORD101143,2025-12-06,39,Other,Andhra Pradesh,Sports,731.73,1,5.0,Net Banking,6,4.5,Regular,Not Returned,4,110.66,Normal,Yes,Tablet,10.4,723.38,2025,12,6,1,731.73,36.5865
ORD101144,2025-11-05,44,Male,West Bengal,Electronics,1900.08,2,0.0,Credit Card,4,4.6,Regular,Not Returned,3,122.39,Normal,No,Tablet,14.6,4213.05,2025,11,5,0,3800.16,0.0
ORD101145,2025-05-01,53,Female,West Bengal,Sports,422.73,1,20.0,Net Banking,1,5.0,Regular,Returned,5,122.58,Sankranti,No,Mobile,2.2,176.05,2025,5,1,0,422.73,84.546
ORD101146,2025-06-26,43,Female,Telangana,Beauty,429.77,5,5.0,Credit Card,9,3.6,Silver,Not Returned,5,87.6,Holi,No,Mobile,13.6,2505.83,2025,6,26,0,2148.85,107.4425
ORD101147,2025-07-13,48,Female,Delhi,Home & Kitchen,965.89,2,15.0,UPI,6,4.5,Silver,Not Returned,7,84.0,Normal,No,Desktop,11.6,1749.9,2025,7,13,1,1931.78,289.767
ORD101148,2025-10-08,57,Female,Karnataka,Books,1070.52,1,5.0,Net Banking,5,2.7,Regular,Not Returned,7,69.28,Normal,No,Mobile,9.8,1034.57,2025,10,8,0,1070.52,53.526
ORD101149,2025-09-09,64,Female,Maharashtra,Books,466.17,1,0.0,Net Banking,10,4.6,Regular,Not Returned,0,98.75,Normal,No,Desktop,12.2,580.03,2025,9,9,0,466.17,0.0
ORD101150,2025-11-07,23,Male,West Bengal,Fashion,808.91,3,5.0,Debit Card,2,3.0,Silver,Not Returned,3,32.56,Normal,Yes,Mobile,11.2,2484.47,2025,11,7,0,2426.73,121.3365
ORD101151,2025-05-16,51,Male,West Bengal,Electronics,924.63,2,10.0,Cash on Delivery,3,3.3,Silver,Not Returned,3,90.8,Normal,Yes,Mobile,4.1,1777.43,2025,5,16,0,1849.26,184.926
ORD101152,2025-07-04,28,Female,Telangana,Electronics,929.3,2,15.0,Net Banking,9,4.2,Silver,Returned,6,189.74,Normal,No,Mobile,22.1,688.2,2025,7,4,0,1858.6,278.79
ORD101153,2025-06-07,27,Male,Karnataka,Electronics,1324.51,1,20.0,Net Banking,3,3.6,Regular,Returned,6,37.36,Holi,Yes,Desktop,17.7,438.18,2025,6,7,1,1324.51,264.902
ORD101154,2025-11-28,55,Male,West Bengal,Books,780.59,3,5.0,Wallet,10,3.5,Regular,Not Returned,5,95.49,Normal,No,Mobile,9.7,2398.79,2025,11,28,0,2341.77,117.08850000000001
ORD101155,2025-04-22,21,Male,Rajasthan,Beauty,3135.9,4,15.0,Wallet,9,3.7,Gold,Not Returned,6,103.22,Diwali,No,Desktop,1.4,11611.85,2025,4,22,0,12543.6,1881.54
ORD101156,2025-08-03,57,Male,Andhra Pradesh,Sports,1648.15,2,20.0,Debit Card,1,4.5,Silver,Not Returned,5,107.73,Diwali,No,Desktop,1.0,2824.13,2025,8,3,1,3296.3,659.26
ORD101157,2025-02-13,54,Male,West Bengal,Fashion,710.13,1,10.0,Credit Card,5,3.3,Regular,Not Returned,3,56.17,Eid,Yes,Mobile,24.0,804.93,2025,2,13,0,710.13,71.013
ORD101158,2025-11-07,64,Male,Maharashtra,Books,1276.03,1,0.0,UPI,8,4.0,Regular,Not Returned,1,108.05,Eid,Yes,Mobile,11.0,1298.54,2025,11,7,0,1276.03,0.0
ORD101159,2025-05-21,49,Female,Kerala,Sports,1300.74,1,5.0,Cash on Delivery,5,3.7,Regular,Not Returned,3,71.29,Eid,No,Mobile,16.6,1403.85,2025,5,21,0,1300.74,65.03699999999999
ORD101160,2025-05-05,59,Male,Andhra Pradesh,Sports,2642.94,3,0.0,Cash on Delivery,3,4.6,Silver,Not Returned,7,40.03,Normal,Yes,Mobile,6.3,8280.13,2025,5,5,0,7928.82,0.0
ORD101161,2025-08-01,23,Other,Gujarat,Home & Kitchen,812.27,5,25.0,Net Banking,1,4.6,Regular,Not Returned,4,123.32,Normal,Yes,Mobile,10.2,3076.21,2025,8,1,0,4061.35,1015.3375
ORD101162,2025-07-02,59,Female,Gujarat,Sports,1976.03,5,10.0,UPI,1,2.7,Silver,Not Returned,3,113.26,Normal,No,Mobile,10.5,9255.9,2025,7,2,0,9880.15,988.015
ORD101163,2025-11-06,25,Male,Gujarat,Beauty,1233.09,3,15.0,Net Banking,2,4.7,Platinum,Not Returned,3,56.17,Normal,No,Tablet,13.4,3675.01,2025,11,6,0,3699.2699999999995,554.8905
ORD101164,2025-07-13,32,Female,Delhi,Home & Kitchen,3164.01,1,20.0,Net Banking,3,3.6,Regular,Not Returned,5,70.97,Normal,No,Desktop,12.5,2510.49,2025,7,13,1,3164.01,632.802
ORD101165,2025-07-08,24,Female,Rajasthan,Beauty,2777.08,5,10.0,Net Banking,4,4.2,Regular,Not Returned,9,69.7,Normal,No,Mobile,6.5,13231.14,2025,7,8,0,13885.4,1388.54
ORD101166,2025-02-08,36,Female,West Bengal,Fashion,1363.91,1,15.0,Cash on Delivery,9,3.3,Regular,Not Returned,4,32.47,Normal,No,Desktop,6.4,1233.44,2025,2,8,1,1363.91,204.5865
ORD101167,2025-01-09,53,Male,Delhi,Books,1011.91,1,0.0,UPI,6,4.3,Regular,Not Returned,3,116.69,Normal,Yes,Desktop,11.5,1116.41,2025,1,9,0,1011.91,0.0
ORD101168,2025-05-26,30,Male,Rajasthan,Sports,1667.98,3,10.0,Debit Card,2,5.0,Platinum,Not Returned,6,118.0,Diwali,No,Desktop,1.5,5313.03,2025,5,26,0,5003.9400000000005,500.39400000000006
ORD101169,2025-12-31,56,Male,Gujarat,Sports,1067.19,1,0.0,Cash on Delivery,1,4.1,Platinum,Not Returned,2,78.36,Eid,No,Mobile,7.1,1378.12,2025,12,31,0,1067.19,0.0
ORD101170,2025-12-01,46,Female,Gujarat,Sports,3576.99,3,5.0,Cash on Delivery,2,3.7,Regular,Not Returned,6,89.02,Normal,No,Mobile,11.1,11585.74,2025,12,1,0,10730.97,536.5485
ORD101171,2025-08-18,47,Other,Kerala,Home & Kitchen,1262.79,5,10.0,Cash on Delivery,4,3.8,Gold,Not Returned,2,94.01,Normal,No,Mobile,14.4,5900.03,2025,8,18,0,6313.95,631.395
ORD101172,2025-08-19,62,Female,Delhi,Books,921.87,3,20.0,Cash on Delivery,8,3.0,Regular,Not Returned,2,98.55,Normal,Yes,Mobile,21.0,2523.3,2025,8,19,0,2765.61,553.1220000000001
ORD101173,2025-05-23,38,Female,Andhra Pradesh,Fashion,890.09,3,15.0,Cash on Delivery,1,5.0,Silver,Not Returned,4,42.84,Normal,No,Mobile,9.1,2131.1,2025,5,23,0,2670.27,400.5405
ORD101174,2025-03-06,34,Other,Kerala,Beauty,545.45,2,20.0,Credit Card,5,4.2,Silver,Not Returned,6,107.1,Christmas,No,Mobile,12.2,1033.66,2025,3,6,0,1090.9,218.18
ORD101175,2025-01-04,64,Female,Maharashtra,Electronics,1723.03,1,0.0,Cash on Delivery,5,3.3,Regular,Not Returned,3,48.86,Normal,No,Desktop,1.0,1714.2,2025,1,4,1,1723.03,0.0
ORD101176,2025-05-04,44,Male,Rajasthan,Fashion,704.21,3,30.0,Credit Card,2,3.3,Silver,Not Returned,3,113.85,Normal,Yes,Tablet,14.0,1733.89,2025,5,4,1,2112.63,633.789
ORD101177,2025-04-26,46,Female,Andhra Pradesh,Beauty,2450.07,2,0.0,Debit Card,1,4.0,Silver,Not Returned,7,52.73,Sankranti,No,Mobile,6.5,5527.87,2025,4,26,1,4900.14,0.0
ORD101178,2025-03-11,31,Male,Gujarat,Home & Kitchen,517.84,4,20.0,Debit Card,3,4.7,Regular,Not Returned,4,44.5,Normal,No,Mobile,10.2,1835.34,2025,3,11,0,2071.36,414.27200000000005
ORD101179,2025-04-05,28,Male,Telangana,Books,1303.47,1,20.0,Net Banking,2,3.2,Platinum,Not Returned,6,89.02,Normal,No,Mobile,14.9,1242.31,2025,4,5,1,1303.47,260.694
ORD101180,2025-01-10,25,Female,West Bengal,Beauty,2534.43,1,15.0,Wallet,8,4.8,Regular,Not Returned,3,88.23,Normal,Yes,Desktop,15.1,2235.25,2025,1,10,0,2534.43,380.1645
ORD101181,2025-08-10,28,Female,West Bengal,Home & Kitchen,296.22,1,10.0,Cash on Delivery,10,3.9,Regular,Not Returned,9,93.63,Normal,Yes,Mobile,3.3,353.12,2025,8,10,1,296.22,29.622000000000003
ORD101182,2025-12-05,27,Male,Tamil Nadu,Home & Kitchen,4455.74,3,20.0,UPI,7,3.3,Platinum,Not Returned,7,58.75,Normal,No,Desktop,16.8,13507.05,2025,12,5,0,13367.22,2673.4439999999995
ORD101183,2025-09-10,53,Female,West Bengal,Beauty,910.18,3,20.0,Net Banking,8,3.7,Regular,Not Returned,2,97.1,Sankranti,Yes,Desktop,11.8,2298.43,2025,9,10,0,2730.54,546.1080000000001
ORD101184,2025-06-13,20,Male,Maharashtra,Sports,1315.26,5,5.0,Credit Card,8,5.0,Regular,Not Returned,3,100.39,Normal,No,Mobile,19.6,6154.32,2025,6,13,0,6576.3,328.815
ORD101185,2025-06-03,47,Male,Rajasthan,Fashion,1739.79,1,20.0,UPI,9,3.0,Regular,Not Returned,4,130.8,Normal,No,Desktop,20.8,1433.29,2025,6,3,0,1739.79,347.958
ORD101186,2025-04-23,62,Male,Delhi,Beauty,1923.81,2,0.0,Credit Card,1,3.5,Regular,Not Returned,4,96.48,Diwali,No,Mobile,21.6,4406.15,2025,4,23,0,3847.62,0.0
ORD101187,2025-02-21,53,Female,Andhra Pradesh,Beauty,1433.83,1,10.0,Wallet,10,4.7,Regular,Not Returned,7,69.02,Normal,Yes,Mobile,3.5,1266.4,2025,2,21,0,1433.83,143.38299999999998
ORD101188,2025-08-07,36,Female,Tamil Nadu,Electronics,2294.74,1,15.0,Debit Card,5,4.2,Regular,Returned,3,42.85,Normal,No,Desktop,14.4,773.96,2025,8,7,0,2294.74,344.211
ORD101189,2025-07-26,20,Male,Maharashtra,Books,1681.55,1,20.0,Credit Card,6,3.4,Silver,Not Returned,0,36.44,Eid,Yes,Mobile,2.5,1544.42,2025,7,26,1,1681.55,336.31
ORD101190,2025-01-03,57,Male,Tamil Nadu,Beauty,3769.32,2,10.0,UPI,8,4.7,Regular,Returned,3,101.3,Diwali,Yes,Mobile,19.8,2667.34,2025,1,3,0,7538.64,753.864
ORD101191,2025-06-01,18,Male,Telangana,Fashion,1685.12,2,5.0,Cash on Delivery,5,4.7,Gold,Returned,2,117.76,Eid,No,Mobile,20.7,1379.91,2025,6,1,1,3370.24,168.51199999999997
ORD101192,2025-04-12,50,Male,Rajasthan,Beauty,4303.1,1,10.0,Net Banking,3,4.2,Gold,Not Returned,5,58.84,Normal,Yes,Desktop,17.9,4201.78,2025,4,12,1,4303.1,430.31
ORD101193,2025-03-04,49,Female,West Bengal,Sports,2155.5,2,5.0,Debit Card,1,3.6,Regular,Not Returned,4,98.93,Normal,Yes,Mobile,9.5,4225.0,2025,3,4,0,4311.0,215.55
ORD101194,2025-09-14,27,Female,Maharashtra,Books,371.05,3,15.0,UPI,2,3.7,Platinum,Not Returned,5,83.9,Normal,No,Mobile,15.3,1159.55,2025,9,14,1,1113.15,166.9725
ORD101195,2025-07-11,52,Female,Tamil Nadu,Electronics,6550.48,1,10.0,Debit Card,1,4.2,Gold,Not Returned,6,115.14,Normal,No,Desktop,8.7,6631.68,2025,7,11,0,6550.48,655.048
ORD101196,2025-08-20,26,Male,Telangana,Home & Kitchen,826.13,1,20.0,Cash on Delivery,4,3.1,Gold,Not Returned,1,120.31,Normal,No,Mobile,12.1,794.65,2025,8,20,0,826.13,165.226
ORD101197,2025-09-18,28,Female,Rajasthan,Fashion,3172.2,3,5.0,UPI,8,4.9,Silver,Not Returned,5,20.0,Normal,Yes,Mobile,11.4,8777.07,2025,9,18,0,9516.599999999999,475.8299999999999
ORD101198,2025-12-25,56,Male,Karnataka,Beauty,1221.08,3,5.0,Credit Card,4,5.0,Regular,Not Returned,3,126.12,Christmas,No,Mobile,1.0,4086.54,2025,12,25,0,3663.24,183.16199999999998
ORD101199,2025-10-21,64,Male,Andhra Pradesh,Beauty,2391.76,3,10.0,UPI,6,3.8,Regular,Not Returned,6,98.83,Christmas,No,Mobile,7.1,7080.29,2025,10,21,0,7175.280000000001,717.528
ORD101200,2025-08-15,30,Female,Karnataka,Home & Kitchen,767.06,1,0.0,Debit Card,2,4.2,Gold,Not Returned,4,71.4,Normal,Yes,Desktop,25.6,789.15,2025,8,15,0,767.06,0.0
ORD101201,2025-11-17,61,Female,Maharashtra,Books,1802.29,2,5.0,Credit Card,6,4.8,Regular,Not Returned,2,72.38,Normal,No,Mobile,11.5,3397.03,2025,11,17,0,3604.58,180.229
ORD101202,2025-06-24,60,Female,Gujarat,Beauty,1017.91,4,10.0,Credit Card,10,5.0,Gold,Not Returned,5,91.11,Normal,No,Mobile,13.0,4387.37,2025,6,24,0,4071.64,407.164
ORD101203,2025-12-26,54,Female,Karnataka,Home & Kitchen,3349.04,2,10.0,UPI,4,4.0,Silver,Not Returned,3,72.37,Diwali,No,Desktop,11.9,6721.05,2025,12,26,0,6698.08,669.808
ORD101204,2025-10-05,24,Female,Rajasthan,Electronics,1595.93,2,5.0,Net Banking,5,2.8,Regular,Not Returned,7,57.2,Normal,No,Mobile,9.5,2991.04,2025,10,5,1,3191.86,159.59300000000002
ORD101205,2025-08-26,32,Female,Gujarat,Fashion,2204.9,5,15.0,Debit Card,10,3.8,Regular,Not Returned,1,65.23,Holi,Yes,Mobile,12.2,9276.94,2025,8,26,0,11024.5,1653.675
ORD101206,2025-11-26,49,Male,Rajasthan,Books,293.96,1,25.0,Wallet,7,4.4,Platinum,Not Returned,5,53.59,Normal,No,Mobile,9.6,295.59,2025,11,26,0,293.96,73.49
ORD101207,2025-07-08,64,Male,Karnataka,Home & Kitchen,1135.08,3,15.0,Debit Card,4,3.7,Regular,Not Returned,3,137.13,Sankranti,Yes,Mobile,1.0,3045.5,2025,7,8,0,3405.24,510.786
ORD101208,2025-09-21,56,Male,Gujarat,Books,1567.03,4,10.0,Credit Card,2,5.0,Silver,Not Returned,5,91.96,Christmas,No,Mobile,16.7,6541.93,2025,9,21,1,6268.12,626.812
ORD101209,2025-04-14,37,Male,Karnataka,Beauty,1387.73,1,0.0,Credit Card,10,5.0,Platinum,Not Returned,6,168.85,Normal,No,Desktop,21.7,1748.53,2025,4,14,0,1387.73,0.0
ORD101210,2025-12-18,29,Male,Gujarat,Beauty,2241.34,3,5.0,Wallet,7,3.4,Regular,Not Returned,4,102.99,Christmas,No,Mobile,5.0,6857.2,2025,12,18,0,6724.02,336.2010000000001
ORD101211,2025-08-16,63,Male,Delhi,Home & Kitchen,946.0,2,15.0,Cash on Delivery,1,3.9,Regular,Returned,6,110.61,Christmas,No,Desktop,9.5,620.0,2025,8,16,1,1892.0,283.8
ORD101212,2025-10-13,30,Female,Karnataka,Beauty,1238.66,4,15.0,Credit Card,6,3.5,Silver,Not Returned,4,52.84,Normal,No,Desktop,21.0,4794.48,2025,10,13,0,4954.64,743.196
ORD101213,2025-06-18,34,Female,Rajasthan,Electronics,2586.02,4,0.0,Cash on Delivery,10,3.9,Gold,Returned,0,82.36,Normal,Yes,Mobile,7.4,3739.46,2025,6,18,0,10344.08,0.0
ORD101214,2025-11-13,63,Female,West Bengal,Electronics,272.85,4,5.0,Cash on Delivery,10,3.8,Regular,Not Returned,2,92.54,Normal,No,Desktop,14.3,1081.83,2025,11,13,0,1091.4,54.57
ORD101215,2025-01-28,44,Male,West Bengal,Home & Kitchen,1760.15,1,10.0,UPI,2,4.7,Regular,Not Returned,2,67.7,Normal,No,Desktop,38.0,1627.75,2025,1,28,0,1760.15,176.015
ORD101216,2025-02-11,30,Female,Tamil Nadu,Beauty,965.89,3,10.0,Net Banking,5,3.4,Regular,Returned,4,73.73,Eid,Yes,Tablet,15.8,1007.39,2025,2,11,0,2897.67,289.767
ORD101217,2025-07-05,18,Male,Delhi,Beauty,663.2,4,30.0,UPI,10,2.2,Regular,Not Returned,5,104.71,Normal,No,Desktop,12.4,2018.41,2025,7,5,1,2652.8,795.84
ORD101218,2025-09-25,38,Male,Telangana,Home & Kitchen,1493.43,2,5.0,Credit Card,8,2.9,Regular,Not Returned,3,105.39,Holi,Yes,Mobile,17.3,3355.78,2025,9,25,0,2986.86,149.34300000000002
ORD101219,2025-10-23,64,Male,Telangana,Fashion,2664.9,2,0.0,Net Banking,6,3.3,Regular,Not Returned,12,43.21,Diwali,Yes,Mobile,16.7,6100.74,2025,10,23,0,5329.8,0.0
ORD101220,2025-06-10,38,Male,Rajasthan,Sports,2357.89,1,10.0,Debit Card,4,3.5,Gold,Not Returned,5,99.93,Normal,No,Desktop,8.0,2724.21,2025,6,10,0,2357.89,235.789
ORD101221,2025-08-26,50,Male,Telangana,Beauty,1099.11,4,5.0,Credit Card,8,4.1,Regular,Not Returned,3,109.36,Normal,No,Desktop,1.6,3850.64,2025,8,26,0,4396.44,219.82199999999997
ORD101222,2025-07-21,29,Female,West Bengal,Electronics,2120.29,1,5.0,UPI,6,3.2,Gold,Not Returned,4,69.34,Christmas,No,Mobile,15.6,2441.18,2025,7,21,0,2120.29,106.01450000000001
ORD101223,2025-12-17,54,Female,Maharashtra,Home & Kitchen,2109.74,1,10.0,Cash on Delivery,6,3.2,Gold,Not Returned,6,65.78,Normal,Yes,Desktop,16.5,2036.42,2025,12,17,0,2109.74,210.974
ORD101224,2025-08-27,54,Female,Karnataka,Sports,1133.75,4,10.0,Net Banking,10,3.3,Silver,Returned,5,105.45,Normal,No,Mobile,10.2,1691.41,2025,8,27,0,4535.0,453.5
ORD101225,2025-06-02,46,Male,Andhra Pradesh,Sports,764.77,4,0.0,Credit Card,4,3.2,Silver,Not Returned,6,20.0,Eid,Yes,Tablet,21.9,3461.26,2025,6,2,0,3059.08,0.0
ORD101226,2025-12-20,54,Female,Gujarat,Fashion,794.07,5,15.0,Debit Card,7,3.6,Regular,Not Returned,4,90.07,Normal,Yes,Mobile,20.7,3042.91,2025,12,20,1,3970.3500000000004,595.5525000000001
ORD101227,2025-02-09,45,Female,Delhi,Books,2068.71,2,10.0,Debit Card,1,3.6,Silver,Not Returned,5,147.2,Christmas,No,Mobile,16.6,4418.15,2025,2,9,1,4137.42,413.74199999999996
ORD101228,2025-12-26,35,Male,Maharashtra,Beauty,1167.57,1,0.0,Wallet,8,4.5,Regular,Not Returned,3,20.0,Normal,No,Mobile,10.3,1206.58,2025,12,26,0,1167.57,0.0
ORD101229,2025-02-26,52,Female,West Bengal,Home & Kitchen,607.93,2,25.0,Net Banking,6,3.3,Regular,Not Returned,2,118.8,Holi,No,Tablet,1.0,1163.76,2025,2,26,0,1215.86,303.965
ORD101230,2025-04-16,57,Male,Karnataka,Beauty,401.38,1,10.0,Credit Card,9,3.7,Silver,Not Returned,2,109.05,Diwali,Yes,Desktop,11.0,500.44,2025,4,16,0,401.38,40.138000000000005
ORD101231,2025-10-27,57,Male,Kerala,Books,2060.63,4,30.0,Cash on Delivery,4,3.6,Regular,Not Returned,4,39.67,Normal,No,Mobile,1.0,5923.7,2025,10,27,0,8242.52,2472.756
ORD101232,2025-09-25,28,Male,Tamil Nadu,Fashion,841.07,2,25.0,Wallet,10,4.6,Regular,Not Returned,7,108.22,Normal,Yes,Tablet,1.0,1347.59,2025,9,25,0,1682.14,420.535
ORD101233,2025-12-21,49,Female,Kerala,Electronics,1487.47,2,10.0,Debit Card,6,3.9,Silver,Not Returned,3,125.05,Normal,No,Mobile,15.9,2770.29,2025,12,21,1,2974.94,297.494
ORD101234,2025-10-01,18,Male,Telangana,Home & Kitchen,2686.21,1,5.0,UPI,3,4.0,Regular,Not Returned,2,48.82,Diwali,Yes,Mobile,19.0,2866.54,2025,10,1,0,2686.21,134.3105
ORD101235,2025-08-21,44,Male,Maharashtra,Electronics,512.49,2,20.0,Credit Card,2,3.2,Regular,Not Returned,4,65.25,Normal,Yes,Mobile,1.0,893.35,2025,8,21,0,1024.98,204.99599999999998
ORD101236,2025-05-07,44,Male,Kerala,Books,1165.3,4,10.0,Cash on Delivery,2,4.0,Regular,Not Returned,0,90.91,Normal,No,Mobile,10.5,4556.02,2025,5,7,0,4661.2,466.12
ORD101237,2025-01-02,35,Female,Kerala,Books,1073.98,3,5.0,Wallet,4,3.6,Regular,Not Returned,6,124.22,Diwali,No,Mobile,11.9,3445.44,2025,1,2,0,3221.94,161.097
ORD101238,2025-02-15,64,Male,Maharashtra,Beauty,1535.96,1,15.0,Credit Card,6,3.1,Silver,Not Returned,6,71.06,Eid,No,Mobile,10.2,1586.85,2025,2,15,1,1535.96,230.394
ORD101239,2025-04-19,59,Male,Gujarat,Books,2685.25,1,10.0,UPI,9,4.0,Silver,Not Returned,7,88.53,Normal,Yes,Mobile,3.7,2393.47,2025,4,19,1,2685.25,268.525
ORD101240,2025-01-15,19,Male,Kerala,Electronics,505.69,2,20.0,Credit Card,10,5.0,Regular,Not Returned,3,66.73,Diwali,No,Mobile,20.0,1025.05,2025,1,15,0,1011.38,202.27599999999998
ORD101241,2025-07-05,27,Female,Tamil Nadu,Beauty,1737.92,1,20.0,Debit Card,7,3.4,Silver,Returned,1,90.86,Christmas,No,Mobile,3.9,549.8,2025,7,5,1,1737.92,347.584
ORD101242,2025-10-11,27,Female,Tamil Nadu,Home & Kitchen,2346.24,4,25.0,UPI,5,3.9,Platinum,Not Returned,4,126.63,Normal,No,Mobile,1.0,8459.96,2025,10,11,1,9384.96,2346.24
ORD101243,2025-12-18,60,Female,Gujarat,Fashion,1063.09,2,20.0,UPI,7,3.1,Silver,Not Returned,2,93.71,Eid,Yes,Mobile,3.8,2027.89,2025,12,18,0,2126.18,425.236
ORD101244,2025-06-28,42,Male,Rajasthan,Fashion,1097.44,1,15.0,Cash on Delivery,4,3.0,Silver,Not Returned,5,77.49,Diwali,No,Mobile,14.9,1133.07,2025,6,28,1,1097.44,164.616
ORD101245,2025-11-16,52,Male,Delhi,Beauty,1575.09,3,10.0,Net Banking,3,4.0,Silver,Not Returned,2,88.85,Diwali,No,Mobile,10.4,5049.92,2025,11,16,1,4725.2699999999995,472.527
ORD101246,2025-12-26,56,Female,Gujarat,Beauty,1501.48,1,30.0,Credit Card,6,3.7,Gold,Not Returned,5,61.98,Holi,No,Mobile,7.4,1121.05,2025,12,26,0,1501.48,450.444
ORD101247,2025-11-10,54,Male,Rajasthan,Electronics,1752.16,1,30.0,Cash on Delivery,9,3.7,Platinum,Not Returned,3,55.2,Normal,Yes,Desktop,15.2,1386.12,2025,11,10,0,1752.16,525.648
ORD101248,2025-06-19,22,Female,West Bengal,Beauty,1728.33,2,20.0,Cash on Delivery,1,3.8,Regular,Returned,0,132.12,Normal,Yes,Mobile,14.0,1059.51,2025,6,19,0,3456.66,691.332
ORD101249,2025-04-29,24,Female,Kerala,Books,633.84,1,20.0,Net Banking,2,2.8,Regular,Not Returned,4,147.32,Diwali,No,Mobile,1.0,788.25,2025,4,29,0,633.84,126.76800000000001
ORD101250,2025-12-23,36,Male,Telangana,Electronics,2284.15,2,15.0,Wallet,2,3.6,Regular,Not Returned,4,27.3,Normal,Yes,Tablet,15.1,3904.64,2025,12,23,0,4568.3,685.245
ORD101251,2025-03-30,33,Other,Gujarat,Books,2561.85,3,5.0,Wallet,3,4.4,Gold,Not Returned,3,110.37,Normal,No,Desktop,19.1,6770.57,2025,3,30,1,7685.549999999999,384.2775
ORD101252,2025-05-31,53,Female,Gujarat,Beauty,1354.29,4,25.0,Credit Card,2,3.0,Regular,Not Returned,9,120.06,Holi,No,Mobile,11.3,4431.58,2025,5,31,1,5417.16,1354.29
ORD101253,2025-01-28,25,Male,Tamil Nadu,Home & Kitchen,454.35,1,10.0,Wallet,2,3.8,Gold,Not Returned,8,47.59,Normal,No,Desktop,10.6,535.14,2025,1,28,0,454.35,45.435
ORD101254,2025-10-17,35,Male,West Bengal,Sports,1113.75,2,5.0,UPI,1,4.2,Regular,Not Returned,2,73.49,Normal,No,Mobile,23.4,2335.37,2025,10,17,0,2227.5,111.375
ORD101255,2025-08-26,29,Male,West Bengal,Beauty,1361.63,1,10.0,Wallet,4,3.5,Silver,Not Returned,2,69.8,Normal,No,Mobile,7.7,1337.99,2025,8,26,0,1361.63,136.163
ORD101256,2025-01-31,26,Female,Karnataka,Sports,570.26,2,15.0,UPI,8,4.2,Regular,Not Returned,6,156.53,Normal,Yes,Desktop,11.0,1039.72,2025,1,31,0,1140.52,171.078
ORD101257,2025-03-23,26,Male,Maharashtra,Electronics,949.55,1,15.0,UPI,2,2.9,Regular,Not Returned,4,147.84,Normal,No,Mobile,14.0,1010.16,2025,3,23,1,949.55,142.4325
ORD101258,2025-07-22,27,Male,Telangana,Electronics,480.1,2,5.0,UPI,4,4.6,Regular,Returned,3,57.76,Normal,No,Desktop,12.3,351.06,2025,7,22,0,960.2,48.01
ORD101259,2025-07-17,44,Female,Telangana,Beauty,1780.8,1,0.0,UPI,10,4.3,Silver,Not Returned,2,38.93,Normal,Yes,Mobile,10.4,1795.7,2025,7,17,0,1780.8,0.0
ORD101260,2025-10-20,37,Male,Tamil Nadu,Fashion,1336.68,4,5.0,Debit Card,2,4.0,Regular,Not Returned,8,117.05,Normal,Yes,Mobile,12.5,5420.88,2025,10,20,0,5346.72,267.336
ORD101261,2025-04-08,38,Male,Karnataka,Fashion,411.71,4,10.0,Cash on Delivery,10,4.0,Regular,Not Returned,7,109.04,Eid,No,Mobile,21.4,1662.13,2025,4,8,0,1646.84,164.68399999999997
ORD101262,2025-12-04,40,Female,Tamil Nadu,Home & Kitchen,1507.98,1,0.0,Net Banking,6,3.8,Silver,Not Returned,13,133.54,Christmas,No,Desktop,16.8,1793.35,2025,12,4,0,1507.98,0.0
ORD101263,2025-06-12,52,Male,Telangana,Sports,1156.72,3,15.0,UPI,8,3.6,Gold,Not Returned,7,52.93,Normal,Yes,Mobile,11.6,3110.64,2025,6,12,0,3470.16,520.5239999999999
ORD101264,2025-10-28,58,Male,Maharashtra,Fashion,1678.65,1,5.0,Credit Card,4,5.0,Gold,Returned,6,115.32,Normal,Yes,Mobile,6.8,628.5,2025,10,28,0,1678.65,83.9325
ORD101265,2025-03-29,42,Male,Gujarat,Books,930.37,3,10.0,UPI,4,5.0,Silver,Not Returned,2,64.39,Normal,No,Desktop,7.6,2798.06,2025,3,29,1,2791.11,279.11100000000005
ORD101266,2025-01-14,48,Male,Karnataka,Home & Kitchen,712.74,1,10.0,UPI,4,3.5,Regular,Not Returned,6,111.81,Normal,Yes,Mobile,17.7,672.56,2025,1,14,0,712.74,71.274
ORD101267,2025-01-21,52,Male,Kerala,Electronics,727.07,1,15.0,Net Banking,2,3.9,Gold,Not Returned,7,88.7,Sankranti,Yes,Mobile,2.4,870.78,2025,1,21,0,727.07,109.0605
ORD101268,2025-05-17,50,Female,Tamil Nadu,Electronics,845.79,2,20.0,Cash on Delivery,4,4.7,Regular,Not Returned,1,156.52,Normal,No,Mobile,26.4,1525.76,2025,5,17,1,1691.58,338.316
ORD101269,2025-12-14,24,Female,Delhi,Books,1214.77,2,5.0,Credit Card,9,3.9,Platinum,Not Returned,2,105.66,Normal,Yes,Mobile,11.8,2640.1,2025,12,14,1,2429.54,121.477
ORD101270,2025-01-18,64,Male,Gujarat,Electronics,1321.14,2,10.0,Credit Card,1,4.4,Gold,Not Returned,3,79.01,Christmas,Yes,Mobile,3.7,2842.92,2025,1,18,1,2642.28,264.228
ORD101271,2025-05-15,25,Female,Rajasthan,Home & Kitchen,1060.09,2,15.0,Wallet,6,4.5,Regular,Not Returned,7,94.83,Holi,No,Mobile,13.1,1937.01,2025,5,15,0,2120.18,318.027
ORD101272,2025-02-09,37,Female,Andhra Pradesh,Sports,911.34,1,0.0,Cash on Delivery,7,3.6,Regular,Not Returned,1,86.48,Normal,No,Mobile,7.2,900.13,2025,2,9,1,911.34,0.0
ORD101273,2025-12-07,48,Female,West Bengal,Beauty,954.96,1,20.0,Credit Card,2,4.3,Silver,Not Returned,5,49.59,Diwali,No,Mobile,9.5,857.18,2025,12,7,1,954.96,190.99200000000002
ORD101274,2025-09-04,36,Female,Karnataka,Fashion,6124.78,2,30.0,Wallet,2,4.0,Silver,Not Returned,7,157.37,Normal,Yes,Desktop,2.9,7971.14,2025,9,4,0,12249.56,3674.868
ORD101275,2025-10-06,29,Female,Andhra Pradesh,Electronics,727.13,2,15.0,Credit Card,6,3.1,Silver,Not Returned,3,145.96,Diwali,No,Mobile,10.6,1412.65,2025,10,6,0,1454.26,218.139
ORD101276,2025-09-18,61,Female,Gujarat,Sports,834.97,1,30.0,Credit Card,3,3.3,Platinum,Not Returned,7,83.83,Normal,Yes,Mobile,1.0,675.63,2025,9,18,0,834.97,250.491
ORD101277,2025-08-28,21,Male,Telangana,Home & Kitchen,10209.58,1,10.0,Net Banking,10,3.5,Silver,Not Returned,4,114.5,Normal,No,Mobile,8.4,10285.83,2025,8,28,0,10209.58,1020.9580000000001
ORD101278,2025-10-10,29,Female,Telangana,Electronics,1577.72,2,10.0,Cash on Delivery,2,4.6,Regular,Not Returned,3,161.8,Normal,Yes,Tablet,7.0,2770.41,2025,10,10,0,3155.44,315.54400000000004
ORD101279,2025-01-03,64,Male,Rajasthan,Fashion,489.36,2,0.0,UPI,2,4.7,Silver,Not Returned,2,133.29,Normal,Yes,Desktop,9.0,1142.54,2025,1,3,0,978.72,0.0
ORD101280,2025-11-12,52,Male,Tamil Nadu,Beauty,2075.22,3,0.0,Net Banking,4,4.5,Regular,Not Returned,10,79.24,Normal,No,Mobile,7.4,6727.35,2025,11,12,0,6225.66,0.0
ORD101281,2025-09-28,22,Female,Kerala,Fashion,664.18,2,5.0,Credit Card,4,4.3,Silver,Not Returned,8,86.92,Sankranti,Yes,Desktop,12.2,1577.01,2025,9,28,1,1328.36,66.41799999999999
ORD101282,2025-09-27,53,Male,Tamil Nadu,Home & Kitchen,2166.71,2,10.0,Net Banking,2,4.3,Gold,Not Returned,4,29.89,Normal,No,Mobile,17.3,4130.6,2025,9,27,1,4333.42,433.342
ORD101283,2025-05-24,63,Male,Telangana,Electronics,1046.23,2,10.0,Debit Card,7,4.0,Regular,Not Returned,6,117.12,Eid,No,Mobile,14.2,2122.7,2025,5,24,1,2092.46,209.24599999999998
ORD101284,2025-10-20,22,Male,Andhra Pradesh,Sports,901.63,1,5.0,Net Banking,4,4.3,Gold,Not Returned,4,133.5,Normal,Yes,Mobile,19.8,1070.8,2025,10,20,0,901.63,45.0815
ORD101285,2025-05-20,37,Male,Andhra Pradesh,Beauty,3415.35,1,15.0,Wallet,6,4.3,Gold,Not Returned,5,133.74,Eid,No,Mobile,9.0,3954.06,2025,5,20,0,3415.35,512.3025
ORD101286,2025-01-18,40,Female,Maharashtra,Sports,1734.09,1,5.0,Net Banking,3,3.0,Regular,Not Returned,7,114.54,Normal,No,Mobile,13.9,1805.59,2025,1,18,1,1734.09,86.7045
ORD101287,2025-11-28,24,Female,Maharashtra,Electronics,2258.64,3,10.0,Wallet,1,3.4,Gold,Not Returned,4,102.33,Normal,Yes,Mobile,14.2,6900.71,2025,11,28,0,6775.92,677.592
ORD101288,2025-03-27,27,Male,Andhra Pradesh,Home & Kitchen,1592.04,1,5.0,Cash on Delivery,1,3.3,Gold,Returned,5,55.08,Normal,No,Desktop,18.9,666.86,2025,3,27,0,1592.04,79.602
ORD101289,2025-02-07,26,Male,Karnataka,Fashion,898.91,2,15.0,UPI,1,4.8,Regular,Not Returned,7,101.19,Normal,No,Desktop,7.6,1656.5,2025,2,7,0,1797.82,269.673
ORD101290,2025-08-15,26,Male,Tamil Nadu,Beauty,1785.51,2,15.0,Cash on Delivery,9,5.0,Regular,Not Returned,3,67.89,Normal,Yes,Desktop,11.8,3316.98,2025,8,15,0,3571.02,535.653
ORD101291,2025-03-27,36,Male,Kerala,Sports,2633.49,2,20.0,Debit Card,3,2.5,Regular,Not Returned,4,108.38,Diwali,No,Mobile,11.8,4801.51,2025,3,27,0,5266.98,1053.396
ORD101292,2025-11-10,39,Female,Rajasthan,Fashion,1309.84,3,0.0,Net Banking,4,5.0,Silver,Not Returned,1,63.26,Normal,No,Mobile,8.6,4226.85,2025,11,10,0,3929.5199999999995,0.0
ORD101293,2025-06-11,29,Female,Gujarat,Sports,3870.52,3,10.0,Credit Card,6,4.1,Regular,Not Returned,8,108.16,Normal,Yes,Mobile,9.8,9948.28,2025,6,11,0,11611.56,1161.156
ORD101294,2025-01-02,31,Female,Rajasthan,Beauty,2085.77,1,30.0,Net Banking,1,4.7,Regular,Not Returned,1,136.31,Normal,No,Mobile,14.7,1488.2,2025,1,2,0,2085.77,625.731
ORD101295,2025-12-14,27,Male,Telangana,Sports,1377.28,3,0.0,Debit Card,7,4.4,Platinum,Not Returned,3,103.2,Diwali,No,Desktop,5.5,4965.24,2025,12,14,1,4131.84,0.0
ORD101296,2025-07-07,55,Female,Tamil Nadu,Electronics,1413.1,2,10.0,Net Banking,6,4.0,Silver,Not Returned,6,101.5,Normal,Yes,Mobile,6.3,2868.6,2025,7,7,0,2826.2,282.62
ORD101297,2025-04-06,27,Female,Delhi,Books,1311.96,1,0.0,Debit Card,8,4.1,Silver,Not Returned,7,121.96,Normal,Yes,Desktop,8.1,1550.88,2025,4,6,1,1311.96,0.0
ORD101298,2025-09-05,60,Female,Karnataka,Home & Kitchen,532.07,3,5.0,Debit Card,2,3.0,Platinum,Not Returned,1,151.96,Normal,Yes,Mobile,12.3,2018.03,2025,9,5,0,1596.21,79.8105
ORD101299,2025-07-13,43,Male,West Bengal,Fashion,1131.76,3,10.0,Credit Card,1,3.9,Regular,Not Returned,4,86.25,Sankranti,No,Mobile,6.4,3391.1,2025,7,13,1,3395.2799999999997,339.52799999999996
ORD101300,2025-01-11,55,Male,Maharashtra,Fashion,1385.54,1,5.0,Net Banking,8,4.4,Regular,Not Returned,3,108.24,Sankranti,No,Mobile,13.6,1588.1,2025,1,11,1,1385.54,69.277
ORD101301,2025-10-05,47,Female,Tamil Nadu,Books,915.64,5,15.0,UPI,4,3.8,Silver,Not Returned,5,142.89,Normal,No,Desktop,9.9,4290.52,2025,10,5,1,4578.2,686.73
ORD101302,2025-05-27,30,Male,West Bengal,Books,1494.53,2,25.0,Credit Card,1,4.5,Regular,Not Returned,5,113.43,Normal,No,Mobile,15.9,2340.03,2025,5,27,0,2989.06,747.265
ORD101303,2025-09-13,46,Male,Kerala,Electronics,1216.74,2,5.0,Debit Card,6,4.0,Regular,Not Returned,3,20.0,Normal,No,Mobile,12.4,2286.82,2025,9,13,1,2433.48,121.67399999999999
ORD101304,2025-11-23,30,Other,West Bengal,Home & Kitchen,1984.21,1,0.0,UPI,5,3.6,Gold,Not Returned,4,64.95,Normal,Yes,Mobile,22.5,1997.24,2025,11,23,1,1984.21,0.0
ORD101305,2025-08-11,23,Female,Maharashtra,Sports,1846.6,1,20.0,Wallet,10,3.2,Regular,Not Returned,6,116.29,Sankranti,No,Desktop,12.7,1705.3,2025,8,11,0,1846.6,369.32
ORD101306,2025-09-03,29,Male,Telangana,Beauty,1337.73,2,10.0,Debit Card,10,3.7,Silver,Not Returned,6,75.99,Holi,Yes,Mobile,4.7,2745.85,2025,9,3,0,2675.46,267.546
ORD101307,2025-04-03,30,Male,Gujarat,Fashion,493.43,2,25.0,Credit Card,6,4.1,Silver,Not Returned,4,140.41,Normal,Yes,Tablet,10.7,968.7,2025,4,3,0,986.86,246.715
ORD101308,2025-03-28,24,Male,Telangana,Home & Kitchen,3843.15,2,10.0,Credit Card,2,2.6,Silver,Not Returned,7,155.03,Diwali,Yes,Mobile,12.1,8449.72,2025,3,28,0,7686.3,768.63
ORD101309,2025-06-01,19,Female,Gujarat,Home & Kitchen,1094.28,3,15.0,Credit Card,8,3.5,Regular,Returned,3,69.34,Normal,No,Mobile,6.5,1009.66,2025,6,1,1,3282.84,492.42600000000004
ORD101310,2025-11-08,62,Male,Maharashtra,Fashion,1138.54,1,25.0,Cash on Delivery,3,2.6,Regular,Returned,3,53.86,Sankranti,No,Mobile,21.1,385.62,2025,11,8,1,1138.54,284.635
ORD101311,2025-07-11,42,Female,Delhi,Books,960.48,3,5.0,Debit Card,9,3.6,Gold,Not Returned,5,77.36,Sankranti,No,Mobile,10.1,3289.78,2025,7,11,0,2881.44,144.072
ORD101312,2025-05-08,36,Female,West Bengal,Fashion,873.59,3,20.0,Credit Card,7,4.8,Gold,Not Returned,6,75.34,Sankranti,No,Desktop,8.1,2665.46,2025,5,8,0,2620.77,524.154
ORD101313,2025-10-12,61,Female,Maharashtra,Sports,3273.83,3,15.0,Wallet,4,3.2,Regular,Not Returned,5,143.76,Normal,Yes,Mobile,13.1,8441.04,2025,10,12,1,9821.49,1473.2235
ORD101314,2025-11-08,28,Female,West Bengal,Books,2954.27,3,20.0,Cash on Delivery,10,4.5,Regular,Not Returned,6,53.76,Normal,Yes,Tablet,6.6,6655.29,2025,11,8,1,8862.81,1772.562
ORD101315,2025-11-26,36,Male,Telangana,Sports,1601.88,4,5.0,Debit Card,6,5.0,Silver,Not Returned,3,115.99,Normal,No,Mobile,17.8,6226.22,2025,11,26,0,6407.52,320.37600000000003
ORD101316,2025-04-20,57,Male,Telangana,Sports,1119.01,1,10.0,Cash on Delivery,4,5.0,Regular,Returned,5,138.57,Normal,No,Desktop,16.6,436.45,2025,4,20,1,1119.01,111.90100000000001
ORD101317,2025-09-17,47,Female,Rajasthan,Electronics,1794.54,3,5.0,Cash on Delivery,2,4.1,Regular,Not Returned,7,118.67,Normal,No,Desktop,12.8,5150.15,2025,9,17,0,5383.62,269.181
ORD101318,2025-08-04,36,Male,Kerala,Electronics,1258.96,5,30.0,UPI,7,4.6,Regular,Returned,2,105.28,Diwali,Yes,Tablet,15.5,1657.67,2025,8,4,0,6294.8,1888.44
ORD101319,2025-06-13,30,Male,Maharashtra,Sports,1060.43,2,0.0,Net Banking,3,3.0,Regular,Not Returned,4,84.32,Normal,Yes,Mobile,9.0,2204.64,2025,6,13,0,2120.86,0.0
ORD101320,2025-05-25,19,Male,Telangana,Sports,1494.95,1,0.0,Credit Card,2,2.9,Regular,Not Returned,3,154.71,Normal,No,Desktop,3.0,1611.11,2025,5,25,1,1494.95,0.0
ORD101321,2025-02-11,21,Male,Tamil Nadu,Sports,900.84,5,25.0,UPI,2,4.0,Regular,Not Returned,5,81.42,Diwali,Yes,Mobile,10.0,4003.95,2025,2,11,0,4504.2,1126.05
ORD101322,2025-04-11,25,Male,Gujarat,Home & Kitchen,1413.82,1,10.0,Cash on Delivery,7,4.3,Gold,Not Returned,6,123.19,Normal,Yes,Mobile,9.0,1662.26,2025,4,11,0,1413.82,141.38199999999998
ORD101323,2025-07-20,54,Female,West Bengal,Beauty,1370.35,1,15.0,Wallet,10,4.8,Regular,Not Returned,2,84.44,Normal,No,Desktop,1.0,1249.68,2025,7,20,1,1370.35,205.5525
ORD101324,2025-11-20,48,Female,Rajasthan,Electronics,1775.76,1,10.0,Net Banking,3,3.6,Regular,Not Returned,5,25.54,Normal,No,Mobile,5.7,1676.38,2025,11,20,0,1775.76,177.576
ORD101325,2025-11-13,38,Female,Maharashtra,Fashion,802.42,2,15.0,Credit Card,3,4.1,Regular,Not Returned,5,80.56,Holi,Yes,Desktop,4.6,1651.23,2025,11,13,0,1604.84,240.726
ORD101326,2025-03-10,54,Female,Maharashtra,Beauty,1903.91,2,10.0,Debit Card,7,4.1,Gold,Not Returned,4,84.53,Normal,No,Mobile,5.7,3986.89,2025,3,10,0,3807.82,380.78200000000004
ORD101327,2025-09-05,25,Male,Telangana,Electronics,665.79,2,10.0,Cash on Delivery,2,3.9,Regular,Not Returned,7,84.98,Normal,Yes,Mobile,20.0,1215.8,2025,9,5,0,1331.58,133.158
ORD101328,2025-01-31,27,Female,Andhra Pradesh,Electronics,827.09,4,15.0,Credit Card,1,3.9,Regular,Not Returned,4,66.89,Normal,No,Mobile,15.1,2808.27,2025,1,31,0,3308.36,496.254
ORD101329,2025-09-04,36,Female,Maharashtra,Electronics,850.88,2,10.0,Net Banking,7,3.4,Silver,Not Returned,3,111.9,Diwali,Yes,Mobile,17.8,1873.41,2025,9,4,0,1701.76,170.176
ORD101330,2025-05-05,61,Male,Kerala,Fashion,597.79,2,5.0,Credit Card,6,4.2,Silver,Not Returned,2,115.8,Eid,No,Mobile,15.1,1425.18,2025,5,5,0,1195.58,59.778999999999996
ORD101331,2025-06-14,46,Female,Telangana,Books,2322.17,4,5.0,Credit Card,1,4.1,Gold,Not Returned,5,79.3,Christmas,No,Tablet,18.5,9182.55,2025,6,14,1,9288.68,464.434
ORD101332,2025-09-19,57,Male,Maharashtra,Sports,639.18,3,15.0,UPI,3,3.7,Regular,Not Returned,1,79.0,Normal,No,Mobile,12.2,1664.14,2025,9,19,0,1917.54,287.631
ORD101333,2025-06-05,29,Male,Gujarat,Books,761.87,1,5.0,Net Banking,2,4.5,Regular,Not Returned,4,53.23,Normal,No,Mobile,21.1,742.65,2025,6,5,0,761.87,38.0935
ORD101334,2025-10-22,57,Male,West Bengal,Fashion,2713.76,1,10.0,UPI,7,4.7,Regular,Not Returned,4,98.9,Normal,No,Mobile,4.6,2675.81,2025,10,22,0,2713.76,271.37600000000003
ORD101335,2025-07-14,21,Male,Rajasthan,Beauty,828.15,2,10.0,Net Banking,7,4.5,Silver,Returned,4,138.23,Holi,No,Mobile,11.6,607.63,2025,7,14,0,1656.3,165.63
ORD101336,2025-12-31,28,Male,Karnataka,Books,1061.87,3,10.0,Wallet,8,3.3,Regular,Returned,2,138.25,Normal,No,Desktop,5.9,1022.75,2025,12,31,0,3185.6099999999997,318.561
ORD101337,2025-08-21,42,Female,Karnataka,Home & Kitchen,621.58,2,15.0,UPI,1,4.1,Regular,Not Returned,6,69.03,Normal,Yes,Tablet,19.5,1092.21,2025,8,21,0,1243.16,186.47400000000002
ORD101338,2025-04-19,20,Female,West Bengal,Beauty,2062.13,1,10.0,UPI,9,3.4,Regular,Not Returned,2,159.69,Normal,No,Mobile,14.5,2111.31,2025,4,19,1,2062.13,206.21300000000002
ORD101339,2025-10-10,58,Male,Gujarat,Sports,2080.69,3,25.0,Wallet,3,4.1,Platinum,Not Returned,2,77.32,Normal,No,Mobile,19.1,5639.77,2025,10,10,0,6242.07,1560.5175
ORD101340,2025-05-29,58,Female,Tamil Nadu,Sports,1939.9,2,15.0,UPI,10,3.4,Regular,Not Returned,5,54.44,Eid,No,Mobile,3.6,3727.67,2025,5,29,0,3879.8,581.97
ORD101341,2025-07-14,43,Male,Gujarat,Books,1701.85,2,20.0,Debit Card,9,4.9,Regular,Not Returned,4,42.34,Normal,No,Mobile,8.4,2948.87,2025,7,14,0,3403.7,680.74
ORD101342,2025-02-19,32,Female,Telangana,Beauty,1258.79,4,20.0,Wallet,5,4.5,Gold,Not Returned,2,52.33,Eid,No,Mobile,1.3,5064.9,2025,2,19,0,5035.16,1007.0319999999999
ORD101343,2025-02-13,22,Male,Maharashtra,Beauty,853.4,3,5.0,UPI,8,4.8,Silver,Not Returned,1,101.68,Normal,No,Tablet,14.2,2326.4,2025,2,13,0,2560.2,128.01
ORD101344,2025-07-29,47,Male,Karnataka,Books,706.52,2,30.0,Cash on Delivery,7,4.7,Silver,Returned,3,80.99,Normal,No,Mobile,9.4,399.48,2025,7,29,0,1413.04,423.912
ORD101345,2025-03-10,43,Female,Rajasthan,Sports,2775.3,2,20.0,Debit Card,8,3.8,Silver,Not Returned,5,67.88,Sankranti,No,Desktop,16.5,4903.83,2025,3,10,0,5550.6,1110.12
ORD101346,2025-12-31,53,Female,Andhra Pradesh,Home & Kitchen,1972.78,2,15.0,Debit Card,1,3.7,Regular,Not Returned,4,60.34,Normal,No,Mobile,12.2,3156.63,2025,12,31,0,3945.56,591.8340000000001
ORD101347,2025-11-09,46,Female,West Bengal,Beauty,764.66,2,5.0,Wallet,1,5.0,Gold,Not Returned,2,51.99,Christmas,No,Desktop,1.0,1705.64,2025,11,9,1,1529.32,76.466
ORD101348,2025-09-13,24,Female,Tamil Nadu,Beauty,1231.47,2,5.0,Cash on Delivery,10,3.9,Regular,Not Returned,2,58.85,Normal,No,Desktop,2.0,2503.83,2025,9,13,1,2462.94,123.147
ORD101349,2025-09-26,23,Female,Andhra Pradesh,Fashion,987.33,3,15.0,Credit Card,8,3.1,Platinum,Not Returned,6,90.905,Normal,No,Desktop,12.5,3218.91,2025,9,26,0,2961.9900000000002,444.29850000000005
ORD101350,2025-08-06,54,Male,Gujarat,Beauty,576.36,2,10.0,Wallet,7,4.7,Regular,Not Returned,7,153.12,Normal,No,Mobile,14.8,1094.48,2025,8,6,0,1152.72,115.272
ORD101351,2025-01-23,25,Male,Gujarat,Beauty,1346.89,2,15.0,Cash on Delivery,4,4.1,Silver,Not Returned,6,155.28,Eid,Yes,Mobile,1.0,2820.73,2025,1,23,0,2693.78,404.06700000000006
ORD101352,2025-05-24,62,Male,Telangana,Books,915.99,1,10.0,UPI,5,5.0,Silver,Returned,1,114.05,Diwali,Yes,Mobile,11.5,408.46,2025,5,24,1,915.99,91.59899999999999
ORD101353,2025-06-30,22,Male,Andhra Pradesh,Beauty,646.08,3,15.0,Debit Card,4,4.2,Regular,Not Returned,3,72.77,Diwali,No,Mobile,5.9,2061.98,2025,6,30,0,1938.2400000000002,290.73600000000005
ORD101354,2025-12-01,52,Male,Telangana,Electronics,458.81,2,5.0,Credit Card,5,4.0,Regular,Returned,6,66.63,Holi,No,Mobile,5.3,281.21,2025,12,1,0,917.62,45.881
ORD101355,2025-03-22,63,Female,Maharashtra,Books,434.24,1,5.0,Cash on Delivery,7,5.0,Gold,Not Returned,1,116.46,Normal,Yes,Tablet,8.1,640.01,2025,3,22,1,434.24,21.712
ORD101356,2025-07-01,38,Male,Telangana,Beauty,942.61,1,0.0,Wallet,8,2.9,Regular,Not Returned,4,81.38,Christmas,No,Mobile,12.7,1169.68,2025,7,1,0,942.61,0.0
ORD101357,2025-05-06,20,Female,Delhi,Fashion,1135.43,1,20.0,UPI,4,3.6,Platinum,Not Returned,4,104.42,Normal,Yes,Mobile,7.8,977.26,2025,5,6,0,1135.43,227.086
ORD101358,2025-02-19,59,Male,Andhra Pradesh,Sports,679.35,5,15.0,Net Banking,9,3.4,Regular,Not Returned,1,157.57,Holi,No,Mobile,1.0,3137.32,2025,2,19,0,3396.75,509.5125
ORD101359,2025-02-07,26,Female,Delhi,Home & Kitchen,1831.81,4,25.0,Wallet,1,2.5,Silver,Not Returned,8,97.59,Sankranti,No,Desktop,12.7,6691.2,2025,2,7,0,7327.24,1831.81
ORD101360,2025-05-14,42,Female,West Bengal,Home & Kitchen,1149.95,2,20.0,Wallet,9,4.6,Silver,Not Returned,3,169.72,Normal,No,Mobile,9.9,2114.68,2025,5,14,0,2299.9,459.98
ORD101361,2025-01-31,64,Male,Delhi,Books,1745.95,2,20.0,Cash on Delivery,7,3.6,Regular,Not Returned,6,50.56,Holi,No,Mobile,6.4,2965.83,2025,1,31,0,3491.9,698.38
ORD101362,2025-01-25,53,Male,Rajasthan,Books,1065.48,3,10.0,Credit Card,6,4.6,Silver,Not Returned,2,105.66,Sankranti,No,Mobile,10.2,3330.91,2025,1,25,1,3196.44,319.644
ORD101363,2025-05-09,20,Female,Rajasthan,Beauty,719.42,2,20.0,UPI,4,4.3,Silver,Not Returned,6,100.98,Normal,Yes,Desktop,9.9,1331.86,2025,5,9,0,1438.84,287.768
ORD101364,2025-03-15,56,Female,Andhra Pradesh,Home & Kitchen,1292.4,5,25.0,Wallet,4,4.4,Silver,Not Returned,5,55.56,Sankranti,No,Mobile,12.3,5263.52,2025,3,15,1,6462.0,1615.5
ORD101365,2025-07-22,25,Male,Karnataka,Books,528.13,1,20.0,Debit Card,4,3.7,Silver,Not Returned,3,118.06,Normal,Yes,Tablet,10.5,552.53,2025,7,22,0,528.13,105.626
ORD101366,2025-01-07,53,Male,Delhi,Fashion,1703.96,1,0.0,Debit Card,10,3.5,Silver,Not Returned,6,143.58,Christmas,Yes,Mobile,13.0,2165.8,2025,1,7,0,1703.96,0.0
ORD101367,2025-04-21,47,Female,Karnataka,Sports,652.58,2,15.0,Net Banking,1,4.1,Regular,Not Returned,2,167.09,Holi,Yes,Desktop,11.7,1320.63,2025,4,21,0,1305.16,195.774
ORD101368,2025-06-15,31,Female,Delhi,Beauty,2179.67,1,5.0,Net Banking,7,4.6,Regular,Not Returned,7,104.4,Normal,No,Desktop,16.9,1997.99,2025,6,15,1,2179.67,108.9835
ORD101369,2025-12-18,37,Male,Delhi,Books,963.03,2,0.0,Net Banking,10,4.0,Regular,Returned,4,23.5,Normal,No,Desktop,21.5,656.25,2025,12,18,0,1926.06,0.0
ORD101370,2025-08-20,23,Male,Rajasthan,Home & Kitchen,2394.01,3,15.0,Wallet,6,3.5,Silver,Not Returned,0,106.69,Normal,No,Mobile,11.9,6056.54,2025,8,20,0,7182.030000000001,1077.3045000000002
ORD101371,2025-11-18,64,Female,Karnataka,Sports,578.46,1,20.0,Wallet,7,3.2,Gold,Not Returned,8,115.97,Sankranti,No,Mobile,8.3,644.52,2025,11,18,0,578.46,115.69200000000001
ORD101372,2025-05-06,29,Male,Karnataka,Electronics,772.42,2,5.0,Credit Card,6,4.1,Regular,Not Returned,2,81.77,Christmas,No,Mobile,3.4,1499.88,2025,5,6,0,1544.84,77.242
ORD101373,2025-06-14,32,Female,Andhra Pradesh,Sports,1537.15,3,0.0,Credit Card,6,3.6,Silver,Not Returned,2,97.53,Sankranti,No,Mobile,15.9,5312.32,2025,6,14,1,4611.450000000001,0.0
ORD101374,2025-06-03,41,Male,Tamil Nadu,Electronics,2568.04,3,25.0,Credit Card,7,3.9,Regular,Not Returned,2,73.08,Holi,No,Mobile,6.6,6648.22,2025,6,3,0,7704.12,1926.03
ORD101375,2025-11-20,49,Female,Tamil Nadu,Beauty,3545.28,2,5.0,Cash on Delivery,10,3.8,Silver,Not Returned,7,85.32,Diwali,Yes,Desktop,26.1,7218.51,2025,11,20,0,7090.56,354.528
ORD101376,2025-12-17,41,Male,Maharashtra,Fashion,1232.7,1,0.0,Cash on Delivery,8,3.7,Silver,Returned,6,125.61,Normal,No,Mobile,28.7,470.52,2025,12,17,0,1232.7,0.0
ORD101377,2025-12-18,41,Male,Maharashtra,Books,3962.43,2,20.0,Wallet,9,4.2,Silver,Not Returned,3,138.62,Eid,Yes,Tablet,10.7,7125.67,2025,12,18,0,7924.86,1584.9719999999998
ORD101378,2025-10-02,45,Female,West Bengal,Sports,994.06,2,20.0,Wallet,6,4.4,Silver,Not Returned,5,45.53,Normal,Yes,Desktop,2.0,1592.97,2025,10,2,0,1988.12,397.62399999999997
ORD101379,2025-07-03,58,Male,Delhi,Electronics,2451.06,3,15.0,Net Banking,8,5.0,Gold,Not Returned,8,72.1,Normal,Yes,Desktop,15.9,7164.17,2025,7,3,0,7353.18,1102.977
ORD101380,2025-07-17,36,Female,Delhi,Books,650.45,2,15.0,UPI,9,4.5,Regular,Not Returned,10,34.4,Normal,Yes,Desktop,24.6,1079.37,2025,7,17,0,1300.9,195.135
ORD101381,2025-12-24,57,Male,Andhra Pradesh,Fashion,1576.89,1,10.0,Net Banking,3,5.0,Regular,Returned,5,154.34,Normal,No,Mobile,4.1,533.36,2025,12,24,0,1576.89,157.68900000000002
ORD101382,2025-04-14,54,Female,Maharashtra,Beauty,261.9,3,5.0,Wallet,9,3.4,Regular,Not Returned,4,120.48,Diwali,No,Mobile,23.4,893.37,2025,4,14,0,785.6999999999999,39.285
ORD101383,2025-05-07,63,Female,Delhi,Electronics,578.85,2,20.0,Wallet,7,2.9,Gold,Not Returned,6,20.0,Normal,No,Mobile,1.0,1073.59,2025,5,7,0,1157.7,231.54
ORD101384,2025-11-24,60,Female,Tamil Nadu,Electronics,1625.25,1,20.0,Debit Card,5,4.0,Gold,Not Returned,5,87.74,Normal,No,Tablet,3.3,1464.51,2025,11,24,0,1625.25,325.05
ORD101385,2025-05-22,55,Male,Maharashtra,Fashion,511.32,2,10.0,Net Banking,8,4.6,Regular,Not Returned,1,80.08,Normal,No,Mobile,13.9,1120.1,2025,5,22,0,1022.64,102.264
ORD101386,2025-03-27,29,Female,Delhi,Beauty,1583.82,4,5.0,Debit Card,2,4.5,Regular,Not Returned,10,63.54,Normal,Yes,Mobile,18.1,6211.15,2025,3,27,0,6335.28,316.76399999999995
ORD101387,2025-07-24,54,Female,Delhi,Beauty,2163.05,3,5.0,UPI,7,4.8,Regular,Returned,6,126.27,Normal,No,Desktop,11.6,2354.88,2025,7,24,0,6489.150000000001,324.45750000000004
ORD101388,2025-04-29,52,Female,West Bengal,Books,866.29,1,0.0,Debit Card,6,2.2,Platinum,Not Returned,5,125.47,Christmas,Yes,Mobile,14.7,1176.29,2025,4,29,0,866.29,0.0
ORD101389,2025-11-22,31,Male,Maharashtra,Electronics,639.23,3,10.0,Credit Card,9,4.9,Regular,Not Returned,2,99.43,Normal,No,Tablet,18.6,1722.11,2025,11,22,1,1917.69,191.769
ORD101390,2025-11-28,49,Male,Karnataka,Sports,881.7,1,0.0,Wallet,7,4.2,Silver,Returned,3,67.54,Holi,No,Tablet,19.3,368.84,2025,11,28,0,881.7,0.0
ORD101391,2025-04-22,29,Male,Karnataka,Electronics,640.53,2,20.0,Credit Card,6,2.9,Regular,Returned,7,67.84,Normal,No,Mobile,8.3,366.86,2025,4,22,0,1281.06,256.212
ORD101392,2025-07-13,42,Female,Gujarat,Fashion,1123.59,2,5.0,UPI,6,4.5,Silver,Not Returned,4,91.54,Normal,No,Mobile,6.8,2018.18,2025,7,13,1,2247.18,112.359
ORD101393,2025-12-26,55,Other,Maharashtra,Fashion,1282.33,1,15.0,Cash on Delivery,6,4.1,Silver,Not Returned,5,74.0,Sankranti,Yes,Mobile,18.3,1373.55,2025,12,26,0,1282.33,192.34949999999998
ORD101394,2025-09-28,26,Male,Maharashtra,Electronics,983.55,1,15.0,Cash on Delivery,9,4.3,Regular,Not Returned,7,89.8,Normal,No,Mobile,14.7,927.64,2025,9,28,1,983.55,147.5325
ORD101395,2025-03-20,33,Female,Telangana,Beauty,3563.19,4,20.0,Cash on Delivery,8,4.7,Gold,Not Returned,6,109.53,Normal,Yes,Desktop,15.5,11800.0,2025,3,20,0,14252.76,2850.552
ORD101396,2025-08-04,55,Female,Maharashtra,Books,751.8,1,30.0,UPI,1,4.3,Regular,Not Returned,4,36.33,Normal,Yes,Mobile,8.0,575.29,2025,8,4,0,751.8,225.54
ORD101397,2025-08-15,39,Male,Tamil Nadu,Sports,2964.63,3,10.0,Debit Card,6,3.0,Gold,Not Returned,5,63.46,Holi,Yes,Tablet,15.8,9349.59,2025,8,15,0,8893.89,889.3889999999999
ORD101398,2025-08-27,63,Male,Kerala,Books,609.89,2,0.0,Wallet,3,3.9,Regular,Not Returned,3,88.82,Christmas,No,Tablet,5.4,1532.83,2025,8,27,0,1219.78,0.0
ORD101399,2025-01-10,18,Female,West Bengal,Beauty,1258.13,2,20.0,UPI,2,2.9,Silver,Not Returned,3,144.79,Normal,No,Desktop,13.5,2280.25,2025,1,10,0,2516.26,503.25200000000007
ORD101400,2025-04-20,51,Female,Delhi,Electronics,2589.18,1,0.0,Net Banking,9,4.5,Regular,Not Returned,8,119.59,Diwali,No,Mobile,12.7,2897.93,2025,4,20,1,2589.18,0.0
ORD101401,2025-11-08,56,Male,Maharashtra,Home & Kitchen,2503.53,1,5.0,UPI,9,5.0,Silver,Not Returned,6,89.87,Normal,No,Mobile,12.7,2648.04,2025,11,8,1,2503.53,125.17650000000002
ORD101402,2025-03-30,61,Female,Rajasthan,Sports,913.16,1,0.0,Credit Card,10,3.1,Regular,Not Returned,3,104.08,Holi,No,Mobile,16.7,1096.25,2025,3,30,1,913.16,0.0
ORD101403,2025-04-20,25,Female,Rajasthan,Electronics,1721.36,2,25.0,Wallet,4,3.5,Silver,Not Returned,2,86.45,Eid,Yes,Mobile,5.9,3001.17,2025,4,20,1,3442.72,860.68
ORD101404,2025-04-28,64,Female,Maharashtra,Electronics,1577.89,5,0.0,Credit Card,5,3.4,Regular,Not Returned,4,127.7,Normal,No,Mobile,16.1,8606.97,2025,4,28,0,7889.450000000001,0.0
ORD101405,2025-03-06,36,Female,Delhi,Books,844.81,4,10.0,Cash on Delivery,8,3.7,Regular,Returned,3,105.18,Normal,Yes,Mobile,12.1,1024.06,2025,3,6,0,3379.24,337.9239999999999
ORD101406,2025-02-26,34,Female,Karnataka,Electronics,1790.85,1,10.0,Debit Card,2,4.3,Gold,Not Returned,1,134.76,Holi,No,Desktop,7.3,1913.74,2025,2,26,0,1790.85,179.085
ORD101407,2025-05-07,34,Female,West Bengal,Books,4026.68,1,10.0,Cash on Delivery,1,3.7,Regular,Not Returned,1,42.56,Normal,No,Mobile,4.1,3378.05,2025,5,7,0,4026.68,402.66799999999995
ORD101408,2025-11-16,47,Male,Karnataka,Sports,1630.57,1,10.0,Debit Card,5,4.5,Regular,Returned,2,61.78,Christmas,Yes,Mobile,23.3,568.6,2025,11,16,1,1630.57,163.057
ORD101409,2025-01-01,48,Female,Tamil Nadu,Beauty,1734.04,5,25.0,Debit Card,7,4.7,Silver,Not Returned,7,99.61,Normal,Yes,Desktop,11.6,7272.22,2025,1,1,0,8670.2,2167.55
ORD101410,2025-04-14,40,Male,Telangana,Beauty,1857.48,1,20.0,Net Banking,5,4.8,Regular,Not Returned,4,107.27,Eid,Yes,Mobile,9.9,1574.66,2025,4,14,0,1857.48,371.496
ORD101411,2025-01-23,21,Female,West Bengal,Electronics,464.26,1,10.0,Cash on Delivery,3,3.2,Gold,Not Returned,5,174.01,Normal,No,Mobile,5.1,632.15,2025,1,23,0,464.26,46.426
ORD101412,2025-07-24,64,Male,Tamil Nadu,Home & Kitchen,1618.45,2,10.0,Cash on Delivery,6,5.0,Regular,Not Returned,5,26.73,Sankranti,Yes,Mobile,18.5,3070.21,2025,7,24,0,3236.9,323.69
ORD101413,2025-04-02,28,Female,West Bengal,Sports,619.67,2,20.0,Net Banking,10,5.0,Platinum,Not Returned,4,88.84,Normal,No,Mobile,18.1,1333.4,2025,4,2,0,1239.34,247.868
ORD101414,2025-10-17,22,Male,Andhra Pradesh,Books,817.83,1,20.0,Debit Card,3,5.0,Gold,Not Returned,7,87.27,Diwali,Yes,Mobile,16.9,902.36,2025,10,17,0,817.83,163.566
ORD101415,2025-08-02,46,Male,Kerala,Home & Kitchen,4891.91,2,10.0,Net Banking,5,3.9,Regular,Not Returned,1,98.32,Eid,No,Mobile,11.6,9753.78,2025,8,2,1,9783.82,978.382
ORD101416,2025-10-14,37,Male,Maharashtra,Books,1017.86,1,10.0,Net Banking,4,3.5,Regular,Not Returned,4,150.66,Diwali,No,Mobile,16.5,1219.04,2025,10,14,0,1017.86,101.786
ORD101417,2025-08-20,46,Female,Maharashtra,Sports,741.71,1,0.0,Wallet,3,3.3,Silver,Not Returned,2,120.67,Sankranti,Yes,Mobile,7.1,883.37,2025,8,20,0,741.71,0.0
ORD101418,2025-06-10,59,Female,Telangana,Electronics,2538.31,1,0.0,Debit Card,7,3.2,Silver,Not Returned,1,33.86,Normal,No,Mobile,13.3,2971.63,2025,6,10,0,2538.31,0.0
ORD101419,2025-11-11,22,Male,Andhra Pradesh,Beauty,648.13,1,0.0,Cash on Delivery,4,4.0,Regular,Not Returned,5,143.68,Normal,Yes,Desktop,11.7,751.81,2025,11,11,0,648.13,0.0
ORD101420,2025-06-23,31,Female,Karnataka,Beauty,897.18,5,0.0,UPI,7,4.6,Regular,Not Returned,1,142.71,Normal,Yes,Desktop,13.6,4977.69,2025,6,23,0,4485.9,0.0
ORD101421,2025-12-13,42,Female,Maharashtra,Beauty,2702.58,2,5.0,UPI,1,4.9,Regular,Returned,3,99.21,Normal,No,Mobile,1.1,1892.57,2025,12,13,1,5405.16,270.258
ORD101422,2025-12-30,55,Male,Delhi,Sports,1233.83,3,20.0,UPI,7,4.0,Gold,Not Returned,3,33.38,Normal,Yes,Tablet,23.2,3255.01,2025,12,30,0,3701.49,740.2979999999999
ORD101423,2025-08-03,46,Female,Maharashtra,Books,434.87,1,20.0,Cash on Delivery,2,4.0,Silver,Not Returned,3,84.69,Sankranti,No,Desktop,21.7,516.3,2025,8,3,1,434.87,86.97399999999999
ORD101424,2025-09-04,35,Male,Tamil Nadu,Beauty,1709.01,3,20.0,Credit Card,4,3.9,Regular,Not Returned,6,106.41,Sankranti,No,Mobile,5.1,4816.43,2025,9,4,0,5127.03,1025.406
ORD101425,2025-04-04,46,Male,Tamil Nadu,Fashion,927.39,5,15.0,Credit Card,9,3.6,Silver,Not Returned,6,124.88,Normal,No,Mobile,15.5,4215.26,2025,4,4,0,4636.95,695.5425
ORD101426,2025-10-25,64,Female,Gujarat,Books,3264.89,1,15.0,Cash on Delivery,4,4.5,Gold,Not Returned,2,28.03,Normal,Yes,Mobile,3.1,2923.54,2025,10,25,1,3264.89,489.7335
ORD101427,2025-09-03,40,Male,Maharashtra,Books,809.21,5,5.0,Debit Card,7,4.3,Platinum,Not Returned,3,63.08,Normal,No,Mobile,12.5,4407.95,2025,9,3,0,4046.05,202.3025
ORD101428,2025-11-26,59,Female,Rajasthan,Sports,2376.48,2,15.0,UPI,4,4.1,Regular,Not Returned,3,128.43,Diwali,No,Mobile,1.0,4474.15,2025,11,26,0,4752.96,712.944
ORD101429,2025-04-08,54,Female,Maharashtra,Beauty,3805.8,3,10.0,Cash on Delivery,10,4.3,Regular,Not Returned,2,142.56,Christmas,Yes,Tablet,10.2,11490.66,2025,4,8,0,11417.400000000001,1141.7400000000002
ORD101430,2025-10-15,32,Female,Kerala,Electronics,690.19,1,15.0,Cash on Delivery,10,4.4,Regular,Not Returned,4,105.07,Normal,No,Tablet,9.1,734.09,2025,10,15,0,690.19,103.52850000000001
ORD101431,2025-06-21,29,Female,Andhra Pradesh,Home & Kitchen,1058.37,2,30.0,UPI,10,4.4,Silver,Not Returned,5,130.2,Normal,No,Mobile,18.9,1706.95,2025,6,21,1,2116.74,635.0219999999999
ORD101432,2025-03-09,54,Female,Telangana,Fashion,1544.85,2,25.0,Credit Card,4,3.4,Regular,Not Returned,3,105.93,Christmas,No,Tablet,22.0,2646.09,2025,3,9,1,3089.7,772.425
ORD101433,2025-03-04,27,Other,West Bengal,Beauty,687.32,5,5.0,Credit Card,4,4.6,Regular,Not Returned,3,123.71,Normal,No,Desktop,22.1,3255.52,2025,3,4,0,3436.6000000000004,171.83
ORD101434,2025-07-25,33,Male,Karnataka,Sports,1430.48,4,20.0,Net Banking,7,4.2,Gold,Not Returned,6,95.08,Diwali,Yes,Desktop,18.9,5504.86,2025,7,25,0,5721.92,1144.384
ORD101435,2025-04-27,29,Male,Maharashtra,Fashion,1036.78,2,0.0,Credit Card,9,3.7,Silver,Not Returned,2,106.8,Normal,No,Tablet,12.5,2017.25,2025,4,27,1,2073.56,0.0
ORD101436,2025-02-07,46,Female,Kerala,Books,1023.29,4,0.0,UPI,6,4.2,Regular,Not Returned,1,47.24,Christmas,No,Mobile,14.3,4257.66,2025,2,7,0,4093.16,0.0
ORD101437,2025-06-05,31,Male,Andhra Pradesh,Electronics,1238.79,4,0.0,Credit Card,8,4.2,Regular,Not Returned,1,115.27,Sankranti,No,Mobile,14.3,5675.25,2025,6,5,0,4955.16,0.0
ORD101438,2025-08-27,48,Male,Kerala,Electronics,1256.89,2,5.0,Debit Card,9,4.8,Regular,Not Returned,7,46.17,Normal,Yes,Desktop,4.9,2563.55,2025,8,27,0,2513.78,125.68900000000002
ORD101439,2025-04-27,61,Male,Karnataka,Books,1334.88,1,15.0,Net Banking,8,3.3,Regular,Not Returned,7,115.24,Normal,No,Mobile,18.9,1248.34,2025,4,27,1,1334.88,200.232
ORD101440,2025-12-15,56,Female,Telangana,Electronics,813.09,1,10.0,UPI,4,4.9,Regular,Not Returned,7,74.64,Normal,Yes,Desktop,16.1,816.15,2025,12,15,0,813.09,81.30900000000001
ORD101441,2025-10-12,62,Male,Maharashtra,Sports,836.49,1,0.0,Wallet,3,4.0,Regular,Not Returned,3,102.95,Normal,Yes,Desktop,16.4,960.31,2025,10,12,1,836.49,0.0
ORD101442,2025-07-07,19,Male,Maharashtra,Sports,1110.98,1,30.0,Credit Card,5,3.6,Regular,Not Returned,11,56.65,Normal,No,Desktop,1.0,868.45,2025,7,7,0,1110.98,333.29400000000004
ORD101443,2025-12-08,39,Male,Telangana,Fashion,1165.59,5,15.0,Debit Card,6,3.6,Gold,Not Returned,5,72.37,Normal,No,Mobile,14.7,5312.97,2025,12,8,0,5827.95,874.1925
ORD101444,2025-06-08,28,Male,Kerala,Electronics,902.19,1,10.0,UPI,9,3.3,Gold,Not Returned,3,102.88,Holi,No,Desktop,18.0,994.85,2025,6,8,1,902.19,90.21900000000001
ORD101445,2025-02-20,61,Female,Delhi,Fashion,1481.24,3,15.0,Credit Card,4,2.8,Regular,Not Returned,9,116.4,Normal,Yes,Mobile,11.9,3984.01,2025,2,20,0,4443.72,666.558
ORD101446,2025-01-14,51,Male,Tamil Nadu,Electronics,368.88,2,15.0,Debit Card,2,4.5,Silver,Not Returned,5,128.28,Normal,No,Desktop,9.0,869.46,2025,1,14,0,737.76,110.664
ORD101447,2025-12-09,33,Female,Rajasthan,Sports,746.41,2,10.0,Cash on Delivery,4,5.0,Regular,Not Returned,7,49.75,Christmas,No,Mobile,3.8,1421.47,2025,12,9,0,1492.82,149.28199999999998
ORD101448,2025-12-17,44,Female,Gujarat,Books,1000.37,1,15.0,Net Banking,6,2.9,Gold,Not Returned,6,37.46,Normal,No,Mobile,3.4,942.69,2025,12,17,0,1000.37,150.0555
ORD101449,2025-09-27,46,Male,Delhi,Books,687.87,2,25.0,Cash on Delivery,3,3.3,Gold,Not Returned,4,55.86,Normal,No,Desktop,12.9,1136.83,2025,9,27,1,1375.74,343.935
ORD101450,2025-02-07,41,Female,Andhra Pradesh,Sports,3460.11,2,10.0,UPI,4,4.5,Silver,Not Returned,3,52.7,Holi,No,Mobile,10.6,7998.51,2025,2,7,0,6920.22,692.0219999999999
ORD101451,2025-04-18,40,Female,Delhi,Sports,1214.8,2,10.0,Debit Card,3,4.0,Silver,Not Returned,5,144.84,Sankranti,No,Mobile,10.5,2444.04,2025,4,18,0,2429.6,242.96
ORD101452,2025-01-15,20,Female,Karnataka,Books,1346.11,1,0.0,Net Banking,10,4.6,Regular,Not Returned,4,136.91,Normal,No,Mobile,21.2,1468.74,2025,1,15,0,1346.11,0.0
ORD101453,2025-01-19,39,Male,Delhi,Sports,876.54,3,20.0,Cash on Delivery,6,3.9,Regular,Returned,5,55.12,Eid,Yes,Mobile,4.5,798.18,2025,1,19,1,2629.62,525.924
ORD101454,2025-03-31,34,Male,West Bengal,Beauty,1187.76,1,10.0,Cash on Delivery,8,3.6,Regular,Not Returned,3,149.86,Normal,No,Desktop,9.9,1127.11,2025,3,31,0,1187.76,118.77600000000001
ORD101455,2025-07-28,56,Other,Tamil Nadu,Books,544.66,2,5.0,Cash on Delivery,6,3.8,Regular,Returned,3,134.82,Normal,No,Desktop,22.2,377.24,2025,7,28,0,1089.32,54.465999999999994
ORD101456,2025-01-24,58,Female,Tamil Nadu,Fashion,1074.59,2,30.0,Cash on Delivery,1,2.3,Silver,Not Returned,5,32.96,Normal,No,Mobile,10.1,1637.51,2025,1,24,0,2149.18,644.7539999999999
ORD101457,2025-12-26,53,Female,Andhra Pradesh,Home & Kitchen,652.64,1,15.0,Wallet,3,3.2,Regular,Returned,5,53.94,Normal,No,Mobile,12.4,227.21,2025,12,26,0,652.64,97.896
ORD101458,2025-06-16,19,Female,Gujarat,Books,1002.01,3,5.0,Cash on Delivery,9,4.7,Regular,Not Returned,3,31.93,Normal,Yes,Mobile,10.9,2790.72,2025,6,16,0,3006.0299999999997,150.30149999999998
ORD101459,2025-04-07,57,Male,Delhi,Fashion,227.27,1,5.0,Cash on Delivery,6,4.8,Silver,Not Returned,4,86.97,Normal,Yes,Mobile,16.2,340.14,2025,4,7,0,227.27,11.363500000000002
ORD101460,2025-07-08,36,Female,Maharashtra,Fashion,576.44,4,10.0,Debit Card,8,5.0,Gold,Not Returned,4,90.61,Sankranti,No,Desktop,1.0,2164.79,2025,7,8,0,2305.76,230.57600000000002
ORD101461,2025-10-16,37,Male,Telangana,Electronics,3107.67,4,30.0,UPI,8,4.3,Silver,Not Returned,6,90.54,Normal,No,Mobile,10.8,8371.99,2025,10,16,0,12430.68,3729.204
ORD101462,2025-04-25,62,Female,Karnataka,Fashion,2058.71,1,10.0,Net Banking,6,2.4,Silver,Not Returned,2,20.0,Christmas,No,Mobile,12.3,1980.26,2025,4,25,0,2058.71,205.87099999999998
ORD101463,2025-01-18,58,Male,Maharashtra,Beauty,2828.36,1,5.0,Wallet,6,3.6,Gold,Not Returned,4,40.05,Normal,No,Mobile,6.0,2916.31,2025,1,18,1,2828.36,141.418
ORD101464,2025-01-19,20,Male,Rajasthan,Books,2957.49,1,15.0,Net Banking,3,4.9,Regular,Not Returned,3,99.11,Diwali,No,Mobile,14.1,2745.67,2025,1,19,1,2957.49,443.6235
ORD101465,2025-11-07,34,Female,Telangana,Electronics,1858.49,4,10.0,Cash on Delivery,3,5.0,Silver,Not Returned,4,111.78,Normal,No,Desktop,16.7,6921.9,2025,11,7,0,7433.96,743.3960000000001
ORD101466,2025-02-10,53,Female,Karnataka,Sports,894.01,2,0.0,Net Banking,2,4.0,Regular,Not Returned,2,20.0,Normal,Yes,Mobile,14.7,1860.64,2025,2,10,0,1788.02,0.0
ORD101467,2025-08-20,43,Female,Gujarat,Sports,611.47,1,25.0,UPI,3,3.8,Regular,Not Returned,2,45.16,Sankranti,No,Mobile,22.7,591.63,2025,8,20,0,611.47,152.8675
ORD101468,2025-05-21,30,Male,Tamil Nadu,Books,2528.7,2,0.0,Credit Card,7,3.1,Platinum,Not Returned,4,125.78,Normal,No,Mobile,9.4,6084.66,2025,5,21,0,5057.4,0.0
ORD101469,2025-10-11,42,Male,West Bengal,Sports,1251.43,1,25.0,Credit Card,10,4.0,Regular,Not Returned,4,47.15,Sankranti,No,Mobile,15.0,1068.17,2025,10,11,1,1251.43,312.8575
ORD101470,2025-01-23,58,Female,Rajasthan,Electronics,6070.47,2,20.0,Cash on Delivery,5,4.0,Regular,Not Returned,4,89.49,Sankranti,No,Desktop,14.9,10535.52,2025,1,23,0,12140.94,2428.188
ORD101471,2025-11-24,28,Male,Karnataka,Home & Kitchen,946.49,2,0.0,Net Banking,7,5.0,Regular,Not Returned,3,43.82,Diwali,Yes,Mobile,10.6,2229.98,2025,11,24,0,1892.98,0.0
ORD101472,2025-09-12,53,Male,Delhi,Books,4326.26,1,20.0,UPI,9,4.2,Platinum,Not Returned,7,119.1,Diwali,Yes,Mobile,18.8,4820.08,2025,9,12,0,4326.26,865.2520000000001
ORD101473,2025-06-13,52,Female,Delhi,Books,1083.73,3,20.0,Credit Card,7,4.0,Gold,Not Returned,6,20.0,Christmas,No,Mobile,13.7,3144.77,2025,6,13,0,3251.19,650.238
ORD101474,2025-03-17,59,Male,Gujarat,Beauty,2859.8,1,15.0,Debit Card,3,4.1,Regular,Not Returned,5,79.34,Normal,No,Mobile,4.8,2436.36,2025,3,17,0,2859.8,428.97
ORD101475,2025-12-23,32,Female,Telangana,Books,3615.29,2,15.0,Wallet,3,4.3,Silver,Not Returned,5,122.91,Eid,Yes,Desktop,16.5,7081.99,2025,12,23,0,7230.58,1084.587
ORD101476,2025-04-21,28,Male,Andhra Pradesh,Sports,617.18,2,0.0,UPI,7,4.4,Regular,Not Returned,2,111.35,Normal,No,Mobile,9.0,1392.57,2025,4,21,0,1234.36,0.0
ORD101477,2025-06-29,43,Female,Karnataka,Electronics,875.53,5,0.0,Wallet,3,3.5,Silver,Not Returned,3,73.76,Normal,Yes,Desktop,10.1,4432.23,2025,6,29,1,4377.65,0.0
ORD101478,2025-05-24,42,Female,Telangana,Books,613.17,2,20.0,Credit Card,3,3.3,Regular,Returned,3,65.55,Eid,No,Mobile,10.5,416.17,2025,5,24,1,1226.34,245.268
ORD101479,2025-03-26,37,Female,Tamil Nadu,Fashion,539.48,4,0.0,Credit Card,6,5.0,Regular,Not Returned,4,81.85,Normal,No,Mobile,16.4,2275.25,2025,3,26,0,2157.92,0.0
ORD101480,2025-06-02,54,Female,Gujarat,Home & Kitchen,1851.35,1,5.0,Cash on Delivery,7,2.9,Silver,Not Returned,5,44.87,Christmas,No,Mobile,18.5,2146.59,2025,6,2,0,1851.35,92.5675
ORD101481,2025-02-25,55,Male,Kerala,Fashion,1056.03,4,10.0,Net Banking,3,5.0,Gold,Not Returned,4,86.5,Diwali,Yes,Mobile,11.0,4229.89,2025,2,25,0,4224.12,422.412
ORD101482,2025-01-01,29,Female,Tamil Nadu,Sports,1241.55,1,5.0,Wallet,1,2.7,Regular,Not Returned,3,87.1,Christmas,Yes,Mobile,10.7,1224.97,2025,1,1,0,1241.55,62.0775
ORD101483,2025-04-16,55,Female,Andhra Pradesh,Electronics,1722.67,3,20.0,UPI,8,3.6,Regular,Not Returned,4,75.37,Normal,Yes,Desktop,1.0,4110.57,2025,4,16,0,5168.01,1033.602
ORD101484,2025-02-10,28,Female,Tamil Nadu,Beauty,358.8,1,20.0,UPI,4,4.7,Platinum,Not Returned,2,125.01,Normal,Yes,Mobile,7.7,462.15,2025,2,10,0,358.8,71.76
ORD101485,2025-06-01,37,Female,Maharashtra,Books,2769.65,5,20.0,Debit Card,7,4.0,Regular,Not Returned,4,52.53,Normal,Yes,Mobile,6.3,9928.37,2025,6,1,1,13848.25,2769.65
ORD101486,2025-11-11,19,Female,Delhi,Sports,956.39,5,0.0,Cash on Delivery,2,3.1,Regular,Not Returned,5,30.35,Normal,No,Mobile,13.9,4636.61,2025,11,11,0,4781.95,0.0
ORD101487,2025-03-01,33,Female,Karnataka,Fashion,1696.19,2,10.0,Credit Card,4,4.3,Silver,Not Returned,7,71.61,Sankranti,No,Mobile,11.4,3743.67,2025,3,1,1,3392.38,339.23800000000006
ORD101488,2025-01-01,63,Female,Tamil Nadu,Books,1796.4,2,20.0,Cash on Delivery,7,4.0,Regular,Returned,5,94.34,Sankranti,Yes,Mobile,6.5,1158.03,2025,1,1,0,3592.8,718.56
ORD101489,2025-02-10,38,Male,Kerala,Home & Kitchen,2925.13,2,10.0,Credit Card,2,3.8,Regular,Returned,7,86.26,Sankranti,No,Mobile,12.9,2039.64,2025,2,10,0,5850.26,585.0260000000001
ORD101490,2025-07-05,51,Female,Andhra Pradesh,Sports,1120.94,1,15.0,Wallet,4,3.6,Regular,Not Returned,4,84.71,Sankranti,Yes,Mobile,11.6,1049.53,2025,7,5,1,1120.94,168.14100000000002
ORD101491,2025-04-11,23,Female,Tamil Nadu,Beauty,301.78,2,15.0,Credit Card,8,4.0,Regular,Not Returned,2,50.58,Holi,No,Tablet,1.0,654.36,2025,4,11,0,603.56,90.53399999999999
ORD101492,2025-06-28,47,Male,Andhra Pradesh,Electronics,1245.4,3,10.0,Cash on Delivery,8,3.6,Regular,Not Returned,1,55.61,Normal,No,Mobile,18.6,3332.6,2025,6,28,1,3736.2000000000003,373.62
ORD101493,2025-01-11,35,Female,Kerala,Electronics,1367.22,2,5.0,Cash on Delivery,4,5.0,Gold,Returned,2,72.91,Normal,No,Desktop,18.1,1005.85,2025,1,11,1,2734.44,136.722
ORD101494,2025-05-02,52,Female,Maharashtra,Fashion,612.66,1,15.0,UPI,2,3.8,Regular,Returned,3,70.15,Holi,Yes,Mobile,10.6,231.51,2025,5,2,0,612.66,91.899
ORD101495,2025-05-30,61,Male,Kerala,Books,1320.74,4,5.0,Cash on Delivery,1,4.0,Silver,Not Returned,1,128.43,Diwali,No,Desktop,14.1,5784.62,2025,5,30,0,5282.96,264.14799999999997
ORD101496,2025-06-07,42,Female,Gujarat,Books,949.01,1,25.0,UPI,6,3.6,Regular,Not Returned,4,99.24,Normal,No,Desktop,10.0,883.59,2025,6,7,1,949.01,237.2525
ORD101497,2025-07-21,22,Female,Karnataka,Home & Kitchen,501.34,2,15.0,Cash on Delivery,7,5.0,Regular,Not Returned,5,71.36,Normal,No,Mobile,2.4,955.51,2025,7,21,0,1002.68,150.402
ORD101498,2025-10-12,40,Female,West Bengal,Books,1856.67,1,0.0,Cash on Delivery,6,2.9,Silver,Not Returned,5,128.33,Normal,Yes,Mobile,25.0,2086.06,2025,10,12,1,1856.67,0.0
ORD101499,2025-06-20,23,Male,Rajasthan,Electronics,831.85,1,15.0,UPI,5,4.3,Regular,Not Returned,5,105.62,Holi,No,Tablet,16.5,873.16,2025,6,20,0,831.85,124.7775
ORD101500,2025-11-04,39,Female,Telangana,Books,921.43,1,10.0,Credit Card,1,3.8,Silver,Not Returned,9,42.49,Normal,No,Mobile,17.6,921.2,2025,11,4,0,921.43,92.14299999999999
ORD101501,2025-07-13,20,Male,Rajasthan,Fashion,888.38,1,5.0,Credit Card,3,3.0,Regular,Not Returned,4,20.0,Diwali,No,Mobile,10.3,921.32,2025,7,13,1,888.38,44.419
ORD101502,2025-04-06,48,Female,Telangana,Electronics,2678.84,2,30.0,Wallet,1,3.4,Silver,Not Returned,7,43.58,Sankranti,No,Desktop,18.8,4268.35,2025,4,6,1,5357.68,1607.3040000000003
ORD101503,2025-03-25,32,Male,Tamil Nadu,Sports,1168.51,2,20.0,Credit Card,5,4.2,Gold,Not Returned,6,110.82,Eid,No,Mobile,3.8,2241.67,2025,3,25,0,2337.02,467.404
ORD101504,2025-04-28,27,Female,Kerala,Home & Kitchen,1263.31,2,15.0,Wallet,4,3.4,Regular,Not Returned,5,121.2,Normal,Yes,Mobile,10.5,2200.84,2025,4,28,0,2526.62,378.99299999999994
ORD101505,2025-08-07,18,Female,Andhra Pradesh,Fashion,901.14,2,20.0,Cash on Delivery,1,4.2,Platinum,Not Returned,1,31.89,Christmas,Yes,Desktop,16.4,1684.63,2025,8,7,0,1802.28,360.45599999999996
ORD101506,2025-03-30,59,Female,Karnataka,Sports,1621.23,1,15.0,Wallet,7,5.0,Regular,Not Returned,3,113.05,Diwali,No,Tablet,8.2,1584.18,2025,3,30,1,1621.23,243.1845
ORD101507,2025-11-30,57,Female,Telangana,Fashion,2884.58,1,10.0,Net Banking,4,4.1,Regular,Not Returned,7,111.73,Normal,Yes,Mobile,17.5,2653.13,2025,11,30,1,2884.58,288.45799999999997
ORD101508,2025-06-25,56,Female,Maharashtra,Sports,1828.38,2,5.0,Credit Card,10,3.0,Regular,Not Returned,8,138.83,Normal,No,Mobile,13.8,4009.3,2025,6,25,0,3656.76,182.83800000000002
ORD101509,2025-11-12,20,Female,West Bengal,Fashion,1875.33,2,5.0,Cash on Delivery,5,3.4,Gold,Not Returned,5,123.26,Normal,Yes,Mobile,13.3,4179.23,2025,11,12,0,3750.66,187.533
ORD101510,2025-09-07,34,Male,Rajasthan,Electronics,1779.57,2,10.0,Net Banking,1,3.8,Silver,Not Returned,6,137.32,Normal,Yes,Desktop,7.7,3413.09,2025,9,7,1,3559.14,355.914
ORD101511,2025-05-02,63,Female,Tamil Nadu,Fashion,489.27,1,10.0,UPI,8,3.8,Platinum,Not Returned,3,107.09,Normal,Yes,Desktop,14.4,597.55,2025,5,2,0,489.27,48.927
ORD101512,2025-03-25,45,Female,Kerala,Beauty,678.99,3,20.0,Cash on Delivery,8,4.1,Silver,Not Returned,3,105.92,Normal,No,Tablet,23.6,1853.53,2025,3,25,0,2036.97,407.394
ORD101513,2025-09-29,24,Other,Maharashtra,Fashion,1050.3,1,10.0,Debit Card,10,4.2,Regular,Not Returned,5,78.2,Christmas,Yes,Mobile,13.1,1234.16,2025,9,29,0,1050.3,105.03
ORD101514,2025-05-01,24,Other,Maharashtra,Electronics,748.65,2,15.0,UPI,7,5.0,Gold,Returned,3,118.71,Normal,Yes,Mobile,15.3,545.99,2025,5,1,0,1497.3,224.595
ORD101515,2025-04-01,30,Female,Gujarat,Sports,600.72,1,20.0,Wallet,4,4.0,Platinum,Not Returned,7,43.37,Normal,Yes,Mobile,11.8,526.26,2025,4,1,0,600.72,120.14400000000002
ORD101516,2025-12-06,63,Female,Rajasthan,Home & Kitchen,355.37,2,30.0,Credit Card,7,3.2,Gold,Not Returned,4,85.15,Diwali,Yes,Mobile,5.1,708.2,2025,12,6,1,710.74,213.222
ORD101517,2025-06-26,25,Female,Maharashtra,Home & Kitchen,500.11,2,10.0,Wallet,8,4.8,Silver,Not Returned,2,108.9,Christmas,Yes,Mobile,11.2,1192.59,2025,6,26,0,1000.22,100.022
ORD101518,2025-01-18,60,Male,Andhra Pradesh,Fashion,1015.7,3,25.0,Credit Card,6,4.9,Gold,Returned,4,139.29,Eid,No,Mobile,11.0,1110.06,2025,1,18,1,3047.1000000000004,761.7750000000001
ORD101519,2025-06-30,49,Female,Rajasthan,Electronics,1147.05,1,20.0,Cash on Delivery,8,4.2,Regular,Not Returned,6,73.27,Christmas,No,Desktop,1.0,1054.24,2025,6,30,0,1147.05,229.41
ORD101520,2025-06-18,61,Female,Rajasthan,Electronics,716.65,2,0.0,Debit Card,10,3.8,Gold,Not Returned,6,123.83,Christmas,Yes,Desktop,16.7,1814.38,2025,6,18,0,1433.3,0.0
ORD101521,2025-11-12,56,Female,Karnataka,Sports,1263.17,1,10.0,Wallet,8,4.4,Platinum,Not Returned,1,83.1,Normal,Yes,Desktop,6.4,1403.26,2025,11,12,0,1263.17,126.31700000000001
ORD101522,2025-09-17,33,Female,Kerala,Electronics,905.14,3,5.0,Wallet,6,3.9,Silver,Not Returned,1,124.55,Normal,Yes,Mobile,16.1,2657.65,2025,9,17,0,2715.42,135.77100000000002
ORD101523,2025-03-11,56,Male,West Bengal,Fashion,2438.04,1,15.0,Net Banking,5,2.6,Regular,Not Returned,2,61.95,Normal,Yes,Desktop,7.5,2024.85,2025,3,11,0,2438.04,365.70599999999996
ORD101524,2025-02-24,25,Male,Kerala,Books,1080.33,1,15.0,Wallet,9,4.4,Regular,Not Returned,5,115.41,Eid,Yes,Mobile,24.3,1143.14,2025,2,24,0,1080.33,162.0495
ORD101525,2025-08-09,31,Female,Maharashtra,Home & Kitchen,1886.9,3,10.0,Net Banking,9,4.6,Platinum,Not Returned,3,86.66,Normal,No,Mobile,11.8,5265.79,2025,8,9,1,5660.700000000001,566.07
ORD101526,2025-01-18,27,Male,Rajasthan,Sports,1369.45,1,20.0,Credit Card,3,5.0,Gold,Not Returned,4,48.52,Normal,Yes,Mobile,23.5,1127.43,2025,1,18,1,1369.45,273.89
ORD101527,2025-04-27,24,Male,West Bengal,Home & Kitchen,482.38,1,10.0,Wallet,1,3.5,Silver,Not Returned,4,84.63,Normal,No,Desktop,11.0,560.49,2025,4,27,1,482.38,48.238
ORD101528,2025-02-20,22,Male,Kerala,Books,1131.33,3,10.0,Cash on Delivery,9,4.2,Platinum,Not Returned,5,136.26,Christmas,No,Mobile,11.7,3974.94,2025,2,20,0,3393.99,339.39899999999994
ORD101529,2025-01-08,26,Female,Telangana,Sports,537.5,3,25.0,Debit Card,3,4.2,Regular,Not Returned,6,54.33,Normal,Yes,Desktop,21.4,1358.46,2025,1,8,0,1612.5,403.125
ORD101530,2025-12-02,23,Male,Maharashtra,Home & Kitchen,1118.56,4,30.0,Credit Card,10,4.1,Gold,Not Returned,5,38.05,Christmas,No,Mobile,6.5,3765.09,2025,12,2,0,4474.24,1342.272
ORD101531,2025-02-02,35,Male,Gujarat,Sports,739.33,1,20.0,Net Banking,1,4.1,Regular,Not Returned,2,103.96,Eid,No,Mobile,12.3,751.53,2025,2,2,1,739.33,147.866
ORD101532,2025-01-04,21,Male,Tamil Nadu,Home & Kitchen,1538.18,2,5.0,Credit Card,10,4.0,Regular,Not Returned,0,90.905,Normal,Yes,Desktop,15.2,3182.28,2025,1,4,1,3076.36,153.818
ORD101533,2025-12-07,20,Male,Kerala,Books,501.47,3,0.0,Cash on Delivery,7,4.1,Regular,Not Returned,7,144.72,Sankranti,No,Desktop,14.4,1735.87,2025,12,7,1,1504.41,0.0
ORD101534,2025-03-10,64,Male,Gujarat,Home & Kitchen,1211.52,1,5.0,UPI,4,4.5,Regular,Not Returned,2,143.84,Normal,Yes,Mobile,12.3,1268.89,2025,3,10,0,1211.52,60.576
ORD101535,2025-10-26,22,Female,Andhra Pradesh,Books,1740.88,3,10.0,Cash on Delivery,1,4.9,Regular,Not Returned,8,126.34,Normal,Yes,Mobile,11.4,4808.03,2025,10,26,1,5222.64,522.264
ORD101536,2025-01-12,21,Female,Kerala,Beauty,2164.65,1,5.0,Cash on Delivery,9,3.5,Gold,Not Returned,4,89.61,Normal,No,Mobile,17.1,2358.31,2025,1,12,1,2164.65,108.2325
ORD101537,2025-02-26,19,Male,Delhi,Beauty,730.24,4,25.0,Cash on Delivery,2,3.9,Regular,Not Returned,9,148.26,Diwali,No,Desktop,13.1,2516.0,2025,2,26,0,2920.96,730.24
ORD101538,2025-02-10,24,Female,Tamil Nadu,Home & Kitchen,1213.93,2,15.0,Cash on Delivery,1,3.7,Silver,Not Returned,2,137.09,Normal,Yes,Tablet,17.8,2064.82,2025,2,10,0,2427.86,364.17900000000003
ORD101539,2025-09-15,42,Male,Kerala,Sports,1352.58,2,10.0,Wallet,8,3.6,Regular,Not Returned,2,71.35,Sankranti,Yes,Desktop,14.4,2663.18,2025,9,15,0,2705.16,270.51599999999996
ORD101540,2025-08-15,56,Male,Delhi,Sports,3280.36,2,5.0,Wallet,7,2.9,Gold,Returned,4,140.36,Holi,No,Desktop,15.9,2572.76,2025,8,15,0,6560.72,328.036
ORD101541,2025-06-23,52,Female,Andhra Pradesh,Sports,458.16,1,10.0,Debit Card,2,4.0,Regular,Not Returned,5,58.09,Normal,No,Desktop,18.8,473.67,2025,6,23,0,458.16,45.816
ORD101542,2025-03-30,45,Female,Gujarat,Sports,663.72,1,10.0,Wallet,4,4.3,Silver,Not Returned,2,83.1,Normal,No,Desktop,10.1,681.96,2025,3,30,1,663.72,66.37200000000001
ORD101543,2025-02-02,21,Female,Tamil Nadu,Electronics,7427.74,3,20.0,Wallet,7,3.9,Silver,Not Returned,5,27.23,Normal,No,Mobile,18.6,18947.3,2025,2,2,1,22283.22,4456.644
ORD101544,2025-07-27,54,Male,Karnataka,Books,1004.82,2,0.0,UPI,7,4.0,Regular,Not Returned,3,95.11,Normal,No,Mobile,11.1,1901.36,2025,7,27,1,2009.64,0.0
ORD101545,2025-03-26,19,Male,Gujarat,Books,351.05,2,20.0,Debit Card,4,4.3,Regular,Not Returned,4,79.69,Eid,No,Mobile,3.6,709.96,2025,3,26,0,702.1,140.42
ORD101546,2025-08-04,47,Male,Andhra Pradesh,Fashion,821.74,1,5.0,Net Banking,5,5.0,Regular,Not Returned,3,74.17,Normal,Yes,Mobile,10.0,946.78,2025,8,4,0,821.74,41.086999999999996
ORD101547,2025-09-08,37,Male,Andhra Pradesh,Books,198.4,3,5.0,Cash on Delivery,1,3.7,Regular,Not Returned,5,84.2,Sankranti,Yes,Mobile,7.7,676.07,2025,9,8,0,595.2,29.76
ORD101548,2025-11-07,59,Other,Maharashtra,Beauty,1403.43,2,30.0,UPI,1,3.2,Regular,Not Returned,4,69.72,Eid,No,Tablet,14.3,2204.88,2025,11,7,0,2806.86,842.058
ORD101549,2025-06-30,32,Male,Rajasthan,Fashion,2031.31,1,5.0,Debit Card,10,4.0,Regular,Not Returned,4,91.46,Normal,No,Desktop,10.3,1991.25,2025,6,30,0,2031.31,101.56549999999999
ORD101550,2025-01-02,48,Female,Andhra Pradesh,Fashion,663.48,4,0.0,Debit Card,3,5.0,Silver,Not Returned,5,134.92,Normal,No,Desktop,12.8,2832.84,2025,1,2,0,2653.92,0.0
ORD101551,2025-04-13,38,Female,Delhi,Home & Kitchen,883.69,2,15.0,Net Banking,10,3.2,Regular,Not Returned,4,52.84,Christmas,No,Desktop,18.1,1575.88,2025,4,13,1,1767.38,265.107
ORD101552,2025-11-08,42,Female,Andhra Pradesh,Electronics,2187.36,2,10.0,Cash on Delivery,1,4.5,Regular,Not Returned,1,120.19,Diwali,No,Desktop,20.9,4905.66,2025,11,8,1,4374.72,437.47200000000004
ORD101553,2025-07-14,62,Male,Maharashtra,Sports,384.69,5,0.0,UPI,10,4.8,Regular,Returned,5,97.53,Normal,Yes,Desktop,13.8,723.72,2025,7,14,0,1923.45,0.0
ORD101554,2025-08-14,51,Female,Maharashtra,Sports,508.29,1,0.0,UPI,5,2.3,Regular,Not Returned,4,103.09,Holi,No,Mobile,18.5,633.72,2025,8,14,0,508.29,0.0
ORD101555,2025-06-17,37,Male,Maharashtra,Sports,1034.63,4,0.0,Credit Card,9,4.3,Regular,Not Returned,3,88.93,Christmas,No,Desktop,10.9,4350.7,2025,6,17,0,4138.52,0.0
ORD101556,2025-03-01,39,Female,Andhra Pradesh,Beauty,735.87,3,15.0,UPI,9,4.4,Silver,Not Returned,2,64.89,Holi,No,Mobile,2.6,2167.54,2025,3,1,1,2207.61,331.1415
ORD101557,2025-11-24,51,Female,Delhi,Home & Kitchen,991.35,2,5.0,Wallet,4,3.8,Silver,Not Returned,3,105.57,Sankranti,No,Desktop,4.9,1924.93,2025,11,24,0,1982.7,99.135
ORD101558,2025-10-10,34,Female,Tamil Nadu,Sports,527.76,1,20.0,Credit Card,8,3.5,Regular,Not Returned,1,108.16,Sankranti,No,Mobile,10.8,608.98,2025,10,10,0,527.76,105.552
ORD101559,2025-12-30,25,Female,Delhi,Books,1379.37,1,20.0,Cash on Delivery,4,3.6,Regular,Returned,5,61.98,Diwali,Yes,Mobile,16.8,426.97,2025,12,30,0,1379.37,275.87399999999997
ORD101560,2025-11-09,39,Female,Gujarat,Electronics,1089.07,2,5.0,UPI,8,3.8,Regular,Not Returned,5,43.15,Normal,No,Mobile,10.8,2161.66,2025,11,9,1,2178.14,108.90699999999998
ORD101561,2025-04-17,21,Female,Kerala,Home & Kitchen,1714.8,1,10.0,Debit Card,10,3.8,Silver,Not Returned,2,92.99,Christmas,No,Desktop,19.1,1867.8,2025,4,17,0,1714.8,171.48
ORD101562,2025-04-03,25,Female,Karnataka,Books,1366.95,1,5.0,Wallet,9,3.7,Regular,Not Returned,4,116.42,Normal,No,Desktop,23.0,1496.98,2025,4,3,0,1366.95,68.3475
ORD101563,2025-04-01,37,Female,Gujarat,Books,1372.55,2,10.0,Cash on Delivery,8,3.8,Gold,Not Returned,1,125.18,Holi,No,Mobile,6.7,3088.33,2025,4,1,0,2745.1,274.51
ORD101564,2025-12-02,55,Male,Rajasthan,Books,468.71,3,5.0,Credit Card,4,4.8,Silver,Not Returned,2,132.12,Normal,Yes,Mobile,24.7,1579.4,2025,12,2,0,1406.1299999999999,70.3065
ORD101565,2025-07-23,54,Other,Rajasthan,Fashion,1652.86,1,20.0,Net Banking,2,3.1,Silver,Not Returned,3,103.0,Diwali,Yes,Tablet,2.2,1682.43,2025,7,23,0,1652.86,330.57199999999995
ORD101566,2025-06-15,30,Female,Rajasthan,Home & Kitchen,967.79,3,10.0,Cash on Delivery,6,2.8,Regular,Not Returned,6,80.79,Holi,Yes,Mobile,23.1,2851.68,2025,6,15,1,2903.37,290.337
ORD101567,2025-12-20,37,Female,Tamil Nadu,Electronics,1076.84,4,10.0,Credit Card,2,4.8,Gold,Not Returned,10,89.92,Holi,Yes,Desktop,11.8,5175.42,2025,12,20,1,4307.36,430.736
ORD101568,2025-08-09,25,Male,Kerala,Books,2371.9,3,15.0,Wallet,6,3.9,Regular,Not Returned,3,90.905,Normal,No,Desktop,10.6,6223.88,2025,8,9,1,7115.700000000001,1067.3550000000002
ORD101569,2025-11-28,53,Female,Karnataka,Beauty,751.78,3,20.0,Wallet,9,3.7,Regular,Not Returned,2,66.11,Diwali,Yes,Desktop,12.0,2016.62,2025,11,28,0,2255.34,451.06800000000004
ORD101570,2025-12-26,29,Male,Rajasthan,Fashion,2888.08,3,10.0,Cash on Delivery,2,3.9,Gold,Not Returned,8,88.14,Normal,Yes,Mobile,7.2,8012.14,2025,12,26,0,8664.24,866.424
ORD101571,2025-01-29,55,Female,Rajasthan,Electronics,3068.63,1,5.0,UPI,10,4.1,Silver,Not Returned,5,80.67,Normal,No,Desktop,21.0,3047.41,2025,1,29,0,3068.63,153.43150000000003
ORD101572,2025-05-12,57,Male,West Bengal,Sports,1957.43,1,30.0,Debit Card,6,3.6,Regular,Not Returned,4,93.22,Normal,No,Tablet,7.8,1498.71,2025,5,12,0,1957.43,587.229
ORD101573,2025-09-25,50,Male,Telangana,Sports,634.4,4,10.0,Cash on Delivery,1,4.4,Regular,Not Returned,3,41.88,Eid,No,Mobile,8.6,2526.14,2025,9,25,0,2537.6,253.76
ORD101574,2025-10-24,33,Male,Karnataka,Books,289.74,2,15.0,Wallet,8,3.3,Regular,Not Returned,3,49.7,Eid,Yes,Desktop,3.7,649.85,2025,10,24,0,579.48,86.92200000000001
ORD101575,2025-02-24,62,Male,Delhi,Books,2419.51,3,15.0,Net Banking,1,3.8,Gold,Not Returned,4,117.15,Normal,No,Mobile,7.6,6569.58,2025,2,24,0,7258.530000000001,1088.7795
ORD101576,2025-04-27,50,Male,Delhi,Sports,1290.1,5,15.0,Credit Card,7,2.4,Regular,Not Returned,3,60.83,Holi,Yes,Tablet,7.8,6231.29,2025,4,27,1,6450.5,967.575
ORD101577,2025-07-20,48,Female,Karnataka,Sports,739.3,1,5.0,Cash on Delivery,6,4.8,Regular,Not Returned,4,90.905,Normal,No,Mobile,7.4,716.75,2025,7,20,1,739.3,36.965
ORD101578,2025-10-19,58,Male,Telangana,Sports,2573.17,1,5.0,Credit Card,8,3.9,Regular,Returned,6,93.33,Normal,No,Mobile,10.9,1004.6,2025,10,19,1,2573.17,128.6585
ORD101579,2025-02-11,59,Female,Telangana,Books,685.44,2,10.0,Debit Card,4,4.5,Platinum,Not Returned,3,57.41,Sankranti,No,Mobile,5.3,1449.98,2025,2,11,0,1370.88,137.08800000000002
ORD101580,2025-08-08,21,Male,Gujarat,Home & Kitchen,910.85,1,15.0,Cash on Delivery,2,4.3,Silver,Not Returned,3,128.72,Holi,No,Tablet,21.6,1129.44,2025,8,8,0,910.85,136.6275
ORD101581,2025-04-19,59,Female,Maharashtra,Sports,1687.93,2,20.0,Cash on Delivery,4,4.4,Regular,Not Returned,3,46.01,Sankranti,Yes,Mobile,11.1,2942.26,2025,4,19,1,3375.86,675.172
ORD101582,2025-03-20,53,Female,Maharashtra,Sports,581.86,3,15.0,Debit Card,8,4.0,Gold,Not Returned,2,90.05,Normal,No,Mobile,14.2,1458.18,2025,3,20,0,1745.58,261.837
ORD101583,2025-07-08,27,Male,West Bengal,Electronics,1117.57,2,25.0,Debit Card,10,4.3,Regular,Not Returned,9,63.8,Normal,No,Mobile,17.2,1881.32,2025,7,8,0,2235.14,558.785
ORD101584,2025-06-01,32,Female,Andhra Pradesh,Sports,2435.76,1,30.0,Net Banking,3,3.3,Gold,Not Returned,4,95.47,Normal,No,Desktop,24.1,1936.05,2025,6,1,1,2435.76,730.7280000000001
ORD101585,2025-08-21,53,Female,Delhi,Home & Kitchen,1376.5,3,20.0,Cash on Delivery,4,3.2,Silver,Not Returned,8,72.59,Holi,No,Mobile,17.5,3653.5,2025,8,21,0,4129.5,825.9
ORD101586,2025-04-26,28,Female,Tamil Nadu,Electronics,2699.72,1,0.0,UPI,9,3.9,Regular,Not Returned,5,89.17,Normal,No,Mobile,10.5,2896.26,2025,4,26,1,2699.72,0.0
ORD101587,2025-10-28,39,Male,Rajasthan,Fashion,2507.19,4,10.0,Net Banking,4,3.5,Gold,Not Returned,4,132.74,Normal,No,Mobile,5.6,10190.39,2025,10,28,0,10028.76,1002.8760000000001
ORD101588,2025-01-29,50,Male,Rajasthan,Electronics,1206.05,1,15.0,Cash on Delivery,3,5.0,Platinum,Not Returned,6,65.94,Normal,No,Desktop,14.0,1252.41,2025,1,29,0,1206.05,180.9075
ORD101589,2025-11-11,48,Female,Kerala,Books,262.75,4,15.0,Net Banking,9,4.3,Regular,Not Returned,2,90.905,Normal,No,Desktop,18.4,1024.31,2025,11,11,0,1051.0,157.65
ORD101590,2025-01-11,60,Male,Karnataka,Sports,584.83,2,5.0,Net Banking,5,3.5,Regular,Not Returned,4,78.94,Normal,No,Desktop,12.9,1208.15,2025,1,11,1,1169.66,58.483000000000004
ORD101591,2025-09-26,23,Female,Tamil Nadu,Electronics,1970.9,2,15.0,Credit Card,6,3.8,Gold,Not Returned,2,141.59,Sankranti,Yes,Mobile,12.4,4192.81,2025,9,26,0,3941.8,591.27
ORD101592,2025-05-07,31,Male,Telangana,Beauty,438.09,2,10.0,Wallet,5,4.1,Regular,Not Returned,2,86.86,Normal,No,Mobile,13.3,848.02,2025,5,7,0,876.18,87.618
ORD101593,2025-05-20,64,Female,Rajasthan,Beauty,970.42,1,10.0,Wallet,7,4.0,Silver,Not Returned,5,133.2,Normal,No,Mobile,1.0,1084.4,2025,5,20,0,970.42,97.04199999999999
ORD101594,2025-01-07,44,Male,Telangana,Beauty,1495.31,2,20.0,UPI,3,4.2,Regular,Not Returned,6,83.81,Eid,No,Mobile,12.9,2591.39,2025,1,7,0,2990.62,598.1239999999999
ORD101595,2025-09-14,29,Male,Maharashtra,Beauty,3119.09,3,10.0,Credit Card,8,4.0,Gold,Not Returned,5,131.64,Normal,Yes,Mobile,16.4,8534.4,2025,9,14,1,9357.27,935.7270000000001
ORD101596,2025-03-02,31,Other,Maharashtra,Books,825.77,3,15.0,Credit Card,4,3.0,Silver,Not Returned,3,104.26,Normal,No,Mobile,11.7,2248.1,2025,3,2,1,2477.31,371.5965
ORD101597,2025-08-29,33,Female,Gujarat,Beauty,789.82,1,15.0,Wallet,6,2.5,Platinum,Not Returned,2,109.41,Sankranti,Yes,Tablet,18.7,928.78,2025,8,29,0,789.82,118.47300000000001
ORD101598,2025-09-22,44,Female,West Bengal,Beauty,1159.78,2,15.0,Wallet,2,3.7,Regular,Not Returned,5,39.75,Diwali,No,Tablet,18.9,2293.21,2025,9,22,0,2319.56,347.934
ORD101599,2025-11-05,31,Female,Kerala,Beauty,1507.44,4,5.0,Credit Card,1,4.4,Platinum,Not Returned,3,34.55,Eid,No,Mobile,9.0,6362.92,2025,11,5,0,6029.76,301.48800000000006
ORD101600,2025-09-16,47,Male,Delhi,Home & Kitchen,1085.52,3,15.0,Cash on Delivery,6,3.7,Regular,Not Returned,4,127.46,Normal,Yes,Desktop,14.7,3085.54,2025,9,16,0,3256.56,488.48400000000004
ORD101601,2025-04-21,38,Male,Kerala,Books,2373.45,2,10.0,Credit Card,2,4.9,Silver,Not Returned,4,127.02,Christmas,No,Desktop,12.3,4710.78,2025,4,21,0,4746.9,474.69
ORD101602,2025-09-27,46,Male,Maharashtra,Home & Kitchen,713.82,1,15.0,UPI,10,4.0,Silver,Not Returned,3,90.905,Normal,Yes,Tablet,1.0,685.9,2025,9,27,1,713.82,107.07300000000001
ORD101603,2025-10-29,25,Female,Telangana,Sports,1297.48,4,5.0,Credit Card,10,5.0,Regular,Not Returned,2,37.99,Normal,No,Mobile,10.9,4608.49,2025,10,29,0,5189.92,259.496
ORD101604,2025-04-26,47,Male,Tamil Nadu,Beauty,1602.73,2,30.0,UPI,4,4.8,Silver,Returned,2,107.0,Normal,No,Mobile,5.8,831.83,2025,4,26,1,3205.46,961.638
ORD101605,2025-02-15,61,Female,Maharashtra,Sports,925.12,1,20.0,Wallet,3,4.7,Regular,Returned,1,54.17,Normal,Yes,Mobile,12.8,286.88,2025,2,15,1,925.12,185.024
ORD101606,2025-11-21,24,Male,Andhra Pradesh,Sports,2071.21,3,10.0,Net Banking,6,3.2,Regular,Not Returned,4,64.08,Normal,Yes,Mobile,16.1,5611.11,2025,11,21,0,6213.63,621.363
ORD101607,2025-02-23,33,Male,Karnataka,Sports,1322.0,1,10.0,Credit Card,3,4.0,Silver,Not Returned,4,72.42,Normal,No,Mobile,10.7,1205.74,2025,2,23,1,1322.0,132.2
ORD101608,2025-08-05,50,Male,Maharashtra,Beauty,2003.85,3,10.0,Cash on Delivery,9,4.9,Regular,Not Returned,6,103.38,Normal,Yes,Mobile,6.6,5256.22,2025,8,5,0,6011.549999999999,601.155
ORD101609,2025-03-28,47,Male,Maharashtra,Beauty,1361.37,1,20.0,Credit Card,2,4.2,Silver,Not Returned,5,66.76,Normal,Yes,Mobile,13.4,1105.32,2025,3,28,0,1361.37,272.274
ORD101610,2025-02-15,49,Male,West Bengal,Beauty,1532.63,3,15.0,Cash on Delivery,5,4.4,Regular,Not Returned,3,91.18,Normal,No,Desktop,26.7,4061.48,2025,2,15,1,4597.89,689.6835000000001
ORD101611,2025-10-11,44,Female,Rajasthan,Home & Kitchen,795.54,5,15.0,Wallet,2,3.0,Regular,Not Returned,7,119.12,Normal,Yes,Mobile,1.0,3481.14,2025,10,11,1,3977.7,596.655
ORD101612,2025-02-22,50,Male,Delhi,Sports,796.38,5,25.0,Wallet,9,5.0,Silver,Not Returned,5,129.48,Normal,Yes,Mobile,13.4,3327.57,2025,2,22,1,3981.9,995.475
ORD101613,2025-09-02,46,Female,Andhra Pradesh,Books,2659.61,4,10.0,Net Banking,2,3.4,Regular,Not Returned,5,114.24,Sankranti,No,Mobile,8.7,9352.55,2025,9,2,0,10638.44,1063.844
ORD101614,2025-09-10,21,Female,Maharashtra,Sports,1813.76,4,15.0,Credit Card,5,2.6,Platinum,Not Returned,3,105.82,Eid,No,Mobile,9.4,7344.25,2025,9,10,0,7255.04,1088.256
ORD101615,2025-01-22,53,Female,Delhi,Sports,617.17,1,10.0,Credit Card,9,4.0,Platinum,Not Returned,5,85.04,Normal,No,Desktop,11.4,804.67,2025,1,22,0,617.17,61.717
ORD101616,2025-03-05,39,Female,Kerala,Sports,1349.7,5,15.0,UPI,5,2.3,Regular,Not Returned,6,70.09,Eid,No,Tablet,9.9,6512.01,2025,3,5,0,6748.5,1012.275
ORD101617,2025-10-17,20,Male,Maharashtra,Home & Kitchen,256.5,4,10.0,UPI,2,3.2,Regular,Not Returned,3,108.87,Sankranti,Yes,Mobile,15.6,1095.04,2025,10,17,0,1026.0,102.6
ORD101618,2025-07-05,37,Male,Maharashtra,Electronics,826.35,2,20.0,Cash on Delivery,2,5.0,Regular,Not Returned,4,53.22,Christmas,No,Mobile,10.5,1397.41,2025,7,5,1,1652.7,330.54
ORD101619,2025-02-14,38,Male,Maharashtra,Home & Kitchen,2241.15,2,0.0,Cash on Delivery,7,3.7,Gold,Not Returned,3,94.17,Normal,No,Mobile,1.0,5222.29,2025,2,14,0,4482.3,0.0
ORD101620,2025-12-28,22,Female,Kerala,Sports,1106.25,1,5.0,Wallet,2,3.0,Regular,Returned,5,52.35,Normal,No,Mobile,19.7,421.66,2025,12,28,1,1106.25,55.3125
ORD101621,2025-04-07,64,Female,Telangana,Sports,1295.59,2,10.0,UPI,4,4.0,Platinum,Not Returned,4,88.56,Holi,No,Mobile,18.8,2726.19,2025,4,7,0,2591.18,259.118
ORD101622,2025-01-02,28,Male,Kerala,Beauty,168.92,3,25.0,Credit Card,7,3.4,Platinum,Not Returned,2,53.12,Normal,No,Tablet,8.4,454.49,2025,1,2,0,506.76,126.69
ORD101623,2025-12-04,33,Male,Tamil Nadu,Sports,929.93,2,10.0,Net Banking,4,4.6,Regular,Not Returned,6,75.98,Christmas,No,Mobile,12.3,1921.46,2025,12,4,0,1859.86,185.986
ORD101624,2025-01-07,38,Female,Gujarat,Electronics,1495.11,2,10.0,Net Banking,9,3.4,Silver,Returned,6,66.34,Christmas,No,Mobile,19.3,1097.6,2025,1,7,0,2990.22,299.022
ORD101625,2025-07-21,57,Female,West Bengal,Beauty,1623.79,2,10.0,Debit Card,7,4.2,Regular,Not Returned,2,62.12,Normal,Yes,Desktop,18.2,3071.41,2025,7,21,0,3247.58,324.758
ORD101626,2025-12-29,52,Female,Kerala,Sports,2243.09,1,10.0,UPI,2,3.2,Silver,Not Returned,5,86.94,Normal,No,Desktop,20.1,2408.78,2025,12,29,0,2243.09,224.30900000000003
ORD101627,2025-07-30,54,Female,Karnataka,Beauty,1046.71,5,25.0,Debit Card,9,5.0,Regular,Not Returned,0,20.0,Normal,Yes,Desktop,14.2,3715.2,2025,7,30,0,5233.55,1308.3875
ORD101628,2025-08-02,29,Female,Rajasthan,Sports,1077.5,1,30.0,Credit Card,10,4.4,Silver,Not Returned,5,26.91,Sankranti,No,Mobile,16.6,871.04,2025,8,2,1,1077.5,323.25
ORD101629,2025-05-22,57,Female,Gujarat,Home & Kitchen,504.82,1,20.0,Cash on Delivery,3,3.9,Regular,Not Returned,3,118.13,Sankranti,No,Mobile,20.5,588.14,2025,5,22,0,504.82,100.964
ORD101630,2025-02-16,56,Male,Maharashtra,Beauty,1050.62,1,20.0,Wallet,4,3.8,Gold,Not Returned,1,95.16,Diwali,No,Mobile,9.9,1127.33,2025,2,16,1,1050.62,210.12399999999997
ORD101631,2025-07-29,39,Male,Andhra Pradesh,Beauty,528.51,4,5.0,Credit Card,4,3.6,Regular,Not Returned,4,64.68,Normal,Yes,Mobile,14.6,1992.44,2025,7,29,0,2114.04,105.70200000000001
ORD101632,2025-11-24,43,Female,Andhra Pradesh,Sports,361.03,4,5.0,UPI,5,3.5,Silver,Not Returned,6,124.09,Eid,No,Mobile,1.0,1603.41,2025,11,24,0,1444.12,72.20599999999999
ORD101633,2025-02-03,19,Female,Tamil Nadu,Fashion,592.71,1,15.0,Net Banking,5,3.4,Gold,Not Returned,5,67.63,Normal,Yes,Desktop,2.5,594.59,2025,2,3,0,592.71,88.90650000000001
ORD101634,2025-11-18,53,Male,Tamil Nadu,Fashion,3199.41,1,15.0,UPI,9,5.0,Silver,Not Returned,2,69.71,Normal,No,Mobile,15.0,3166.51,2025,11,18,0,3199.41,479.91149999999993
ORD101635,2025-06-01,63,Female,Delhi,Home & Kitchen,1006.48,2,5.0,Wallet,7,3.6,Silver,Not Returned,6,62.58,Normal,No,Mobile,15.9,1914.72,2025,6,1,1,2012.96,100.648
ORD101636,2025-07-15,40,Male,Kerala,Fashion,1384.37,1,20.0,Net Banking,9,2.5,Regular,Not Returned,6,156.73,Normal,No,Mobile,9.7,1239.63,2025,7,15,0,1384.37,276.87399999999997
ORD101637,2025-03-02,43,Female,Rajasthan,Home & Kitchen,859.46,3,5.0,Debit Card,4,3.2,Regular,Not Returned,5,98.23,Normal,Yes,Desktop,8.4,2666.23,2025,3,2,1,2578.38,128.919
ORD101638,2025-08-15,41,Male,Kerala,Home & Kitchen,374.73,1,5.0,Debit Card,6,4.6,Regular,Not Returned,2,96.85,Normal,No,Mobile,9.9,423.26,2025,8,15,0,374.73,18.7365
ORD101639,2025-03-08,21,Female,Rajasthan,Fashion,2205.15,2,10.0,Debit Card,2,3.8,Platinum,Not Returned,4,106.32,Normal,Yes,Mobile,13.2,4635.33,2025,3,8,1,4410.3,441.03
ORD101640,2025-04-10,47,Female,Kerala,Home & Kitchen,292.41,2,20.0,Debit Card,3,3.9,Regular,Returned,3,25.16,Normal,No,Desktop,1.0,134.56,2025,4,10,0,584.82,116.96400000000001
ORD101641,2025-09-21,51,Male,Karnataka,Beauty,836.7,2,20.0,Wallet,6,4.8,Regular,Not Returned,1,69.21,Normal,Yes,Mobile,14.8,1424.2,2025,9,21,1,1673.4,334.68
ORD101642,2025-01-19,61,Male,Delhi,Sports,1158.15,2,15.0,Net Banking,2,3.5,Gold,Not Returned,4,105.92,Eid,No,Desktop,12.2,2405.14,2025,1,19,1,2316.3,347.445
ORD101643,2025-06-13,61,Female,Maharashtra,Fashion,1393.95,1,20.0,Credit Card,10,4.4,Regular,Not Returned,7,89.86,Normal,No,Mobile,13.5,1216.85,2025,6,13,0,1393.95,278.79
ORD101644,2025-08-06,41,Male,Tamil Nadu,Books,748.35,1,20.0,Credit Card,3,3.5,Gold,Not Returned,5,167.19,Normal,No,Desktop,11.3,776.76,2025,8,6,0,748.35,149.67
ORD101645,2025-02-18,63,Male,Maharashtra,Home & Kitchen,363.36,1,10.0,Cash on Delivery,2,4.4,Regular,Not Returned,6,71.27,Normal,Yes,Mobile,3.7,403.74,2025,2,18,0,363.36,36.336000000000006
ORD101646,2025-04-18,42,Female,Gujarat,Sports,712.92,1,20.0,Cash on Delivery,8,3.7,Regular,Not Returned,4,123.01,Diwali,Yes,Mobile,5.4,747.06,2025,4,18,0,712.92,142.584
ORD101647,2025-05-06,48,Male,Karnataka,Electronics,737.59,5,5.0,Net Banking,1,3.8,Silver,Not Returned,6,118.21,Normal,No,Mobile,21.1,4021.19,2025,5,6,0,3687.9500000000003,184.3975
ORD101648,2025-08-31,46,Male,Delhi,Fashion,726.01,1,10.0,Credit Card,4,4.6,Regular,Not Returned,6,95.0,Normal,Yes,Desktop,8.1,777.05,2025,8,31,1,726.01,72.601
ORD101649,2025-12-23,64,Male,Rajasthan,Home & Kitchen,2254.35,1,0.0,Debit Card,2,4.5,Platinum,Not Returned,8,101.35,Diwali,Yes,Mobile,16.8,2601.73,2025,12,23,0,2254.35,0.0
ORD101650,2025-11-02,52,Female,Maharashtra,Home & Kitchen,545.24,1,10.0,UPI,7,3.9,Regular,Not Returned,3,79.84,Normal,Yes,Desktop,5.5,542.05,2025,11,2,1,545.24,54.523999999999994
ORD101651,2025-03-11,23,Male,Tamil Nadu,Home & Kitchen,1459.3,3,15.0,Debit Card,9,3.7,Regular,Not Returned,4,20.94,Normal,No,Mobile,11.9,3603.76,2025,3,11,0,4377.9,656.685
ORD101652,2025-01-07,21,Male,Maharashtra,Electronics,1330.05,4,0.0,Net Banking,2,5.0,Regular,Not Returned,3,102.22,Eid,No,Desktop,9.4,5919.6,2025,1,7,0,5320.2,0.0
ORD101653,2025-01-19,37,Male,West Bengal,Home & Kitchen,2240.32,3,10.0,Credit Card,5,4.4,Regular,Not Returned,5,104.99,Normal,No,Mobile,10.3,6091.41,2025,1,19,1,6720.960000000001,672.096
ORD101654,2025-08-06,42,Male,Telangana,Sports,1100.52,2,15.0,Credit Card,5,3.7,Silver,Not Returned,5,110.5,Normal,No,Mobile,10.0,2019.61,2025,8,6,0,2201.04,330.156
ORD101655,2025-02-27,49,Male,Rajasthan,Sports,2006.83,3,15.0,Debit Card,7,3.5,Regular,Not Returned,6,92.21,Normal,No,Desktop,20.7,6090.39,2025,2,27,0,6020.49,903.0735
ORD101656,2025-03-26,40,Male,Maharashtra,Fashion,1072.91,2,0.0,Wallet,4,4.7,Silver,Not Returned,1,123.96,Sankranti,No,Mobile,23.6,2447.2,2025,3,26,0,2145.82,0.0
ORD101657,2025-11-06,42,Male,West Bengal,Home & Kitchen,1591.5,4,0.0,Cash on Delivery,6,4.1,Gold,Not Returned,4,59.69,Normal,Yes,Tablet,13.4,7449.26,2025,11,6,0,6366.0,0.0
ORD101658,2025-11-15,61,Male,Delhi,Beauty,451.77,3,10.0,Wallet,6,3.9,Regular,Not Returned,2,141.39,Normal,No,Tablet,9.5,1349.13,2025,11,15,1,1355.31,135.53099999999998
ORD101659,2025-11-03,33,Female,Delhi,Beauty,215.98,1,20.0,UPI,1,4.1,Silver,Not Returned,4,55.42,Normal,No,Mobile,4.0,191.48,2025,11,3,0,215.98,43.196
ORD101660,2025-04-03,41,Male,Rajasthan,Sports,1533.77,2,25.0,Wallet,6,4.2,Regular,Not Returned,2,86.23,Normal,Yes,Tablet,3.6,2414.29,2025,4,3,0,3067.54,766.885
ORD101661,2025-08-15,44,Male,Telangana,Home & Kitchen,1588.18,1,10.0,UPI,6,4.0,Gold,Not Returned,5,113.83,Normal,No,Mobile,20.7,1762.1,2025,8,15,0,1588.18,158.818
ORD101662,2025-08-11,40,Female,Kerala,Sports,1634.6,1,20.0,Credit Card,10,4.8,Regular,Not Returned,2,71.98,Normal,Yes,Desktop,3.2,1432.1,2025,8,11,0,1634.6,326.92
ORD101663,2025-03-09,63,Female,Andhra Pradesh,Books,853.09,3,15.0,Debit Card,6,4.9,Silver,Not Returned,5,116.22,Normal,No,Desktop,9.4,2396.62,2025,3,9,1,2559.27,383.89050000000003
ORD101664,2025-07-22,63,Female,Tamil Nadu,Fashion,3160.22,1,30.0,Credit Card,9,4.0,Regular,Not Returned,5,78.0,Normal,No,Mobile,12.9,2293.41,2025,7,22,0,3160.22,948.0659999999999
ORD101665,2025-07-11,42,Male,Andhra Pradesh,Sports,889.94,3,0.0,Wallet,4,5.0,Regular,Not Returned,4,94.13,Eid,No,Mobile,1.0,2896.47,2025,7,11,0,2669.82,0.0
ORD101666,2025-05-25,39,Male,Gujarat,Fashion,1577.58,5,15.0,Wallet,7,4.0,Regular,Not Returned,3,83.66,Diwali,Yes,Desktop,4.5,7725.69,2025,5,25,1,7887.9,1183.185
ORD101667,2025-10-02,45,Male,Gujarat,Home & Kitchen,1766.21,2,15.0,Cash on Delivery,10,4.5,Regular,Not Returned,2,69.81,Normal,Yes,Mobile,4.0,2992.33,2025,10,2,0,3532.42,529.863
ORD101668,2025-09-05,26,Male,Delhi,Beauty,3667.47,1,10.0,Debit Card,2,4.7,Gold,Not Returned,4,168.79,Normal,No,Mobile,8.0,3569.75,2025,9,5,0,3667.47,366.74699999999996
ORD101669,2025-07-14,38,Male,Telangana,Beauty,976.53,2,0.0,Net Banking,6,4.7,Regular,Not Returned,4,60.61,Sankranti,No,Desktop,13.6,2228.35,2025,7,14,0,1953.06,0.0
ORD101670,2025-09-22,28,Female,Karnataka,Beauty,784.86,3,0.0,Net Banking,10,4.6,Platinum,Not Returned,3,20.0,Sankranti,No,Mobile,18.2,2820.58,2025,9,22,0,2354.58,0.0
ORD101671,2025-10-06,24,Male,Gujarat,Fashion,453.18,1,10.0,Debit Card,6,4.4,Regular,Not Returned,4,61.87,Normal,No,Mobile,8.0,505.83,2025,10,6,0,453.18,45.318000000000005
ORD101672,2025-07-26,22,Female,West Bengal,Electronics,3291.56,1,15.0,Net Banking,9,5.0,Regular,Not Returned,7,94.6,Normal,No,Tablet,11.8,2973.52,2025,7,26,1,3291.56,493.73400000000004
ORD101673,2025-04-08,45,Male,West Bengal,Books,1578.13,2,15.0,Credit Card,5,3.6,Regular,Not Returned,3,76.81,Normal,No,Desktop,11.3,2630.82,2025,4,8,0,3156.26,473.439
ORD101674,2025-10-04,18,Male,Andhra Pradesh,Books,1610.93,4,5.0,Credit Card,9,3.9,Regular,Returned,4,125.65,Normal,Yes,Desktop,7.2,2036.34,2025,10,4,1,6443.72,322.18600000000004
ORD101675,2025-09-19,48,Female,Maharashtra,Books,9099.13,1,20.0,UPI,7,3.8,Gold,Not Returned,4,124.38,Normal,Yes,Mobile,14.5,7649.3,2025,9,19,0,9099.13,1819.8259999999998
ORD101676,2025-12-25,38,Female,Andhra Pradesh,Beauty,1482.31,1,10.0,UPI,5,3.7,Regular,Not Returned,3,78.86,Normal,No,Tablet,14.7,1611.14,2025,12,25,0,1482.31,148.231
ORD101677,2025-02-24,35,Male,West Bengal,Books,514.69,5,30.0,Credit Card,3,2.6,Gold,Not Returned,6,31.12,Sankranti,No,Mobile,1.0,2087.49,2025,2,24,0,2573.4500000000003,772.0350000000002
ORD101678,2025-06-03,54,Female,Telangana,Home & Kitchen,1056.52,1,0.0,Cash on Delivery,2,5.0,Regular,Not Returned,3,45.09,Normal,Yes,Mobile,15.8,1151.73,2025,6,3,0,1056.52,0.0
ORD101679,2025-12-04,43,Male,West Bengal,Electronics,636.81,1,20.0,Wallet,3,3.3,Regular,Returned,5,88.87,Normal,No,Mobile,12.8,183.3,2025,12,4,0,636.81,127.362
ORD101680,2025-07-07,52,Male,Telangana,Fashion,927.75,2,25.0,Cash on Delivery,8,4.1,Regular,Not Returned,5,35.24,Normal,No,Desktop,13.6,1334.14,2025,7,7,0,1855.5,463.875
ORD101681,2025-12-11,51,Female,Andhra Pradesh,Fashion,923.71,1,20.0,Debit Card,5,3.0,Silver,Not Returned,4,77.13,Diwali,No,Mobile,19.1,897.56,2025,12,11,0,923.71,184.74200000000002
ORD101682,2025-01-05,19,Male,West Bengal,Home & Kitchen,819.35,1,20.0,Credit Card,4,4.4,Regular,Not Returned,2,139.75,Normal,No,Mobile,1.3,876.4,2025,1,5,1,819.35,163.87
ORD101683,2025-01-13,28,Male,Maharashtra,Books,485.14,2,10.0,UPI,5,3.5,Platinum,Not Returned,6,102.0,Diwali,Yes,Mobile,4.5,1088.31,2025,1,13,0,970.28,97.02799999999999
ORD101684,2025-10-18,44,Male,Maharashtra,Fashion,3378.55,2,20.0,Cash on Delivery,4,3.2,Regular,Not Returned,4,91.6,Normal,Yes,Mobile,11.6,5289.57,2025,10,18,1,6757.1,1351.42
ORD101685,2025-05-11,63,Male,Gujarat,Beauty,1457.28,2,15.0,UPI,9,4.1,Regular,Not Returned,6,53.57,Normal,No,Mobile,1.0,2667.87,2025,5,11,1,2914.56,437.184
ORD101686,2025-07-09,25,Male,Tamil Nadu,Fashion,1036.41,2,10.0,Net Banking,4,3.5,Gold,Not Returned,6,96.36,Normal,No,Desktop,10.7,2299.82,2025,7,9,0,2072.82,207.282
ORD101687,2025-06-06,22,Male,Gujarat,Beauty,1963.61,2,30.0,Debit Card,5,3.6,Silver,Not Returned,2,80.95,Eid,Yes,Mobile,17.1,3230.72,2025,6,6,0,3927.22,1178.166
ORD101688,2025-05-29,62,Female,Maharashtra,Beauty,1629.89,2,10.0,Debit Card,6,4.1,Gold,Not Returned,3,98.35,Christmas,No,Mobile,14.4,3646.05,2025,5,29,0,3259.78,325.978
ORD101689,2025-12-09,63,Female,Tamil Nadu,Electronics,1435.51,3,10.0,UPI,7,4.6,Regular,Not Returned,5,115.45,Normal,Yes,Mobile,12.5,3776.53,2025,12,9,0,4306.53,430.65299999999996
ORD101690,2025-02-04,25,Male,Karnataka,Home & Kitchen,1873.05,3,25.0,Credit Card,4,3.4,Silver,Not Returned,5,121.43,Diwali,Yes,Tablet,10.6,4440.3,2025,2,4,0,5619.15,1404.7875
ORD101691,2025-10-09,36,Male,Andhra Pradesh,Electronics,1309.15,2,10.0,UPI,1,3.3,Regular,Not Returned,2,94.51,Normal,Yes,Desktop,9.4,2282.48,2025,10,9,0,2618.3,261.83
ORD101692,2025-11-21,47,Female,Karnataka,Books,1855.15,4,5.0,Net Banking,7,4.0,Platinum,Not Returned,3,107.92,Normal,No,Mobile,9.1,7596.32,2025,11,21,0,7420.6,371.03
ORD101693,2025-08-28,27,Male,Kerala,Sports,1957.85,3,10.0,Debit Card,6,4.4,Regular,Not Returned,4,72.08,Normal,No,Mobile,13.4,5430.81,2025,8,28,0,5873.549999999999,587.3549999999999
ORD101694,2025-05-25,33,Female,Telangana,Books,1333.88,1,20.0,Net Banking,7,5.0,Gold,Not Returned,4,129.64,Sankranti,No,Mobile,2.7,1281.75,2025,5,25,1,1333.88,266.776
ORD101695,2025-02-28,36,Female,Telangana,Books,1039.84,5,20.0,Cash on Delivery,6,4.0,Regular,Not Returned,5,58.95,Eid,No,Mobile,20.8,4624.22,2025,2,28,0,5199.2,1039.84
ORD101696,2025-09-07,48,Male,Gujarat,Fashion,3244.89,4,0.0,Wallet,6,4.0,Gold,Not Returned,4,82.74,Sankranti,No,Desktop,7.6,14809.33,2025,9,7,1,12979.56,0.0
ORD101697,2025-06-21,32,Male,Maharashtra,Sports,879.58,1,15.0,Net Banking,10,4.8,Gold,Not Returned,4,133.28,Sankranti,Yes,Mobile,15.3,983.64,2025,6,21,1,879.58,131.937
ORD101698,2025-02-24,37,Male,Telangana,Electronics,1547.55,1,15.0,UPI,1,5.0,Gold,Returned,3,73.14,Normal,Yes,Tablet,12.5,547.63,2025,2,24,0,1547.55,232.1325
ORD101699,2025-05-12,31,Male,Delhi,Books,1570.45,2,15.0,UPI,1,3.3,Regular,Not Returned,1,43.07,Eid,No,Mobile,5.1,2761.27,2025,5,12,0,3140.9,471.135
ORD101700,2025-12-17,53,Male,Delhi,Sports,807.44,2,15.0,Wallet,10,3.5,Regular,Not Returned,8,75.62,Normal,No,Mobile,19.8,1573.03,2025,12,17,0,1614.88,242.232
ORD101701,2025-04-07,25,Female,Andhra Pradesh,Sports,709.81,3,30.0,Credit Card,9,4.3,Gold,Not Returned,4,138.71,Eid,Yes,Mobile,18.5,1976.69,2025,4,7,0,2129.43,638.829
ORD101702,2025-03-07,28,Male,Tamil Nadu,Books,953.44,2,10.0,Net Banking,5,3.6,Silver,Not Returned,4,20.0,Normal,Yes,Mobile,2.6,1682.04,2025,3,7,0,1906.88,190.68800000000002
ORD101703,2025-09-06,29,Female,Karnataka,Books,871.43,1,10.0,Cash on Delivery,6,3.5,Silver,Not Returned,4,93.58,Normal,No,Desktop,11.6,969.43,2025,9,6,1,871.43,87.14299999999999
ORD101704,2025-03-14,60,Female,Delhi,Books,465.12,1,15.0,Net Banking,5,4.2,Regular,Not Returned,3,67.81,Normal,Yes,Mobile,13.2,432.36,2025,3,14,0,465.12,69.768
ORD101705,2025-12-02,62,Male,Andhra Pradesh,Electronics,785.72,4,10.0,Credit Card,10,5.0,Regular,Not Returned,3,84.13,Normal,No,Desktop,1.0,3138.7,2025,12,2,0,3142.88,314.288
ORD101706,2025-11-10,41,Male,West Bengal,Electronics,1426.7,1,10.0,Credit Card,5,3.1,Regular,Returned,2,77.8,Normal,No,Mobile,1.0,486.16,2025,11,10,0,1426.7,142.67
ORD101707,2025-12-25,25,Male,Karnataka,Books,2732.41,3,0.0,Cash on Delivery,8,5.0,Silver,Returned,2,123.62,Diwali,No,Mobile,7.0,2932.69,2025,12,25,0,8197.23,0.0
ORD101708,2025-11-30,53,Female,Telangana,Fashion,1720.6,1,5.0,UPI,4,3.6,Regular,Not Returned,5,91.88,Sankranti,No,Mobile,4.1,1719.65,2025,11,30,1,1720.6,86.03
ORD101709,2025-03-30,41,Male,West Bengal,Home & Kitchen,221.49,2,25.0,Credit Card,4,4.2,Regular,Not Returned,4,125.37,Normal,No,Mobile,5.7,446.49,2025,3,30,1,442.98,110.745
ORD101710,2025-03-19,57,Female,Andhra Pradesh,Electronics,1820.61,2,0.0,Cash on Delivery,7,5.0,Gold,Not Returned,5,134.94,Normal,No,Mobile,4.1,4250.87,2025,3,19,0,3641.22,0.0
ORD101711,2025-05-06,34,Female,Telangana,Beauty,834.87,1,15.0,Credit Card,4,4.2,Silver,Not Returned,4,91.05,Diwali,No,Mobile,11.3,881.57,2025,5,6,0,834.87,125.23049999999999
ORD101712,2025-06-21,64,Female,Rajasthan,Sports,1610.95,2,20.0,Credit Card,1,3.8,Gold,Not Returned,5,77.42,Normal,No,Tablet,6.6,2807.44,2025,6,21,1,3221.9,644.38
ORD101713,2025-11-18,55,Other,Kerala,Books,1189.02,3,0.0,Wallet,2,4.5,Regular,Returned,4,103.2,Normal,No,Desktop,18.7,1287.69,2025,11,18,0,3567.06,0.0
ORD101714,2025-09-25,28,Female,Maharashtra,Beauty,1058.73,1,5.0,Credit Card,9,3.9,Regular,Not Returned,3,109.96,Diwali,No,Mobile,13.1,1060.77,2025,9,25,0,1058.73,52.936499999999995
ORD101715,2025-08-24,52,Female,Gujarat,Beauty,1122.85,1,10.0,Wallet,4,4.4,Regular,Not Returned,2,49.63,Christmas,Yes,Desktop,16.8,1201.64,2025,8,24,1,1122.85,112.285
ORD101716,2025-11-17,31,Female,Gujarat,Beauty,1182.64,3,10.0,Wallet,2,3.9,Regular,Not Returned,5,98.26,Normal,Yes,Mobile,1.9,3555.95,2025,11,17,0,3547.92,354.792
ORD101717,2025-08-24,34,Female,Gujarat,Home & Kitchen,2875.38,3,10.0,Net Banking,10,4.6,Silver,Not Returned,1,81.13,Sankranti,Yes,Desktop,8.2,9139.69,2025,8,24,1,8626.14,862.6139999999999
ORD101718,2025-05-19,29,Female,Andhra Pradesh,Beauty,1184.76,2,15.0,UPI,10,3.0,Regular,Returned,2,75.29,Normal,Yes,Tablet,12.8,712.7,2025,5,19,0,2369.52,355.42800000000005
ORD101719,2025-05-31,50,Female,Kerala,Books,2430.07,3,5.0,Credit Card,5,3.3,Regular,Not Returned,2,65.82,Sankranti,No,Mobile,14.7,7149.87,2025,5,31,1,7290.210000000001,364.51050000000004
ORD101720,2025-07-08,30,Male,Tamil Nadu,Fashion,2210.59,1,0.0,Wallet,7,3.0,Regular,Not Returned,4,68.1,Holi,Yes,Tablet,8.1,2301.23,2025,7,8,0,2210.59,0.0
ORD101721,2025-02-02,48,Female,West Bengal,Home & Kitchen,1851.32,1,0.0,UPI,8,4.0,Silver,Not Returned,5,133.95,Normal,No,Mobile,9.0,1905.8,2025,2,2,1,1851.32,0.0
ORD101722,2025-09-28,45,Female,Kerala,Beauty,375.69,2,10.0,Cash on Delivery,1,2.9,Gold,Not Returned,6,77.26,Normal,No,Mobile,9.7,915.79,2025,9,28,1,751.38,75.138
ORD101723,2025-08-27,53,Female,Telangana,Beauty,2479.69,3,10.0,Cash on Delivery,3,3.5,Regular,Returned,1,130.03,Christmas,Yes,Mobile,10.2,2567.72,2025,8,27,0,7439.07,743.9069999999999
ORD101724,2025-09-24,64,Male,West Bengal,Electronics,891.09,3,25.0,Wallet,6,3.2,Regular,Not Returned,7,94.59,Diwali,No,Desktop,25.0,2390.59,2025,9,24,0,2673.27,668.3175
ORD101725,2025-07-14,18,Female,Tamil Nadu,Fashion,1910.84,1,0.0,Wallet,6,5.0,Regular,Not Returned,2,50.35,Diwali,No,Mobile,13.9,2226.06,2025,7,14,0,1910.84,0.0
ORD101726,2025-10-13,64,Female,Tamil Nadu,Beauty,637.74,2,15.0,Credit Card,4,3.3,Silver,Not Returned,5,96.68,Normal,Yes,Mobile,12.2,1226.67,2025,10,13,0,1275.48,191.322
ORD101727,2025-12-13,23,Female,Rajasthan,Sports,555.45,2,15.0,Cash on Delivery,1,3.1,Regular,Not Returned,1,48.42,Normal,Yes,Mobile,4.4,937.19,2025,12,13,1,1110.9,166.635
ORD101728,2025-07-28,42,Male,Delhi,Sports,4336.1,1,15.0,Cash on Delivery,10,4.2,Regular,Returned,2,111.25,Normal,Yes,Mobile,4.6,1370.29,2025,7,28,0,4336.1,650.4150000000001
ORD101729,2025-06-12,34,Female,West Bengal,Books,644.22,2,15.0,Wallet,7,5.0,Gold,Returned,6,82.73,Normal,No,Mobile,10.7,412.47,2025,6,12,0,1288.44,193.26600000000002
ORD101730,2025-02-08,48,Female,Gujarat,Sports,2527.65,2,0.0,Cash on Delivery,8,3.9,Silver,Not Returned,4,119.93,Normal,No,Mobile,18.8,5523.12,2025,2,8,1,5055.3,0.0
ORD101731,2025-10-12,51,Female,Rajasthan,Beauty,1296.02,1,15.0,UPI,5,4.0,Silver,Returned,2,140.17,Normal,No,Tablet,10.8,419.81,2025,10,12,1,1296.02,194.403
ORD101732,2025-11-26,58,Female,Telangana,Fashion,913.24,1,10.0,Wallet,6,4.9,Regular,Not Returned,3,29.26,Holi,No,Desktop,11.8,895.21,2025,11,26,0,913.24,91.324
ORD101733,2025-09-13,36,Female,Kerala,Home & Kitchen,1165.54,1,20.0,Cash on Delivery,5,4.6,Gold,Not Returned,2,73.86,Normal,No,Tablet,7.5,1048.45,2025,9,13,1,1165.54,233.108
ORD101734,2025-11-12,61,Female,Tamil Nadu,Sports,515.1,4,5.0,Credit Card,5,4.0,Regular,Not Returned,1,47.67,Sankranti,No,Mobile,1.5,2347.22,2025,11,12,0,2060.4,103.02
ORD101735,2025-11-11,33,Male,Karnataka,Home & Kitchen,1189.32,1,20.0,Credit Card,7,3.6,Regular,Not Returned,7,165.54,Normal,Yes,Mobile,14.6,953.86,2025,11,11,0,1189.32,237.86399999999998
ORD101736,2025-10-19,27,Other,Tamil Nadu,Sports,593.65,1,15.0,Credit Card,10,4.3,Silver,Not Returned,10,74.59,Normal,No,Mobile,10.5,680.0,2025,10,19,1,593.65,89.0475
ORD101737,2025-07-03,35,Male,Tamil Nadu,Electronics,928.01,1,15.0,Net Banking,8,3.0,Regular,Not Returned,4,43.97,Normal,No,Mobile,14.7,792.51,2025,7,3,0,928.01,139.2015
ORD101738,2025-02-06,42,Female,Maharashtra,Electronics,2189.7,1,5.0,Wallet,7,3.6,Silver,Not Returned,4,168.41,Sankranti,No,Mobile,12.9,2482.86,2025,2,6,0,2189.7,109.485
ORD101739,2025-01-02,49,Female,Rajasthan,Fashion,1415.59,1,15.0,Debit Card,1,5.0,Regular,Not Returned,5,64.59,Diwali,No,Mobile,6.2,1403.22,2025,1,2,0,1415.59,212.33849999999998
ORD101740,2025-03-16,57,Male,Gujarat,Fashion,457.91,2,20.0,UPI,6,4.9,Regular,Not Returned,1,33.23,Normal,Yes,Desktop,13.4,780.94,2025,3,16,1,915.82,183.16400000000002
ORD101741,2025-06-07,28,Male,Karnataka,Beauty,2087.13,1,10.0,Wallet,10,4.3,Silver,Not Returned,1,49.46,Eid,No,Mobile,4.3,2253.12,2025,6,7,1,2087.13,208.71300000000002
ORD101742,2025-09-29,32,Male,Maharashtra,Beauty,1194.47,1,10.0,Cash on Delivery,4,2.6,Regular,Not Returned,4,95.01,Normal,No,Mobile,13.3,1212.88,2025,9,29,0,1194.47,119.447
ORD101743,2025-06-16,62,Female,Kerala,Beauty,843.58,1,5.0,Cash on Delivery,6,3.2,Silver,Not Returned,6,91.6,Normal,No,Mobile,11.6,1032.21,2025,6,16,0,843.58,42.179
ORD101744,2025-01-09,38,Female,Tamil Nadu,Fashion,1949.67,2,10.0,UPI,4,3.5,Silver,Not Returned,4,60.74,Sankranti,No,Mobile,21.2,4145.76,2025,1,9,0,3899.34,389.934
ORD101745,2025-03-18,29,Male,Kerala,Beauty,1076.42,1,20.0,Wallet,2,3.9,Regular,Returned,4,90.905,Normal,No,Mobile,6.8,324.61,2025,3,18,0,1076.42,215.28400000000002
ORD101746,2025-12-24,64,Female,Gujarat,Electronics,562.5,2,10.0,UPI,8,3.1,Silver,Not Returned,7,91.86,Diwali,No,Tablet,4.0,1187.73,2025,12,24,0,1125.0,112.5
ORD101747,2025-12-27,39,Male,Tamil Nadu,Home & Kitchen,3988.43,3,15.0,Cash on Delivery,4,3.8,Gold,Not Returned,4,136.34,Eid,Yes,Mobile,9.5,11496.91,2025,12,27,1,11965.289999999999,1794.7934999999998
ORD101748,2025-05-18,64,Female,Kerala,Electronics,1186.59,3,20.0,Cash on Delivery,6,5.0,Gold,Not Returned,4,101.66,Sankranti,Yes,Mobile,15.7,3672.89,2025,5,18,1,3559.7699999999995,711.954
ORD101749,2025-10-21,61,Male,Delhi,Electronics,1138.17,1,15.0,Cash on Delivery,6,4.0,Regular,Not Returned,4,70.29,Normal,Yes,Mobile,1.0,1147.02,2025,10,21,0,1138.17,170.72550000000004
ORD101750,2025-09-20,60,Male,Kerala,Electronics,922.2,4,15.0,Cash on Delivery,9,4.2,Silver,Returned,6,82.01,Normal,Yes,Mobile,17.3,1229.78,2025,9,20,1,3688.8,553.32
ORD101751,2025-12-06,45,Male,Tamil Nadu,Electronics,2583.9,3,15.0,Debit Card,10,3.3,Gold,Not Returned,4,116.94,Christmas,No,Tablet,10.7,6277.99,2025,12,6,1,7751.700000000001,1162.755
ORD101752,2025-11-20,55,Female,Kerala,Home & Kitchen,853.12,1,15.0,Cash on Delivery,6,2.9,Silver,Not Returned,1,148.8,Normal,Yes,Desktop,5.1,778.8,2025,11,20,0,853.12,127.96799999999999
ORD101753,2025-08-18,63,Male,Delhi,Beauty,439.59,2,5.0,Debit Card,1,3.1,Regular,Not Returned,2,51.34,Normal,No,Mobile,9.8,886.16,2025,8,18,0,879.18,43.958999999999996
ORD101754,2025-05-25,30,Female,Tamil Nadu,Beauty,771.96,3,20.0,Debit Card,6,4.0,Regular,Not Returned,1,128.99,Christmas,No,Tablet,7.6,2118.82,2025,5,25,1,2315.88,463.17600000000004
ORD101755,2025-08-17,19,Male,Kerala,Home & Kitchen,2842.62,1,30.0,Net Banking,9,4.1,Silver,Returned,3,79.05,Holi,No,Mobile,4.6,806.46,2025,8,17,1,2842.62,852.786
ORD101756,2025-04-27,33,Male,Gujarat,Fashion,2061.03,2,10.0,Net Banking,5,4.3,Gold,Not Returned,3,33.15,Normal,No,Desktop,1.0,4305.81,2025,4,27,1,4122.06,412.2060000000001
ORD101757,2025-05-08,47,Male,Karnataka,Electronics,1016.7,2,25.0,UPI,6,3.3,Gold,Not Returned,4,26.22,Sankranti,No,Mobile,11.8,1921.92,2025,5,8,0,2033.4,508.35
ORD101758,2025-08-11,43,Male,Karnataka,Sports,2929.81,1,30.0,Wallet,8,4.0,Gold,Not Returned,5,136.7,Normal,No,Desktop,8.6,2365.26,2025,8,11,0,2929.81,878.943
ORD101759,2025-07-28,21,Female,West Bengal,Books,1951.28,5,10.0,UPI,5,5.0,Regular,Not Returned,2,140.87,Christmas,No,Tablet,9.7,8754.37,2025,7,28,0,9756.4,975.64
ORD101760,2025-08-01,44,Male,Karnataka,Fashion,1009.08,1,20.0,Credit Card,5,5.0,Silver,Not Returned,2,70.08,Normal,Yes,Mobile,17.1,837.02,2025,8,1,0,1009.08,201.81600000000003
ORD101761,2025-05-21,26,Other,Kerala,Fashion,1077.32,1,15.0,Debit Card,5,4.5,Regular,Not Returned,2,82.57,Normal,No,Mobile,12.3,1002.33,2025,5,21,0,1077.32,161.59799999999998
ORD101762,2025-05-30,41,Male,Telangana,Fashion,1486.43,1,5.0,Credit Card,9,3.9,Regular,Not Returned,1,27.62,Normal,Yes,Mobile,2.6,1475.74,2025,5,30,0,1486.43,74.3215
ORD101763,2025-01-04,45,Male,Rajasthan,Fashion,698.79,2,0.0,Debit Card,5,4.5,Regular,Returned,6,116.67,Normal,Yes,Mobile,16.0,491.28,2025,1,4,1,1397.58,0.0
ORD101764,2025-08-08,47,Male,Kerala,Fashion,1203.52,4,10.0,Credit Card,4,4.9,Gold,Not Returned,1,89.01,Normal,Yes,Mobile,20.9,4918.7,2025,8,8,0,4814.08,481.408
ORD101765,2025-07-30,37,Male,Delhi,Home & Kitchen,1466.47,3,20.0,Debit Card,6,2.6,Regular,Not Returned,2,35.67,Sankranti,No,Mobile,15.0,3435.91,2025,7,30,0,4399.41,879.882
ORD101766,2025-12-08,37,Female,Gujarat,Sports,400.83,4,10.0,Net Banking,7,5.0,Regular,Not Returned,7,97.17,Normal,Yes,Mobile,6.8,1294.06,2025,12,8,0,1603.32,160.332
ORD101767,2025-07-04,49,Female,Karnataka,Sports,1061.05,2,20.0,Net Banking,10,3.6,Regular,Not Returned,6,41.37,Christmas,No,Mobile,3.2,1779.56,2025,7,4,0,2122.1,424.42
ORD101768,2025-06-20,53,Male,Karnataka,Books,985.44,2,15.0,Debit Card,9,3.6,Regular,Not Returned,3,109.51,Normal,No,Tablet,6.6,1931.79,2025,6,20,0,1970.88,295.632
ORD101769,2025-01-25,55,Female,Delhi,Home & Kitchen,2340.97,2,15.0,Credit Card,8,3.8,Silver,Not Returned,4,52.1,Normal,Yes,Mobile,12.6,4532.0,2025,1,25,1,4681.94,702.2909999999999
ORD101770,2025-03-13,33,Female,West Bengal,Home & Kitchen,361.82,1,10.0,Net Banking,8,4.2,Regular,Not Returned,4,101.8,Diwali,Yes,Mobile,20.6,417.46,2025,3,13,0,361.82,36.181999999999995
ORD101771,2025-05-04,37,Female,Telangana,Home & Kitchen,936.45,4,10.0,UPI,5,3.2,Regular,Not Returned,2,67.14,Diwali,No,Mobile,7.4,3375.1,2025,5,4,1,3745.8,374.58
ORD101772,2025-05-18,33,Female,West Bengal,Electronics,877.38,2,5.0,Debit Card,4,3.8,Regular,Not Returned,3,20.0,Normal,No,Tablet,8.1,1764.04,2025,5,18,1,1754.76,87.738
ORD101773,2025-05-13,42,Female,West Bengal,Home & Kitchen,2239.76,2,5.0,Credit Card,6,4.4,Gold,Not Returned,5,124.87,Normal,No,Mobile,18.1,4563.11,2025,5,13,0,4479.52,223.97600000000003
ORD101774,2025-05-24,23,Female,Telangana,Fashion,1166.51,2,0.0,Cash on Delivery,8,4.2,Silver,Not Returned,7,126.78,Normal,No,Mobile,11.8,2741.3,2025,5,24,1,2333.02,0.0
ORD101775,2025-10-08,38,Female,Telangana,Home & Kitchen,3856.59,3,5.0,UPI,6,4.3,Gold,Not Returned,5,71.74,Sankranti,Yes,Mobile,22.3,13355.63,2025,10,8,0,11569.77,578.4885
ORD101776,2025-02-17,26,Female,Gujarat,Electronics,1845.52,1,10.0,Net Banking,3,3.8,Regular,Not Returned,4,99.6,Christmas,Yes,Mobile,11.1,2111.1,2025,2,17,0,1845.52,184.55200000000002
ORD101777,2025-05-02,43,Female,West Bengal,Sports,919.13,3,15.0,Credit Card,1,4.5,Regular,Not Returned,5,105.34,Holi,No,Tablet,19.0,2514.62,2025,5,2,0,2757.39,413.6085
ORD101778,2025-03-01,57,Male,Karnataka,Books,1402.28,3,10.0,Cash on Delivery,1,4.7,Regular,Not Returned,4,106.47,Sankranti,No,Mobile,14.3,4315.98,2025,3,1,1,4206.84,420.684
ORD101779,2025-04-23,64,Female,Gujarat,Books,953.3,3,5.0,Cash on Delivery,5,4.7,Platinum,Not Returned,6,150.4,Diwali,Yes,Mobile,16.2,3887.9,2025,4,23,0,2859.8999999999996,142.99499999999998
ORD101780,2025-09-07,38,Male,Rajasthan,Electronics,2097.88,1,25.0,Debit Card,8,4.3,Regular,Not Returned,5,104.59,Holi,Yes,Mobile,10.9,1827.71,2025,9,7,1,2097.88,524.47
ORD101781,2025-01-18,20,Male,Karnataka,Electronics,504.79,1,15.0,Debit Card,8,4.7,Regular,Not Returned,6,77.48,Holi,No,Mobile,11.3,545.6,2025,1,18,1,504.79,75.7185
ORD101782,2025-05-04,28,Female,Tamil Nadu,Books,702.52,2,25.0,Credit Card,9,4.6,Platinum,Not Returned,1,104.98,Normal,No,Mobile,14.5,1263.88,2025,5,4,1,1405.04,351.26
ORD101783,2025-01-09,22,Female,Rajasthan,Books,1613.68,4,15.0,Net Banking,8,5.0,Platinum,Not Returned,5,74.95,Normal,No,Mobile,16.8,5630.15,2025,1,9,0,6454.72,968.2080000000001
ORD101784,2025-12-15,53,Male,Tamil Nadu,Beauty,2661.96,5,0.0,Cash on Delivery,1,4.9,Regular,Not Returned,3,52.71,Christmas,No,Desktop,15.2,13479.94,2025,12,15,0,13309.8,0.0
ORD101785,2025-09-23,64,Female,Maharashtra,Fashion,286.8,2,25.0,Credit Card,9,3.9,Gold,Not Returned,3,132.69,Christmas,No,Mobile,1.4,615.67,2025,9,23,0,573.6,143.4
ORD101786,2025-03-30,44,Female,Maharashtra,Beauty,2932.13,1,20.0,Credit Card,10,3.4,Regular,Not Returned,6,108.7,Sankranti,No,Mobile,13.5,2389.24,2025,3,30,1,2932.13,586.426
ORD101787,2025-03-14,26,Female,Kerala,Beauty,1095.53,1,15.0,Debit Card,9,3.8,Regular,Not Returned,3,24.84,Normal,Yes,Mobile,8.1,867.5,2025,3,14,0,1095.53,164.3295
ORD101788,2025-02-06,18,Male,Tamil Nadu,Books,352.68,2,15.0,Wallet,5,3.8,Regular,Not Returned,4,66.07,Holi,No,Desktop,8.7,613.28,2025,2,6,0,705.36,105.804
ORD101789,2025-06-22,63,Male,Gujarat,Beauty,170.54,1,10.0,Wallet,3,4.4,Platinum,Returned,4,90.905,Normal,Yes,Mobile,14.7,90.19,2025,6,22,1,170.54,17.054
ORD101790,2025-10-03,32,Female,Gujarat,Electronics,444.07,2,10.0,Debit Card,10,3.5,Regular,Not Returned,4,35.27,Normal,Yes,Desktop,22.2,868.41,2025,10,3,0,888.14,88.814
ORD101791,2025-08-02,23,Male,Tamil Nadu,Sports,1184.73,3,20.0,Debit Card,2,4.8,Gold,Not Returned,3,63.65,Normal,Yes,Desktop,10.6,3051.42,2025,8,2,1,3554.19,710.8380000000001
ORD101792,2025-11-18,26,Male,Maharashtra,Sports,1149.68,2,15.0,UPI,8,3.0,Regular,Returned,4,183.15,Normal,Yes,Tablet,23.8,734.16,2025,11,18,0,2299.36,344.904
ORD101793,2025-05-06,29,Male,Andhra Pradesh,Fashion,1811.04,1,5.0,Cash on Delivery,10,2.9,Silver,Not Returned,5,78.41,Normal,Yes,Mobile,5.4,1938.11,2025,5,6,0,1811.04,90.552
ORD101794,2025-04-12,48,Male,Tamil Nadu,Electronics,839.59,1,0.0,Credit Card,10,3.9,Silver,Not Returned,0,127.89,Diwali,No,Tablet,19.4,1185.29,2025,4,12,1,839.59,0.0
ORD101795,2025-06-24,59,Female,Rajasthan,Electronics,583.97,1,5.0,Net Banking,6,3.4,Silver,Returned,4,142.52,Sankranti,Yes,Desktop,14.6,316.95,2025,6,24,0,583.97,29.198500000000003
ORD101796,2025-03-15,30,Female,Kerala,Books,917.42,3,5.0,Cash on Delivery,9,3.1,Gold,Not Returned,6,58.2,Normal,Yes,Mobile,13.3,2884.74,2025,3,15,1,2752.2599999999998,137.613
ORD101797,2025-12-23,50,Female,Gujarat,Home & Kitchen,1226.5,1,10.0,Credit Card,9,3.6,Silver,Not Returned,5,99.32,Normal,No,Mobile,20.3,1218.31,2025,12,23,0,1226.5,122.65
ORD101798,2025-03-09,21,Female,West Bengal,Beauty,1394.2,1,25.0,Wallet,10,3.5,Silver,Not Returned,5,162.06,Sankranti,Yes,Mobile,8.2,1310.16,2025,3,9,1,1394.2,348.55
ORD101799,2025-06-24,18,Male,Delhi,Books,718.47,1,5.0,Net Banking,4,4.0,Regular,Not Returned,5,106.08,Eid,Yes,Mobile,19.7,881.93,2025,6,24,0,718.47,35.923500000000004
ORD101800,2025-07-10,20,Male,Delhi,Electronics,2156.02,1,10.0,Credit Card,7,3.6,Platinum,Not Returned,7,172.79,Christmas,No,Desktop,10.8,2532.16,2025,7,10,0,2156.02,215.602
ORD101801,2025-01-21,61,Male,Delhi,Fashion,801.25,2,10.0,UPI,9,3.6,Regular,Not Returned,1,67.71,Normal,No,Tablet,8.1,1575.51,2025,1,21,0,1602.5,160.25
ORD101802,2025-06-20,45,Male,Maharashtra,Sports,681.82,2,15.0,Credit Card,3,4.0,Regular,Not Returned,4,152.9,Normal,No,Mobile,4.0,1305.19,2025,6,20,0,1363.64,204.54600000000002
ORD101803,2025-06-15,55,Male,Gujarat,Beauty,843.47,2,15.0,Debit Card,3,4.7,Regular,Not Returned,2,90.58,Holi,Yes,Tablet,21.5,1553.37,2025,6,15,1,1686.94,253.04100000000003
ORD101804,2025-04-05,19,Male,Tamil Nadu,Electronics,2413.23,2,15.0,Debit Card,4,5.0,Regular,Returned,7,78.54,Normal,No,Mobile,18.8,1258.59,2025,4,5,1,4826.46,723.9689999999999
ORD101805,2025-02-16,19,Male,West Bengal,Sports,1100.76,1,30.0,Net Banking,4,4.1,Silver,Not Returned,5,112.4,Diwali,Yes,Tablet,9.1,942.74,2025,2,16,1,1100.76,330.228
ORD101806,2025-01-17,57,Male,Telangana,Electronics,764.06,2,30.0,Wallet,8,4.2,Regular,Returned,2,86.1,Normal,No,Mobile,15.3,439.9,2025,1,17,0,1528.12,458.436
ORD101807,2025-01-04,22,Female,West Bengal,Sports,2190.85,1,20.0,Net Banking,10,3.9,Regular,Not Returned,5,87.04,Diwali,No,Desktop,12.8,2155.05,2025,1,4,1,2190.85,438.17
ORD101808,2025-06-25,25,Female,West Bengal,Sports,4831.26,4,20.0,Wallet,2,4.3,Gold,Not Returned,2,106.98,Normal,No,Mobile,9.9,17595.92,2025,6,25,0,19325.04,3865.0080000000003
ORD101809,2025-02-02,42,Female,Telangana,Sports,1375.22,1,10.0,UPI,4,4.3,Gold,Not Returned,4,26.73,Normal,No,Tablet,17.8,1312.86,2025,2,2,1,1375.22,137.52200000000002
ORD101810,2025-12-17,46,Female,Delhi,Home & Kitchen,2675.99,2,15.0,UPI,10,4.9,Regular,Not Returned,3,62.05,Normal,Yes,Mobile,8.2,4392.52,2025,12,17,0,5351.98,802.797
ORD101811,2025-03-31,28,Female,Rajasthan,Fashion,2353.19,1,10.0,Wallet,6,2.7,Platinum,Not Returned,8,115.29,Normal,No,Mobile,1.0,2744.94,2025,3,31,0,2353.19,235.31900000000002
ORD101812,2025-08-27,38,Male,Kerala,Books,809.5,3,20.0,Cash on Delivery,3,3.8,Regular,Not Returned,6,124.7,Normal,No,Desktop,13.6,1933.14,2025,8,27,0,2428.5,485.7
ORD101813,2025-09-03,49,Female,Karnataka,Beauty,1220.96,1,5.0,Credit Card,7,4.2,Regular,Not Returned,4,102.5,Normal,No,Mobile,12.4,1265.4,2025,9,3,0,1220.96,61.048
ORD101814,2025-06-30,38,Male,West Bengal,Beauty,521.35,4,5.0,Net Banking,9,4.0,Gold,Not Returned,4,99.66,Normal,No,Mobile,8.4,2452.14,2025,6,30,0,2085.4,104.27
ORD101815,2025-11-19,35,Male,Kerala,Electronics,1050.33,1,0.0,Credit Card,4,3.3,Silver,Not Returned,4,104.08,Normal,No,Mobile,6.6,1197.88,2025,11,19,0,1050.33,0.0
ORD101816,2025-02-10,21,Male,Telangana,Beauty,798.75,3,15.0,Net Banking,5,3.1,Gold,Returned,8,123.52,Normal,Yes,Desktop,2.6,794.8,2025,2,10,0,2396.25,359.4375
ORD101817,2025-03-27,39,Male,Tamil Nadu,Beauty,923.53,2,15.0,Wallet,7,4.6,Regular,Returned,2,40.08,Normal,No,Tablet,9.8,602.74,2025,3,27,0,1847.06,277.05899999999997
ORD101818,2025-04-03,55,Male,Gujarat,Fashion,737.04,1,0.0,Debit Card,9,3.5,Regular,Not Returned,3,72.17,Eid,Yes,Mobile,6.7,877.72,2025,4,3,0,737.04,0.0
ORD101819,2025-02-19,47,Female,Maharashtra,Sports,995.72,1,15.0,Cash on Delivery,6,2.8,Regular,Not Returned,3,87.39,Normal,No,Desktop,17.8,944.74,2025,2,19,0,995.72,149.358
ORD101820,2025-04-18,59,Female,Tamil Nadu,Electronics,1696.0,1,10.0,Net Banking,10,4.6,Platinum,Not Returned,2,96.85,Diwali,No,Mobile,15.1,2141.93,2025,4,18,0,1696.0,169.6
ORD101821,2025-04-25,23,Female,Delhi,Sports,1110.32,3,20.0,Wallet,8,4.3,Regular,Not Returned,3,20.0,Normal,No,Desktop,9.1,2274.82,2025,4,25,0,3330.96,666.192
ORD101822,2025-10-07,18,Female,Telangana,Books,357.18,4,0.0,Cash on Delivery,5,3.9,Regular,Returned,5,45.99,Normal,Yes,Mobile,15.1,527.26,2025,10,7,0,1428.72,0.0
ORD101823,2025-04-21,43,Female,Tamil Nadu,Beauty,738.85,1,0.0,Credit Card,5,3.4,Regular,Not Returned,3,89.42,Christmas,No,Mobile,11.4,853.4,2025,4,21,0,738.85,0.0
ORD101824,2025-11-16,26,Male,Maharashtra,Electronics,446.96,1,15.0,Credit Card,7,3.9,Silver,Not Returned,4,125.46,Diwali,No,Mobile,10.4,555.19,2025,11,16,1,446.96,67.044
ORD101825,2025-10-10,45,Female,Andhra Pradesh,Beauty,1406.3,1,15.0,Debit Card,1,4.9,Regular,Not Returned,7,75.33,Diwali,Yes,Mobile,11.7,1381.64,2025,10,10,0,1406.3,210.945
ORD101826,2025-11-26,60,Female,Karnataka,Beauty,1664.42,1,20.0,UPI,3,2.9,Gold,Not Returned,4,66.66,Normal,Yes,Desktop,22.6,1435.44,2025,11,26,0,1664.42,332.884
ORD101827,2025-02-08,33,Male,Rajasthan,Beauty,1417.76,2,15.0,Net Banking,3,2.9,Silver,Returned,3,108.5,Normal,Yes,Mobile,15.9,920.44,2025,2,8,1,2835.52,425.32800000000003
ORD101828,2025-12-26,43,Male,Rajasthan,Fashion,719.29,1,25.0,Debit Card,9,3.6,Regular,Not Returned,6,78.52,Normal,Yes,Tablet,10.2,632.28,2025,12,26,0,719.29,179.8225
ORD101829,2025-08-13,50,Female,West Bengal,Beauty,1408.85,1,10.0,Net Banking,9,4.0,Regular,Not Returned,2,120.83,Normal,No,Desktop,17.4,1405.75,2025,8,13,0,1408.85,140.885
ORD101830,2025-12-25,25,Female,Karnataka,Fashion,884.04,4,10.0,UPI,9,3.7,Regular,Not Returned,3,82.25,Eid,No,Mobile,17.1,3549.55,2025,12,25,0,3536.16,353.616
ORD101831,2025-05-10,60,Male,Andhra Pradesh,Beauty,572.62,3,30.0,Credit Card,2,4.4,Silver,Not Returned,4,50.97,Normal,Yes,Desktop,13.6,1281.97,2025,5,10,1,1717.8600000000001,515.3580000000001
ORD101832,2025-12-14,27,Female,West Bengal,Beauty,1943.67,3,0.0,Debit Card,3,4.8,Gold,Not Returned,1,139.72,Normal,Yes,Tablet,10.0,6351.14,2025,12,14,1,5831.01,0.0
ORD101833,2025-08-03,55,Male,Karnataka,Beauty,2042.22,1,20.0,UPI,4,4.2,Regular,Not Returned,1,133.3,Normal,No,Desktop,9.6,1775.49,2025,8,3,1,2042.22,408.444
ORD101834,2025-01-27,49,Male,Delhi,Sports,2223.55,4,0.0,Net Banking,1,4.4,Silver,Not Returned,2,56.56,Normal,Yes,Mobile,5.5,8697.98,2025,1,27,0,8894.2,0.0
ORD101835,2025-05-30,24,Male,Telangana,Books,808.07,2,10.0,Cash on Delivery,3,4.2,Regular,Not Returned,3,103.85,Normal,No,Mobile,13.1,1677.14,2025,5,30,0,1616.14,161.614
ORD101836,2025-02-20,52,Male,Gujarat,Sports,2582.89,2,5.0,Wallet,5,4.0,Gold,Returned,3,78.57,Normal,No,Desktop,8.3,1857.07,2025,2,20,0,5165.78,258.289
ORD101837,2025-12-10,27,Female,Kerala,Sports,870.66,1,15.0,Net Banking,9,3.1,Platinum,Not Returned,6,111.67,Eid,No,Desktop,9.4,1005.32,2025,12,10,0,870.66,130.599
ORD101838,2025-04-22,46,Female,Rajasthan,Books,1835.1,4,20.0,UPI,2,3.3,Silver,Not Returned,6,59.35,Normal,Yes,Mobile,15.7,6254.73,2025,4,22,0,7340.4,1468.08
ORD101839,2025-03-23,63,Female,Telangana,Fashion,860.9,2,0.0,Wallet,9,3.1,Regular,Not Returned,6,120.51,Normal,No,Mobile,22.1,1829.63,2025,3,23,1,1721.8,0.0
ORD101840,2025-07-21,62,Male,Maharashtra,Fashion,1037.42,3,5.0,UPI,9,3.9,Regular,Returned,1,131.82,Normal,No,Mobile,14.2,1161.56,2025,7,21,0,3112.26,155.613
ORD101841,2025-06-05,58,Female,Rajasthan,Beauty,248.72,2,10.0,Wallet,2,4.2,Platinum,Not Returned,3,56.84,Normal,No,Desktop,11.4,595.41,2025,6,5,0,497.44,49.744
ORD101842,2025-02-05,41,Female,Karnataka,Home & Kitchen,986.17,3,5.0,Net Banking,3,3.0,Regular,Returned,4,92.37,Normal,No,Desktop,11.9,1021.7,2025,2,5,0,2958.5099999999998,147.9255
ORD101843,2025-10-26,44,Female,Gujarat,Sports,1273.2,3,10.0,Net Banking,5,4.1,Silver,Not Returned,3,132.56,Christmas,Yes,Mobile,18.8,4195.22,2025,10,26,1,3819.6000000000004,381.96
ORD101844,2025-11-05,32,Female,Telangana,Electronics,919.24,4,30.0,Debit Card,10,3.4,Platinum,Not Returned,5,54.95,Normal,No,Mobile,14.3,2985.84,2025,11,5,0,3676.96,1103.088
ORD101845,2025-09-29,61,Female,Delhi,Electronics,3757.84,1,0.0,UPI,8,3.3,Gold,Not Returned,7,66.59,Normal,Yes,Tablet,13.2,3808.77,2025,9,29,0,3757.84,0.0
ORD101846,2025-08-14,40,Female,Tamil Nadu,Sports,563.67,1,10.0,UPI,10,3.6,Silver,Not Returned,3,113.16,Sankranti,No,Mobile,13.6,727.05,2025,8,14,0,563.67,56.367
ORD101847,2025-05-27,54,Female,Kerala,Sports,831.93,3,10.0,UPI,4,3.2,Regular,Not Returned,5,84.38,Normal,No,Desktop,3.4,2064.84,2025,5,27,0,2495.79,249.579
ORD101848,2025-07-17,34,Female,West Bengal,Fashion,666.41,2,10.0,Net Banking,10,4.4,Gold,Not Returned,7,34.87,Normal,No,Mobile,14.3,1042.11,2025,7,17,0,1332.82,133.28199999999998
ORD101849,2025-07-10,52,Male,Gujarat,Fashion,831.82,2,5.0,Cash on Delivery,10,3.9,Regular,Returned,5,78.79,Diwali,No,Mobile,6.7,653.46,2025,7,10,0,1663.64,83.182
ORD101850,2025-03-02,28,Male,Maharashtra,Beauty,2346.07,3,20.0,Credit Card,6,4.6,Gold,Returned,10,151.13,Normal,Yes,Mobile,14.4,2222.87,2025,3,2,1,7038.210000000001,1407.642
ORD101851,2025-01-30,52,Male,Telangana,Home & Kitchen,3136.3,2,15.0,UPI,2,3.7,Regular,Not Returned,6,162.2,Normal,No,Mobile,7.6,5618.1,2025,1,30,0,6272.6,940.89
ORD101852,2025-04-03,20,Male,Karnataka,Fashion,760.95,3,20.0,UPI,3,3.7,Silver,Not Returned,2,67.7,Eid,Yes,Mobile,15.5,2282.52,2025,4,3,0,2282.8500000000004,456.57000000000005
ORD101853,2025-06-15,22,Male,West Bengal,Beauty,750.04,1,10.0,Credit Card,2,5.0,Gold,Not Returned,7,58.03,Holi,Yes,Mobile,11.1,845.87,2025,6,15,1,750.04,75.00399999999999
ORD101854,2025-02-28,34,Male,Tamil Nadu,Sports,565.63,4,10.0,Net Banking,9,2.9,Silver,Not Returned,6,73.97,Normal,No,Desktop,5.1,2010.34,2025,2,28,0,2262.52,226.252
ORD101855,2025-02-08,40,Female,Gujarat,Sports,2805.01,1,25.0,Wallet,4,4.9,Regular,Not Returned,5,153.07,Christmas,No,Tablet,10.3,2553.88,2025,2,8,1,2805.01,701.2525
ORD101856,2025-11-07,51,Male,Maharashtra,Sports,2486.74,2,20.0,Cash on Delivery,8,5.0,Regular,Not Returned,7,119.47,Normal,No,Desktop,25.2,3922.74,2025,11,7,0,4973.48,994.6959999999999
ORD101857,2025-05-17,34,Female,Karnataka,Beauty,1120.12,4,25.0,Wallet,3,4.5,Gold,Returned,3,141.24,Holi,Yes,Mobile,11.8,1396.02,2025,5,17,1,4480.48,1120.12
ORD101858,2025-08-02,18,Male,Delhi,Books,484.26,1,5.0,Debit Card,10,3.8,Silver,Not Returned,4,124.95,Normal,No,Mobile,13.0,611.68,2025,8,2,1,484.26,24.213
ORD101859,2025-07-11,33,Female,Karnataka,Fashion,513.24,1,30.0,Credit Card,8,5.0,Regular,Returned,4,43.82,Normal,Yes,Mobile,5.9,147.73,2025,7,11,0,513.24,153.972
ORD101860,2025-09-26,38,Male,Tamil Nadu,Electronics,1340.75,1,20.0,Net Banking,4,3.8,Gold,Not Returned,5,56.79,Diwali,No,Desktop,20.3,1279.04,2025,9,26,0,1340.75,268.15
ORD101861,2025-09-28,43,Male,Kerala,Electronics,1714.96,2,20.0,UPI,5,3.5,Gold,Not Returned,6,65.63,Normal,Yes,Mobile,16.9,2917.77,2025,9,28,1,3429.92,685.9839999999999
ORD101862,2025-04-19,48,Male,Delhi,Books,313.28,2,15.0,Wallet,1,3.7,Gold,Not Returned,5,71.73,Christmas,No,Desktop,13.1,651.41,2025,4,19,1,626.56,93.984
ORD101863,2025-11-06,29,Female,West Bengal,Beauty,973.82,1,30.0,Net Banking,2,3.6,Silver,Not Returned,4,66.26,Normal,No,Desktop,17.5,733.99,2025,11,6,0,973.82,292.146
ORD101864,2025-05-16,46,Male,Gujarat,Fashion,3435.68,4,10.0,UPI,10,3.3,Platinum,Not Returned,7,70.33,Eid,No,Mobile,13.5,16688.14,2025,5,16,0,13742.72,1374.272
ORD101865,2025-11-01,47,Female,Gujarat,Books,1041.79,1,20.0,Credit Card,9,4.8,Gold,Not Returned,3,112.42,Normal,No,Mobile,12.0,995.93,2025,11,1,1,1041.79,208.358
ORD101866,2025-05-28,54,Male,Delhi,Fashion,3160.05,2,15.0,Cash on Delivery,9,3.5,Regular,Not Returned,5,94.75,Normal,Yes,Desktop,8.4,5528.91,2025,5,28,0,6320.1,948.015
ORD101867,2025-02-10,42,Female,Tamil Nadu,Beauty,1829.79,2,20.0,Net Banking,7,4.0,Platinum,Not Returned,2,132.69,Normal,No,Desktop,9.8,3120.91,2025,2,10,0,3659.58,731.916
ORD101868,2025-10-05,56,Male,Tamil Nadu,Fashion,593.06,1,20.0,Credit Card,3,3.0,Silver,Not Returned,5,98.81,Normal,No,Mobile,9.2,681.26,2025,10,5,1,593.06,118.612
ORD101869,2025-01-12,28,Female,Maharashtra,Electronics,992.12,1,5.0,Net Banking,2,4.0,Gold,Not Returned,5,66.33,Diwali,Yes,Desktop,12.1,1105.56,2025,1,12,1,992.12,49.606
ORD101870,2025-10-09,51,Male,Gujarat,Fashion,1103.7,5,10.0,Debit Card,8,3.2,Gold,Not Returned,3,96.6,Diwali,No,Mobile,1.0,5438.56,2025,10,9,0,5518.5,551.85
ORD101871,2025-01-16,20,Male,Gujarat,Fashion,646.09,2,10.0,Net Banking,4,3.2,Silver,Not Returned,2,37.1,Holi,Yes,Tablet,18.2,1330.05,2025,1,16,0,1292.18,129.21800000000002
ORD101872,2025-03-17,22,Male,Telangana,Beauty,638.85,1,20.0,Debit Card,1,3.9,Regular,Not Returned,5,20.0,Normal,No,Mobile,23.7,502.64,2025,3,17,0,638.85,127.77
ORD101873,2025-08-09,58,Male,Delhi,Electronics,3195.43,3,20.0,Debit Card,1,4.7,Regular,Not Returned,7,112.51,Normal,No,Desktop,9.4,7951.95,2025,8,9,1,9586.289999999999,1917.2579999999998
ORD101874,2025-12-10,40,Male,Karnataka,Fashion,635.74,2,20.0,Debit Card,6,4.3,Regular,Not Returned,3,125.64,Normal,No,Mobile,19.0,1039.17,2025,12,10,0,1271.48,254.296
ORD101875,2025-05-30,47,Other,West Bengal,Beauty,2418.88,1,20.0,UPI,9,4.4,Silver,Not Returned,2,92.52,Diwali,No,Tablet,11.2,2409.41,2025,5,30,0,2418.88,483.77600000000007
ORD101876,2025-02-14,46,Male,Delhi,Home & Kitchen,903.58,3,15.0,Credit Card,4,3.9,Gold,Not Returned,7,76.3,Christmas,Yes,Desktop,8.4,2905.95,2025,2,14,0,2710.7400000000002,406.61100000000005
ORD101877,2025-03-27,50,Male,Rajasthan,Beauty,1180.17,2,5.0,Credit Card,10,3.8,Regular,Not Returned,4,43.03,Normal,No,Mobile,9.7,2269.08,2025,3,27,0,2360.34,118.01700000000001
ORD101878,2025-11-24,29,Female,Gujarat,Beauty,1728.96,1,15.0,Net Banking,4,4.6,Regular,Not Returned,4,130.84,Normal,No,Mobile,12.5,1441.48,2025,11,24,0,1728.96,259.344
ORD101879,2025-09-23,26,Male,Kerala,Books,813.23,4,25.0,Debit Card,8,3.6,Silver,Not Returned,6,107.24,Normal,No,Mobile,7.7,2495.49,2025,9,23,0,3252.92,813.23
ORD101880,2025-02-06,19,Male,Telangana,Books,1735.78,1,15.0,Debit Card,3,4.6,Regular,Not Returned,6,100.19,Normal,Yes,Desktop,15.6,1581.51,2025,2,6,0,1735.78,260.367
ORD101881,2025-05-21,58,Female,Karnataka,Fashion,317.32,1,25.0,Wallet,7,4.9,Regular,Not Returned,7,89.83,Normal,No,Desktop,8.9,303.61,2025,5,21,0,317.32,79.33
ORD101882,2025-04-07,28,Female,West Bengal,Sports,1597.01,1,30.0,Wallet,3,3.4,Regular,Not Returned,6,73.57,Normal,No,Mobile,5.6,1116.57,2025,4,7,0,1597.01,479.103
ORD101883,2025-03-06,45,Female,Karnataka,Beauty,241.18,3,10.0,Credit Card,8,3.5,Silver,Not Returned,5,51.04,Christmas,Yes,Mobile,11.9,830.34,2025,3,6,0,723.54,72.354
ORD101884,2025-11-05,39,Male,Andhra Pradesh,Beauty,1035.49,3,20.0,Debit Card,5,3.6,Silver,Not Returned,6,98.84,Normal,No,Desktop,7.8,2686.28,2025,11,5,0,3106.4700000000003,621.2940000000001
ORD101885,2025-08-14,25,Other,Tamil Nadu,Sports,2090.87,4,15.0,Debit Card,1,3.0,Gold,Not Returned,3,71.15,Normal,No,Desktop,10.0,7739.57,2025,8,14,0,8363.48,1254.522
ORD101886,2025-03-07,37,Male,Kerala,Electronics,1798.25,1,10.0,Wallet,3,3.7,Regular,Not Returned,4,75.16,Normal,No,Mobile,11.7,1747.18,2025,3,7,0,1798.25,179.825
ORD101887,2025-08-26,21,Other,Gujarat,Home & Kitchen,516.0,3,5.0,Net Banking,4,4.9,Regular,Not Returned,3,150.12,Normal,Yes,Desktop,4.0,1604.79,2025,8,26,0,1548.0,77.4
ORD101888,2025-05-31,26,Female,Rajasthan,Sports,561.04,2,5.0,Cash on Delivery,5,3.3,Gold,Returned,4,88.32,Sankranti,Yes,Mobile,20.8,465.2,2025,5,31,1,1122.08,56.104
ORD101889,2025-01-23,24,Female,Rajasthan,Books,766.96,1,5.0,Credit Card,3,4.9,Platinum,Not Returned,3,20.0,Christmas,No,Mobile,16.9,930.3,2025,1,23,0,766.96,38.348
ORD101890,2025-06-14,56,Male,Kerala,Electronics,1354.4,1,15.0,Debit Card,6,3.7,Regular,Not Returned,0,71.26,Normal,Yes,Tablet,8.2,1281.84,2025,6,14,1,1354.4,203.16
ORD101891,2025-03-09,44,Male,Kerala,Home & Kitchen,320.32,3,5.0,UPI,10,5.0,Gold,Not Returned,3,54.95,Normal,Yes,Desktop,11.9,1066.56,2025,3,9,1,960.96,48.048
ORD101892,2025-03-31,61,Female,West Bengal,Fashion,1189.73,1,10.0,Net Banking,8,3.5,Gold,Not Returned,4,85.13,Sankranti,No,Mobile,15.8,1452.79,2025,3,31,0,1189.73,118.973
ORD101893,2025-11-17,38,Female,Andhra Pradesh,Fashion,1469.25,2,15.0,Wallet,4,3.9,Gold,Not Returned,5,40.14,Sankranti,Yes,Mobile,13.3,2937.09,2025,11,17,0,2938.5,440.775
ORD101894,2025-09-17,27,Female,Kerala,Electronics,998.35,2,10.0,Net Banking,7,3.4,Regular,Not Returned,3,105.18,Sankranti,No,Mobile,23.3,1888.33,2025,9,17,0,1996.7,199.67
ORD101895,2025-02-18,46,Female,Maharashtra,Beauty,1688.4,1,20.0,Credit Card,10,3.5,Regular,Not Returned,7,79.64,Normal,No,Mobile,10.6,1523.76,2025,2,18,0,1688.4,337.68
ORD101896,2025-11-07,61,Female,Delhi,Sports,1387.83,5,10.0,Debit Card,3,4.9,Regular,Not Returned,8,73.35,Normal,No,Tablet,19.1,6225.67,2025,11,7,0,6939.15,693.915
ORD101897,2025-07-29,43,Male,West Bengal,Beauty,843.87,3,0.0,Wallet,3,4.3,Gold,Not Returned,2,95.24,Normal,Yes,Mobile,4.0,2681.09,2025,7,29,0,2531.61,0.0
ORD101898,2025-11-16,18,Male,Gujarat,Home & Kitchen,340.89,2,30.0,Debit Card,1,4.0,Gold,Not Returned,2,87.32,Normal,Yes,Mobile,4.9,629.9,2025,11,16,1,681.78,204.534
ORD101899,2025-09-30,32,Male,Gujarat,Sports,1308.71,3,20.0,Wallet,9,3.1,Regular,Not Returned,12,85.29,Eid,No,Desktop,22.1,3561.8,2025,9,30,0,3926.13,785.2260000000001
ORD101900,2025-05-04,61,Male,Gujarat,Beauty,645.86,2,15.0,Cash on Delivery,9,4.5,Regular,Not Returned,4,82.15,Normal,No,Mobile,9.4,1089.57,2025,5,4,1,1291.72,193.75799999999998
ORD101901,2025-07-15,42,Male,Kerala,Books,823.99,3,20.0,Debit Card,5,3.3,Regular,Not Returned,3,89.29,Normal,No,Mobile,11.8,2150.03,2025,7,15,0,2471.9700000000003,494.39400000000006
ORD101902,2025-07-13,62,Female,Tamil Nadu,Home & Kitchen,1638.45,1,5.0,Cash on Delivery,9,3.1,Silver,Not Returned,4,102.01,Normal,No,Mobile,11.7,1900.41,2025,7,13,1,1638.45,81.9225
ORD101903,2025-09-20,41,Female,Tamil Nadu,Fashion,3014.97,2,20.0,Credit Card,7,4.2,Gold,Not Returned,1,97.63,Normal,No,Mobile,19.6,5368.34,2025,9,20,1,6029.94,1205.9879999999998
ORD101904,2025-04-01,18,Female,Delhi,Home & Kitchen,1170.68,1,5.0,Debit Card,10,4.2,Regular,Not Returned,0,129.44,Eid,No,Mobile,7.4,1320.3,2025,4,1,0,1170.68,58.534000000000006
ORD101905,2025-05-02,59,Male,Gujarat,Beauty,1720.24,2,10.0,Credit Card,10,4.0,Silver,Not Returned,1,70.87,Normal,No,Mobile,11.7,2935.58,2025,5,2,0,3440.48,344.048
ORD101906,2025-03-31,53,Female,Tamil Nadu,Home & Kitchen,469.26,2,5.0,Net Banking,10,4.5,Silver,Not Returned,3,98.33,Normal,Yes,Tablet,1.0,1145.11,2025,3,31,0,938.52,46.926
ORD101907,2025-04-19,51,Female,West Bengal,Sports,1407.64,1,20.0,Cash on Delivery,4,4.6,Gold,Not Returned,7,175.61,Christmas,No,Desktop,9.2,1457.61,2025,4,19,1,1407.64,281.528
ORD101908,2025-02-28,63,Female,Rajasthan,Electronics,1154.17,5,5.0,Debit Card,7,5.0,Gold,Not Returned,8,88.57,Normal,Yes,Mobile,18.0,5457.27,2025,2,28,0,5770.85,288.5425
ORD101909,2025-01-14,27,Female,Gujarat,Beauty,2667.97,1,5.0,Net Banking,2,3.2,Regular,Not Returned,5,89.92,Normal,No,Mobile,7.3,2641.95,2025,1,14,0,2667.97,133.39849999999998
ORD101910,2025-12-10,60,Female,Tamil Nadu,Home & Kitchen,844.53,1,0.0,Debit Card,9,5.0,Silver,Not Returned,3,45.78,Normal,No,Desktop,4.4,972.49,2025,12,10,0,844.53,0.0
ORD101911,2025-01-28,28,Female,Rajasthan,Fashion,1025.58,1,20.0,Wallet,4,4.0,Gold,Not Returned,4,65.04,Normal,No,Mobile,7.3,1017.75,2025,1,28,0,1025.58,205.11599999999999
ORD101912,2025-11-21,63,Male,Tamil Nadu,Beauty,2388.23,2,10.0,Cash on Delivery,5,3.7,Platinum,Not Returned,2,86.28,Normal,Yes,Mobile,8.3,4713.22,2025,11,21,0,4776.46,477.64599999999996
ORD101913,2025-01-02,26,Female,Maharashtra,Sports,1130.32,1,15.0,Wallet,6,2.8,Silver,Not Returned,3,108.67,Diwali,No,Mobile,16.6,1182.61,2025,1,2,0,1130.32,169.548
ORD101914,2025-10-11,43,Male,West Bengal,Beauty,583.67,2,10.0,Wallet,8,3.0,Regular,Not Returned,8,112.72,Normal,No,Mobile,14.3,1163.35,2025,10,11,1,1167.34,116.734
ORD101915,2025-04-30,55,Male,Kerala,Electronics,6302.1,3,20.0,Credit Card,8,3.7,Silver,Not Returned,6,101.42,Diwali,No,Tablet,15.4,17930.37,2025,4,30,0,18906.300000000003,3781.2600000000007
ORD101916,2025-07-08,21,Male,Tamil Nadu,Electronics,595.26,1,5.0,Credit Card,10,5.0,Silver,Not Returned,3,118.14,Christmas,No,Mobile,12.2,787.53,2025,7,8,0,595.26,29.763
ORD101917,2025-04-14,21,Female,Andhra Pradesh,Home & Kitchen,1150.58,5,25.0,Wallet,8,4.0,Regular,Not Returned,2,55.02,Normal,No,Mobile,8.3,4440.65,2025,4,14,0,5752.9,1438.225
ORD101918,2025-06-29,57,Female,Karnataka,Sports,1503.31,1,10.0,Credit Card,8,3.6,Platinum,Not Returned,4,107.11,Normal,No,Desktop,7.3,1725.06,2025,6,29,1,1503.31,150.331
ORD101919,2025-06-14,20,Female,Gujarat,Fashion,1428.0,2,0.0,Net Banking,6,3.5,Regular,Not Returned,4,90.47,Normal,Yes,Desktop,11.8,2705.67,2025,6,14,1,2856.0,0.0
ORD101920,2025-07-13,46,Male,Delhi,Fashion,1060.76,1,5.0,Credit Card,5,3.1,Gold,Not Returned,4,94.37,Normal,No,Mobile,21.5,1209.02,2025,7,13,1,1060.76,53.038000000000004
ORD101921,2025-05-24,62,Male,Tamil Nadu,Books,1064.2,3,0.0,Wallet,10,4.6,Regular,Not Returned,2,77.32,Normal,No,Desktop,6.4,3313.4,2025,5,24,1,3192.6000000000004,0.0
ORD101922,2025-07-15,46,Female,Telangana,Electronics,1030.06,3,10.0,Net Banking,4,3.9,Regular,Not Returned,4,56.64,Normal,No,Desktop,5.9,2829.29,2025,7,15,0,3090.18,309.018
ORD101923,2025-10-29,40,Male,Delhi,Electronics,580.98,1,5.0,Cash on Delivery,7,5.0,Silver,Not Returned,5,47.47,Normal,No,Mobile,5.2,608.13,2025,10,29,0,580.98,29.049
ORD101924,2025-06-08,37,Female,Telangana,Electronics,4854.78,1,25.0,Debit Card,3,4.4,Silver,Not Returned,6,101.22,Normal,No,Desktop,17.0,3885.6,2025,6,8,1,4854.78,1213.695
ORD101925,2025-05-12,47,Male,Andhra Pradesh,Books,1040.11,1,15.0,Cash on Delivery,5,4.6,Gold,Not Returned,4,107.42,Normal,Yes,Desktop,11.7,1024.62,2025,5,12,0,1040.11,156.01649999999998
ORD101926,2025-02-18,44,Female,Maharashtra,Home & Kitchen,1768.84,1,5.0,Debit Card,4,3.8,Silver,Not Returned,3,85.47,Sankranti,No,Mobile,15.3,2285.79,2025,2,18,0,1768.84,88.442
ORD101927,2025-05-12,41,Female,Kerala,Electronics,965.41,5,10.0,Debit Card,3,3.2,Regular,Not Returned,4,89.48,Normal,Yes,Tablet,9.0,4795.35,2025,5,12,0,4827.05,482.705
ORD101928,2025-02-15,25,Female,Tamil Nadu,Fashion,952.87,2,5.0,Credit Card,9,3.4,Gold,Not Returned,6,64.79,Sankranti,Yes,Tablet,15.7,2309.13,2025,2,15,1,1905.74,95.287
ORD101929,2025-03-08,49,Male,Tamil Nadu,Books,892.51,2,5.0,UPI,8,3.0,Silver,Returned,5,107.61,Normal,No,Mobile,10.3,629.46,2025,3,8,1,1785.02,89.251
ORD101930,2025-12-14,52,Female,Tamil Nadu,Sports,438.2,5,10.0,Wallet,8,4.6,Regular,Not Returned,0,92.12,Normal,No,Mobile,2.7,1945.48,2025,12,14,1,2191.0,219.1
ORD101931,2025-02-02,51,Female,Karnataka,Fashion,1081.03,3,0.0,Net Banking,1,3.7,Gold,Not Returned,4,77.2,Diwali,No,Tablet,17.5,3788.13,2025,2,2,1,3243.09,0.0
ORD101932,2025-06-25,21,Female,Andhra Pradesh,Fashion,921.06,3,5.0,Debit Card,3,4.7,Regular,Not Returned,5,120.31,Normal,Yes,Mobile,11.8,2764.14,2025,6,25,0,2763.18,138.159
ORD101933,2025-11-01,51,Female,Andhra Pradesh,Electronics,2569.76,1,25.0,Net Banking,3,4.1,Regular,Not Returned,3,112.58,Sankranti,No,Mobile,10.1,2011.64,2025,11,1,1,2569.76,642.44
ORD101934,2025-12-14,52,Male,Karnataka,Sports,551.27,1,10.0,Cash on Delivery,8,3.8,Silver,Not Returned,6,36.24,Normal,No,Desktop,13.7,534.94,2025,12,14,1,551.27,55.126999999999995
ORD101935,2025-02-23,26,Female,Andhra Pradesh,Electronics,824.63,1,25.0,Cash on Delivery,9,3.2,Silver,Not Returned,1,91.72,Normal,No,Desktop,3.3,778.99,2025,2,23,1,824.63,206.1575
ORD101936,2025-03-01,57,Male,Karnataka,Fashion,669.21,1,5.0,UPI,4,4.2,Regular,Not Returned,2,90.905,Normal,Yes,Mobile,14.6,599.36,2025,3,1,1,669.21,33.4605
ORD101937,2025-05-16,42,Male,Kerala,Home & Kitchen,3064.75,1,20.0,Cash on Delivery,4,3.8,Gold,Not Returned,6,94.88,Normal,Yes,Mobile,8.4,2577.74,2025,5,16,0,3064.75,612.95
ORD101938,2025-07-22,40,Female,Andhra Pradesh,Beauty,681.95,1,10.0,UPI,6,4.6,Regular,Not Returned,0,20.0,Sankranti,No,Desktop,11.1,734.88,2025,7,22,0,681.95,68.195
ORD101939,2025-12-17,51,Female,Gujarat,Beauty,1729.47,1,5.0,Net Banking,10,3.5,Platinum,Not Returned,6,96.9,Normal,Yes,Tablet,18.8,1992.41,2025,12,17,0,1729.47,86.4735
ORD101940,2025-03-17,41,Male,Gujarat,Sports,2254.5,2,20.0,UPI,4,4.4,Regular,Not Returned,8,114.92,Normal,No,Mobile,15.9,3528.65,2025,3,17,0,4509.0,901.8
ORD101941,2025-03-02,43,Male,Kerala,Fashion,1091.27,1,0.0,Cash on Delivery,3,5.0,Regular,Not Returned,3,86.12,Normal,Yes,Mobile,10.9,1229.34,2025,3,2,1,1091.27,0.0
ORD101942,2025-04-03,32,Male,Gujarat,Home & Kitchen,490.36,1,10.0,Debit Card,6,4.2,Regular,Not Returned,0,49.23,Normal,No,Mobile,11.4,473.06,2025,4,3,0,490.36,49.036
ORD101943,2025-11-16,61,Male,West Bengal,Home & Kitchen,494.42,1,20.0,UPI,10,4.5,Regular,Not Returned,2,158.47,Normal,No,Mobile,1.0,546.16,2025,11,16,1,494.42,98.884
ORD101944,2025-01-11,63,Female,Andhra Pradesh,Electronics,2098.39,2,15.0,Debit Card,8,4.4,Regular,Returned,4,130.46,Diwali,No,Mobile,7.1,1302.23,2025,1,11,1,4196.78,629.5169999999999
ORD101945,2025-05-19,24,Male,Telangana,Sports,528.84,3,15.0,Credit Card,6,5.0,Gold,Not Returned,7,71.41,Diwali,No,Mobile,13.0,1642.56,2025,5,19,0,1586.52,237.97799999999998
ORD101946,2025-02-13,52,Female,Karnataka,Beauty,1548.27,3,10.0,Credit Card,8,4.3,Gold,Returned,5,80.86,Christmas,Yes,Mobile,7.4,1828.77,2025,2,13,0,4644.8099999999995,464.48099999999994
ORD101947,2025-02-27,19,Male,Gujarat,Home & Kitchen,1292.59,1,0.0,Wallet,1,4.5,Silver,Not Returned,1,20.66,Normal,No,Desktop,4.0,1313.89,2025,2,27,0,1292.59,0.0
ORD101948,2025-12-01,35,Male,West Bengal,Books,1533.35,1,30.0,Debit Card,8,4.0,Regular,Not Returned,3,106.57,Sankranti,No,Desktop,14.9,1323.66,2025,12,1,0,1533.35,460.005
ORD101949,2025-01-01,63,Female,Rajasthan,Fashion,1630.44,1,5.0,Debit Card,1,3.5,Gold,Not Returned,3,42.08,Christmas,No,Desktop,11.8,1833.05,2025,1,1,0,1630.44,81.522
ORD101950,2025-04-28,26,Male,Kerala,Books,654.05,1,5.0,UPI,4,3.2,Regular,Not Returned,5,113.32,Normal,No,Mobile,7.7,782.23,2025,4,28,0,654.05,32.7025
ORD101951,2025-12-01,35,Male,Maharashtra,Sports,636.5,2,5.0,Credit Card,4,4.9,Silver,Not Returned,4,125.91,Sankranti,Yes,Mobile,17.3,1444.08,2025,12,1,0,1273.0,63.65
ORD101952,2025-08-10,28,Female,Maharashtra,Fashion,1909.85,5,25.0,Debit Card,7,3.3,Silver,Not Returned,3,87.54,Normal,Yes,Mobile,16.3,8163.64,2025,8,10,1,9549.25,2387.3125
ORD101953,2025-01-27,52,Female,Andhra Pradesh,Sports,797.12,1,20.0,Net Banking,3,4.0,Regular,Not Returned,2,52.74,Normal,No,Mobile,6.1,718.67,2025,1,27,0,797.12,159.424
ORD101954,2025-06-19,39,Female,Maharashtra,Sports,200.83,1,10.0,UPI,3,4.3,Regular,Not Returned,5,133.72,Eid,No,Desktop,7.6,344.6,2025,6,19,0,200.83,20.083000000000002
ORD101955,2025-12-21,45,Male,Kerala,Home & Kitchen,1829.44,3,30.0,Wallet,9,4.6,Gold,Not Returned,2,90.08,Normal,Yes,Desktop,22.8,4277.95,2025,12,21,1,5488.32,1646.4959999999999
ORD101956,2025-05-27,62,Female,Tamil Nadu,Home & Kitchen,611.86,2,0.0,UPI,5,3.6,Regular,Not Returned,5,93.26,Christmas,No,Desktop,5.3,1382.66,2025,5,27,0,1223.72,0.0
ORD101957,2025-07-12,42,Other,Delhi,Books,1625.73,1,25.0,Cash on Delivery,8,3.4,Silver,Not Returned,0,57.4,Holi,Yes,Mobile,8.3,1375.09,2025,7,12,1,1625.73,406.4325
ORD101958,2025-07-14,52,Female,West Bengal,Electronics,2967.31,1,0.0,UPI,6,4.3,Platinum,Returned,0,96.76,Christmas,Yes,Desktop,23.8,1317.61,2025,7,14,0,2967.31,0.0
ORD101959,2025-08-30,22,Male,Karnataka,Electronics,1213.15,4,10.0,Net Banking,7,3.8,Regular,Not Returned,3,82.9,Diwali,No,Mobile,8.6,4460.57,2025,8,30,1,4852.6,485.26
ORD101960,2025-03-10,28,Male,Rajasthan,Beauty,2292.33,1,0.0,Net Banking,7,3.1,Regular,Not Returned,5,43.5,Diwali,No,Mobile,20.1,2431.62,2025,3,10,0,2292.33,0.0
ORD101961,2025-11-03,62,Male,Telangana,Books,1326.16,2,30.0,Wallet,7,5.0,Regular,Not Returned,3,136.9,Normal,Yes,Mobile,5.9,1881.42,2025,11,3,0,2652.32,795.696
ORD101962,2025-12-27,58,Male,Rajasthan,Beauty,3367.43,3,25.0,Wallet,10,3.4,Gold,Returned,2,151.57,Normal,No,Desktop,12.8,2993.54,2025,12,27,1,10102.289999999999,2525.5724999999998
ORD101963,2025-02-22,48,Female,Delhi,Electronics,601.67,1,15.0,Wallet,8,3.3,Regular,Not Returned,4,125.64,Christmas,No,Tablet,18.5,712.26,2025,2,22,1,601.67,90.25049999999999
ORD101964,2025-10-26,35,Male,Tamil Nadu,Beauty,1193.61,3,5.0,Cash on Delivery,4,3.8,Regular,Not Returned,3,120.41,Normal,No,Mobile,9.2,3790.13,2025,10,26,1,3580.83,179.0415
ORD101965,2025-10-26,27,Male,Gujarat,Fashion,1858.7,1,5.0,Wallet,2,4.9,Regular,Not Returned,2,151.78,Normal,No,Desktop,12.6,1879.04,2025,10,26,1,1858.7,92.935
ORD101966,2025-09-28,58,Male,Karnataka,Sports,1060.3,1,10.0,UPI,9,2.5,Platinum,Not Returned,1,53.34,Eid,No,Desktop,16.5,1159.73,2025,9,28,1,1060.3,106.03
ORD101967,2025-05-16,54,Female,Delhi,Beauty,2537.71,1,10.0,Cash on Delivery,4,4.8,Gold,Not Returned,3,52.92,Normal,Yes,Mobile,6.6,2280.01,2025,5,16,0,2537.71,253.771
ORD101968,2025-06-21,29,Male,Telangana,Home & Kitchen,906.19,5,0.0,Wallet,4,3.4,Silver,Not Returned,2,75.5,Holi,No,Mobile,25.4,5207.52,2025,6,21,1,4530.950000000001,0.0
ORD101969,2025-11-03,45,Male,Tamil Nadu,Beauty,4606.24,1,15.0,Debit Card,2,4.2,Platinum,Not Returned,6,100.42,Normal,Yes,Mobile,18.2,4874.55,2025,11,3,0,4606.24,690.9359999999999
ORD101970,2025-02-25,47,Male,Karnataka,Sports,4767.16,1,15.0,Wallet,6,3.5,Silver,Not Returned,6,79.76,Normal,Yes,Mobile,9.9,4236.75,2025,2,25,0,4767.16,715.074
ORD101971,2025-10-30,40,Female,Telangana,Sports,1441.48,4,25.0,Cash on Delivery,6,5.0,Platinum,Returned,3,54.3,Diwali,Yes,Mobile,10.6,1856.75,2025,10,30,0,5765.92,1441.48
ORD101972,2025-12-03,61,Male,Karnataka,Home & Kitchen,1718.6,1,10.0,Debit Card,9,4.1,Regular,Not Returned,3,90.2,Normal,Yes,Desktop,23.5,1636.33,2025,12,3,0,1718.6,171.86
ORD101973,2025-09-06,23,Female,Gujarat,Beauty,2603.63,4,10.0,Credit Card,8,3.5,Regular,Returned,5,86.7,Holi,No,Mobile,9.9,3630.29,2025,9,6,1,10414.52,1041.4520000000002
ORD101974,2025-05-05,30,Male,Gujarat,Electronics,554.68,2,15.0,UPI,8,3.8,Gold,Not Returned,2,119.45,Normal,No,Mobile,9.2,1204.78,2025,5,5,0,1109.36,166.40399999999997
ORD101975,2025-07-24,22,Male,Kerala,Home & Kitchen,511.46,2,5.0,Wallet,6,4.1,Regular,Not Returned,4,91.56,Normal,Yes,Desktop,18.9,1185.78,2025,7,24,0,1022.92,51.145999999999994
ORD101976,2025-01-19,50,Male,Telangana,Home & Kitchen,2715.55,3,15.0,Net Banking,9,4.1,Regular,Not Returned,5,23.34,Christmas,No,Desktop,3.6,7728.18,2025,1,19,1,8146.650000000001,1221.9975000000002
ORD101977,2025-12-07,48,Male,Tamil Nadu,Beauty,1433.92,3,20.0,Debit Card,10,4.3,Silver,Not Returned,5,103.49,Normal,No,Mobile,11.5,3774.86,2025,12,7,1,4301.76,860.3520000000001
ORD101978,2025-05-05,64,Male,Rajasthan,Books,1035.72,1,5.0,Wallet,9,4.0,Silver,Not Returned,1,145.36,Normal,Yes,Desktop,12.5,1146.47,2025,5,5,0,1035.72,51.786
ORD101979,2025-01-21,43,Female,Tamil Nadu,Books,1208.71,5,10.0,Credit Card,4,3.0,Regular,Not Returned,5,91.01,Normal,No,Mobile,7.8,5494.43,2025,1,21,0,6043.55,604.355
ORD101980,2025-10-17,25,Female,Telangana,Home & Kitchen,254.46,4,25.0,Net Banking,3,3.8,Regular,Not Returned,3,124.54,Eid,Yes,Desktop,2.6,951.97,2025,10,17,0,1017.84,254.46
ORD101981,2025-08-29,39,Male,Maharashtra,Beauty,1060.2,4,10.0,Debit Card,1,4.4,Regular,Not Returned,7,72.32,Christmas,Yes,Mobile,12.4,4107.89,2025,8,29,0,4240.8,424.08
ORD101982,2025-08-16,22,Male,Andhra Pradesh,Electronics,735.53,2,15.0,Cash on Delivery,10,3.5,Regular,Not Returned,4,109.8,Normal,No,Mobile,16.1,1370.61,2025,8,16,1,1471.06,220.659
ORD101983,2025-01-20,49,Female,Karnataka,Home & Kitchen,2179.44,2,20.0,UPI,8,4.5,Regular,Not Returned,5,63.94,Normal,No,Tablet,7.9,3684.18,2025,1,20,0,4358.88,871.7760000000001
ORD101984,2025-10-02,49,Male,West Bengal,Sports,2291.24,2,15.0,Cash on Delivery,10,4.0,Silver,Not Returned,3,81.37,Eid,Yes,Mobile,4.9,4440.3,2025,10,2,0,4582.48,687.372
ORD101985,2025-08-21,58,Male,Tamil Nadu,Sports,1745.71,1,0.0,Net Banking,8,3.8,Gold,Not Returned,0,81.65,Christmas,Yes,Mobile,19.5,2076.15,2025,8,21,0,1745.71,0.0
ORD101986,2025-10-17,33,Male,Delhi,Books,1551.73,2,20.0,Wallet,5,4.8,Regular,Not Returned,1,106.68,Normal,No,Mobile,15.2,2609.02,2025,10,17,0,3103.46,620.692
ORD101987,2025-10-29,32,Male,Maharashtra,Home & Kitchen,453.41,2,25.0,Debit Card,2,2.8,Regular,Not Returned,3,61.15,Diwali,No,Mobile,9.8,754.46,2025,10,29,0,906.82,226.705
ORD101988,2025-03-19,21,Male,Karnataka,Books,1761.63,2,0.0,UPI,1,3.5,Silver,Returned,4,38.73,Normal,No,Desktop,17.5,1345.99,2025,3,19,0,3523.26,0.0
ORD101989,2025-03-18,37,Other,Gujarat,Books,1806.57,1,5.0,UPI,8,4.9,Regular,Not Returned,3,90.905,Normal,No,Mobile,13.5,1777.51,2025,3,18,0,1806.57,90.3285
ORD101990,2025-12-04,40,Other,Kerala,Beauty,2695.8,2,15.0,UPI,4,5.0,Regular,Returned,2,105.14,Sankranti,No,Mobile,22.7,1649.26,2025,12,4,0,5391.6,808.74
ORD101991,2025-07-13,53,Other,Karnataka,Electronics,4754.82,2,15.0,Credit Card,4,5.0,Regular,Not Returned,4,93.94,Diwali,No,Desktop,16.0,9075.97,2025,7,13,1,9509.64,1426.4459999999997
ORD101992,2025-06-09,53,Male,Tamil Nadu,Home & Kitchen,399.38,2,10.0,Net Banking,9,4.0,Silver,Not Returned,4,122.65,Normal,Yes,Mobile,3.7,893.38,2025,6,9,0,798.76,79.876
ORD101993,2025-04-15,24,Male,Rajasthan,Sports,932.22,5,15.0,Credit Card,5,4.3,Regular,Not Returned,7,82.91,Holi,No,Mobile,8.0,4143.04,2025,4,15,0,4661.1,699.165
ORD101994,2025-08-22,31,Male,Telangana,Beauty,740.71,3,15.0,UPI,10,4.6,Regular,Not Returned,7,99.85,Normal,Yes,Mobile,8.3,2063.06,2025,8,22,0,2222.13,333.31950000000006
ORD101995,2025-10-03,42,Male,Rajasthan,Books,1342.39,1,10.0,UPI,6,4.9,Silver,Not Returned,0,77.75,Christmas,No,Desktop,13.9,1484.84,2025,10,3,0,1342.39,134.239
ORD101996,2025-01-01,33,Male,Maharashtra,Sports,1210.5,1,5.0,Debit Card,9,4.2,Gold,Not Returned,2,80.95,Normal,Yes,Mobile,10.2,1473.16,2025,1,1,0,1210.5,60.525
ORD101997,2025-07-21,19,Male,Rajasthan,Electronics,1030.63,3,0.0,Cash on Delivery,2,4.6,Silver,Returned,9,101.91,Eid,Yes,Mobile,5.2,1225.94,2025,7,21,0,3091.8900000000003,0.0
ORD101998,2025-12-29,57,Male,Karnataka,Books,2340.27,2,10.0,Credit Card,4,4.3,Platinum,Not Returned,5,169.33,Normal,No,Mobile,15.5,4891.62,2025,12,29,0,4680.54,468.05400000000003
ORD101999,2025-04-13,52,Male,Kerala,Home & Kitchen,586.49,3,25.0,Debit Card,2,4.4,Silver,Not Returned,5,115.98,Normal,No,Mobile,18.0,1424.82,2025,4,13,1,1759.47,439.8675
ORD102000,2025-04-13,42,Male,Gujarat,Sports,609.93,1,15.0,Credit Card,1,3.4,Regular,Not Returned,9,109.2,Diwali,No,Desktop,11.4,697.93,2025,4,13,1,609.93,91.48949999999999
