Participant_ID,Age,Gender,Occupation,Daily_Screen_Time_Hours,Nighttime_Screen_Time_Hours,Social_Media_Hours,Exercise_Minutes_Day,Caffeine_Cups_Day,Alcohol_Drinks_Week,Stress_Level_1_10,Bedtime_Hour,Wake_Time_Hour,Sleep_Duration_Hours,Sleep_Quality_1_10,Sleep_Debt_Hours,Mood_Score_1_10,Productivity_Score_0_100,Work_or_Study_Hours,Sleep_Disorder_Risk
P0385,38,Female,Student,7.93,1.2,2.64,38,2,2,7,22.18,10.0,4.0,7,4.0,7,74,4.88,Yes
P1863,59,Male,Teacher,3.95,0.06,2.64,38,2,2,4,24.03,10.0,4.0,6,4.0,9,93,8.54,Yes
P0190,33,Male,Government,4.42,0.77,2.7,90,1,1,4,24.93,10.0,4.0,9,4.0,7,86,5.94,Yes
P0373,48,Female,IT Professional,5.77,1.43,3.06,33,2,2,6,24.07,10.0,4.0,7,4.0,6,74,5.94,Yes
P0858,39,Female,IT Professional,6.91,1.12,3.38,12,4,2,5,23.92,10.0,4.0,6,4.0,8,66,11.41,Yes
P1348,43,Male,Business,4.57,0.9,0.59,26,3,1,3,23.87,10.0,4.0,5,4.0,8,68,7.49,Yes
P0992,37,Female,Healthcare,6.22,1.8,3.39,1,2,2,6,24.29,10.0,4.0,5,4.0,7,76,5.8,Yes
P0526,38,Female,Other,5.0,1.29,1.24,67,1,3,5,22.96,10.0,4.0,7,4.0,7,67,4.43,Yes
P0557,53,Male,Teacher,6.07,0.55,2.62,67,2,1,7,25.37,10.0,4.0,6,4.0,7,64,7.36,Yes
P0786,31,Male,Student,1.0,0.6,2.37,37,1,1,3,22.82,10.0,4.0,7,4.0,9,96,6.07,Yes
P1338,45,Male,Business,6.64,1.79,4.16,11,3,1,7,23.37,10.0,4.0,5,4.0,4,74,7.03,Yes
P0422,59,Male,Government,3.89,1.55,2.8,14,2,0,3,25.33,10.0,4.0,7,4.0,10,97,6.38,Yes
P1431,52,Male,Teacher,8.09,0.52,1.56,34,0,2,3,26.0,10.0,4.0,7,4.0,10,73,7.24,Yes
P0911,33,Female,IT Professional,4.93,0.33,3.76,87,2,5,6,22.98,10.0,4.0,7,4.0,9,76,3.47,Yes
P0976,54,Female,Business,6.27,2.04,1.24,32,1,0,6,25.08,10.0,4.0,5,4.0,6,65,7.08,Yes
P0109,NA,Female,IT Professional,5.26,1.47,2.16,56,3,0,4,22.73,10.0,4.0,8,4.0,10,82,7.97,Yes
P0236,58,Female,Healthcare,6.81,0.56,2.74,27,4,2,6,25.4,10.0,4.0,6,4.0,8,83,7.3,Yes
P0430,57,Female,Healthcare,4.59,0.88,3.21,21,2,0,4,23.15,10.0,4.0,8,4.0,8,82,6.29,Yes
P1305,39,Male,Student,6.14,1.92,3.26,22,2,1,3,23.79,10.0,4.0,7,4.0,8,67,6.91,Yes
P0307,50,Female,Teacher,7.8,1.72,2.0,55,2,2,4,26.0,10.0,4.0,8,4.0,9,83,10.27,Yes
P0257,57,Female,Student,2.76,0.19,1.95,48,1,0,4,22.47,10.0,4.0,7,4.0,8,69,7.3,Yes
P1178,53,Other,Student,6.52,1.54,2.16,157,1,4,4,23.97,10.0,4.0,8,4.0,8,100,6.2,Yes
P0734,23,Male,Government,6.3,1.15,3.0,24,3,1,6,22.5,10.0,4.0,8,4.0,6,58,8.52,Yes
P1256,32,Male,IT Professional,4.93,1.38,4.28,53,2,0,6,24.66,10.0,4.0,6,4.0,6,72,9.05,Yes
P0548,50,Female,Government,5.34,0.91,2.06,24,2,2,4,23.98,10.0,4.0,6,4.0,7,65,5.76,Yes
P1674,48,Female,Government,4.64,0.0,2.5,17,1,1,6,24.95,10.0,4.0,6,4.0,7,59,11.06,Yes
P1261,34,Other,Other,4.05,0.53,1.24,69,4,3,6,25.13,10.0,4.0,8,4.0,8,79,7.15,Yes
P0583,48,Female,IT Professional,6.12,0.76,2.29,113,2,1,5,22.18,10.0,4.0,8,4.0,8,92,6.97,Yes
P1781,31,Female,Government,4.61,0.89,1.38,100,2,1,1,24.03,10.0,4.0,8,4.0,10,84,6.79,Yes
P0818,38,Male,Government,4.58,1.98,2.86,33,1,2,4,23.09,10.0,4.0,6,4.0,7,81,10.14,Yes
P0684,49,Male,IT Professional,3.1,0.39,2.99,76,2,1,5,23.41,10.0,4.0,8,4.0,9,95,6.08,Yes
P0240,46,Male,IT Professional,2.42,0.0,1.62,124,3,1,1,21.55,10.0,4.0,9,4.0,9,92,8.46,Yes
P1582,41,Female,Business,8.33,1.38,0.97,14,5,3,5,23.25,10.0,4.0,5,4.0,7,62,6.26,Yes
P0949,32,Male,Student,8.59,2.16,1.88,12,0,4,7,21.88,10.0,4.0,5,4.0,7,58,6.67,Yes
P0801,45,Male,Teacher,8.33,1.26,6.59,41,1,0,6,23.57,10.0,4.0,6,4.0,8,67,6.68,Yes
P1203,48,Male,Government,7.12,1.93,2.91,26,0,2,4,24.64,10.0,4.0,6,4.0,6,88,5.81,Yes
P0821,29,Male,IT Professional,4.59,0.31,0.76,70,3,0,3,24.0,10.0,4.0,8,4.0,9,85,7.17,Yes
P0842,59,Female,Teacher,8.9,1.85,0.7,37,3,2,5,23.31,10.0,4.0,5,4.0,8,63,6.95,Yes
P0013,50,Male,IT professional,8.48,1.16,1.77,46,1,1,4,24.37,10.0,4.0,5,4.0,8,70,9.42,Yes
P1208,47,Male,Government,7.02,1.27,2.91,7,1,1,7,24.42,10.0,4.0,5,4.0,6,64,5.44,Yes
P1467,56,Male,Student,5.74,1.09,0.84,28,1,1,3,24.14,10.0,4.0,7,4.0,10,67,8.36,Yes
P1317,41,Male,IT Professional,3.72,0.59,0.0,15,2,2,6,22.91,10.0,4.0,5,4.0,6,73,10.29,Yes
P0565,41,Female,Government,6.22,1.3,1.81,81,3,1,7,23.64,10.0,4.0,6,4.0,8,55,10.93,Yes
P1726,38,Female,IT Professional,5.99,1.03,3.3,110,2,1,4,24.41,10.0,4.0,8,4.0,10,89,6.74,Yes
P1387,33,Female,Teacher,9.17,0.48,2.4,37,2,0,5,23.25,10.0,4.0,8,4.0,8,94,8.97,Yes
P0591,18,Male,Government,7.02,1.03,2.73,98,0,0,5,25.0,10.0,4.0,7,4.0,6,80,7.09,Yes
P0843,23,Female,Student,5.17,1.16,1.81,33,1,0,4,20.0,10.0,4.0,7,4.0,6,87,5.16,Yes
P0092,30,Male,IT Professional,5.44,0.89,4.99,90,N/A,1,1,23.84,10.0,4.0,7,4.0,9,72,9.22,Yes
P1415,19,Female,Student,6.08,2.3,3.08,59,2,0,4,23.21,10.0,4.0,6,4.0,6,88,9.17,Yes
P1534,28,Female,IT Professional,5.87,1.89,0.74,41,1,0,2,22.81,10.0,4.0,6,4.0,7,70,8.68,Yes
P0352,39,Female,Teacher,6.37,1.22,1.87,69,3,1,5,22.67,10.0,4.0,5,4.0,7,57,7.69,Yes
P1360,59,Female,Business,6.11,0.97,2.15,56,3,0,7,24.45,10.0,4.0,8,4.0,10,79,8.09,Yes
P0967,32,Female,Other,4.36,1.61,0.7,58,3,1,5,22.89,10.0,4.0,7,4.0,8,73,7.49,Yes
P1396,41,Female,Healthcare,7.0,1.54,0.47,15,2,2,7,23.19,10.0,4.0,4,4.0,4,43,5.68,Yes
P1579,26,Female,Healthcare,7.08,2.27,1.1,39,3,1,7,22.92,10.0,4.0,4,4.0,6,34,5.87,Yes
P1700,32,Female,Business,8.2,1.72,2.05,33,3,0,7,26.0,10.0,4.0,4,4.0,6,51,8.99,Yes
P0467,25,Female,Teacher,6.74,1.87,2.99,7,1,0,6,22.68,10.0,4.0,5,4.0,6,80,9.9,Yes
P1845,46,Male,Business,4.77,0.82,3.38,85,3,1,2,23.93,10.0,4.0,7,4.0,8,88,7.82,Yes
P0570,47,Female,IT Professional,5.18,0.69,3.05,11,2,3,7,22.78,10.0,4.0,6,4.0,6,55,6.32,Yes
P0523,37,Male,Business,6.68,1.27,1.28,86,3,2,6,24.32,10.0,4.0,5,4.0,5,65,9.32,Yes
P0044,29,Female,IT Professional,8.4,1.5,2.41,25,2,0,8,22.63,10.0,4.0,5,4.0,4,54,8.32,Yes
P1746,48,Other,Government,4.73,1.01,2.18,17,1,2,2,20.0,10.0,4.0,7,4.0,8,93,9.55,Yes
P1136,56,Male,Student,3.63,1.43,4.27,91,3,2,6,22.66,10.0,4.0,5,4.0,4,65,6.42,Yes
P0483,25,Male,Student,7.69,1.75,0.0,20,2,1,6,23.65,10.0,4.0,6,4.0,5,42,8.48,Yes
P1864,60,Male,Business,7.96,2.0,3.07,108,0,3,4,23.22,10.0,4.0,7,4.0,8,77,8.99,Yes
P0709,25,Male,IT Professional,9.3,3.3,3.81,11,0,2,6,25.81,10.0,4.0,5,4.0,6,61,7.99,Yes
P1685,36,Male,Business,10.87,2.79,4.43,89,2,2,5,23.38,10.0,4.0,5,4.0,8,68,6.68,Yes
P0779,33,Male,Business,7.18,1.35,5.11,110,2,0,2,22.83,10.0,4.0,8,4.0,10,67,8.81,Yes
P1319,31,Female,IT Professional,10.1,3.23,3.96,17,0,0,7,25.06,10.0,4.0,3,4.0,8,58,6.02,Yes
P1939,49,Female,Teacher,7.21,0.66,3.31,21,1,3,9,21.46,10.0,4.0,4,4.0,6,55,9.11,Yes
P1015,34,Male,Business,10.38,1.68,3.0,86,2,2,4,22.25,10.0,4.0,7,4.0,7,85,7.5,Yes
P1361,44,Male,Student,10.06,2.23,3.45,18,3,1,8,22.6,10.0,4.0,2,4.0,3,50,7.02,Yes
P0230,54,Female,Student,8.11,2.21,2.34,21,3,3,4,22.86,10.0,4.0,5,4.0,6,76,8.05,Yes
P0459,37,Female,Student,5.77,1.43,2.44,46,1,2,4,23.16,10.0,4.0,7,4.0,8,87,7.85,Yes
P1376,21,Female,Student,10.11,2.05,3.16,60,1,3,5,24.89,10.0,4.0,7,4.0,9,73,6.88,Yes
P1958,21,Female,Healthcare,8.13,1.21,4.41,144,1,2,5,23.96,10.0,4.0,9,4.0,7,84,8.7,Yes
P1354,51,Female,IT Professional,5.77,0.37,1.71,69,3,2,4,23.16,10.0,4.0,8,4.0,9,100,8.0,Yes
P1951,23,Female,Healthcare,6.06,1.84,1.44,15,2,1,3,23.15,10.0,4.0,5,4.0,7,75,8.84,Yes
P1629,52,Female,Healthcare,5.97,2.38,0.52,42,1,0,4,22.68,10.0,4.0,5,4.0,7,65,8.19,Yes
P1132,39,Male,Healthcare,11.81,2.92,2.54,66,1,0,8,22.53,10.0,4.0,5,4.0,7,57,10.26,Yes
P0586,35,Female,Other,7.79,0.86,2.16,59,2,0,5,22.34,10.0,4.0,7,4.0,9,84,6.24,Yes
P1392,48,Female,Government,7.1,0.28,3.06,51,3,2,5,26.0,10.0,4.0,6,4.0,7,66,10.06,Yes
P1804,26,Male,Healthcare,8.54,1.81,3.25,29,5,3,7,26.0,10.0,4.0,6,4.0,6,66,6.48,Yes
P0490,54,Female,Business,10.12,3.13,5.13,20,1,1,5,24.77,10.0,4.0,5,4.0,6,65,8.74,Yes
P1969,38,Male,Business,6.62,1.13,2.57,5,2,0,5,23.65,10.0,4.0,7,4.0,8,97,5.19,Yes
P1780,28,Female,Student,9.45,2.12,3.93,74,2,2,4,25.57,10.0,4.0,8,4.0,10,77,5.82,Yes
P0065,38,Female,Healthcare,7.99,2.5,2.98,18,2,1,6,23.33,10.0,4.0,5,4.0,8,60,5.39,Yes
P1246,19,Male,Student,4.18,0.9,1.3,32,2,1,3,24.8,10.0,4.0,7,4.0,9,70,7.38,Yes
P0389,43,Female,Government,10.71,3.87,1.78,180,3,2,6,23.79,10.0,4.0,4,4.0,6,78,5.55,Yes
P1028,22,Male,Government,3.38,1.02,0.49,105,1,1,3,22.82,10.0,4.0,7,4.0,7,72,5.38,Yes
P0567,27,Female,Government,5.23,0.43,4.32,70,0,1,6,23.54,10.0,4.0,8,4.0,9,90,6.6,Yes
P1294,43,Female,IT Professional,4.11,1.09,1.81,135,1,2,3,23.4,10.0,4.0,9,4.0,8,85,6.27,Yes
P1427,29,Male,Student,4.49,0.61,0.0,47,4,3,5,22.3,10.0,4.0,7,4.0,8,66,7.19,Yes
P1333,58,Male,Teacher,5.16,1.08,3.74,103,3,1,5,23.52,10.0,4.0,9,4.0,10,69,6.55,Yes
P1496,34,Male,Government,7.37,2.34,3.36,47,2,0,4,23.24,10.0,4.0,5,4.0,6,77,9.36,Yes
P2000,35,Male,IT Professional,5.84,1.17,1.56,16,4,3,8,23.83,10.0,4.0,6,4.0,6,58,11.63,Yes
P1199,56,Male,Business,4.87,0.65,3.08,20,1,2,3,21.15,10.0,4.0,9,4.0,8,81,4.74,Yes
P1056,32,Female,Healthcare,5.8,1.48,4.77,69,1,0,3,25.54,10.0,4.0,5,4.0,6,76,8.06,Yes
P0862,53,Female,IT Professional,5.57,1.98,4.13,36,2,2,9,25.26,10.0,4.0,4,4.0,6,53,7.26,Yes
P1190,59,Female,Student,8.02,1.02,3.83,19,3,2,8,25.29,10.0,4.0,6,4.0,7,58,5.58,Yes
P0904,42,Female,IT Professional,5.75,0.76,0.11,108,3,1,4,24.45,10.0,4.0,7,4.0,10,82,3.0,Yes
P0657,57,Female,Other,5.83,2.0,3.04,135,2,2,3,22.86,10.0,4.0,7,4.0,9,83,7.08,Yes
P0631,52,Male,Teacher,7.57,0.56,3.99,45,3,4,5,20.79,10.0,4.0,6,4.0,6,75,8.68,Yes
P0396,59,Female,IT Professional,6.61,0.29,3.42,14,3,4,5,24.48,10.0,4.0,5,4.0,9,72,7.6,Yes
P0438,31,Male,Teacher,3.94,0.84,4.22,53,2,0,6,23.76,10.0,4.0,5,4.0,9,67,6.18,Yes
P0867,24,Male,Student,3.12,0.37,2.5,78,1,1,5,24.58,10.0,4.0,8,4.0,7,67,6.61,Yes
P1684,22,Female,IT Professional,5.6,1.39,0.37,148,6,0,7,23.72,10.0,4.0,4,4.0,5,70,8.7,Yes
P1583,26,Female,Other,5.59,2.11,3.56,7,2,1,6,23.84,10.0,4.0,4,4.0,6,76,4.51,Yes
P0479,52,Female,Student,6.33,0.31,4.23,10,1,0,5,23.16,10.0,4.0,7,4.0,8,77,6.41,Yes
P1433,38,Female,Teacher,3.85,0.4,0.95,65,3,0,3,24.2,10.0,4.0,7,4.0,9,74,4.47,Yes
P0029,53,Female,Teacher,2.79,1.24,2.22,20,2,0,6,25.46,10.0,4.0,6,4.0,7,66,10.55,Yes
P1865,42,Male,Government,7.08,1.5,1.4,37,2,1,7,22.9,10.0,4.0,6,4.0,8,46,8.2,Yes
P0411,40,Male,Student,8.74,1.39,3.38,22,2,1,0,22.88,10.0,4.0,7,4.0,5,80,9.65,Yes
P0207,26,Male,Healthcare,5.25,0.18,2.7,58,2,0,4,24.18,10.0,4.0,6,4.0,8,63,7.12,Yes
P1625,41,Female,Student,6.49,1.23,0.9,71,0,2,2,21.95,10.0,4.0,8,4.0,8,62,7.43,Yes
P1687,60,Male,Teacher,2.25,0.27,2.78,37,3,0,6,22.69,10.0,4.0,8,4.0,10,98,6.14,Yes
P1866,59,Male,Teacher,8.91,2.99,3.26,66,3,1,5,22.74,10.0,4.0,6,4.0,8,67,7.03,Yes
P0736,39,Female,Other,6.46,0.87,3.21,26,3,1,6,23.76,10.0,4.0,7,4.0,8,62,7.01,Yes
P0434,20,Male,Healthcare,4.26,1.48,2.44,9,3,1,5,24.39,10.0,4.0,4,4.0,7,70,5.17,Yes
P0832,48,Male,Teacher,9.34,0.52,2.94,63,1,2,7,24.13,10.0,4.0,6,4.0,6,84,9.87,Yes
P1192,34,Female,IT Professional,4.81,1.65,2.98,4,4,3,7,24.73,10.0,4.0,6,4.0,7,65,7.53,Yes
P1380,37,Male,Government,6.1,1.82,3.27,13,2,3,5,24.0,10.0,4.0,6,4.0,6,64,4.14,Yes
P1744,60,Female,IT Professional,9.2,2.97,4.3,24,1,2,8,22.92,10.0,4.0,5,4.0,7,72,7.52,Yes
P0804,60,Male,Government,7.48,0.88,1.42,22,3,0,5,23.0,10.0,4.0,8,4.0,7,91,6.62,Yes
P0702,31,Female,IT Professional,4.55,1.04,3.85,124,2,1,4,22.94,10.0,4.0,9,4.0,8,88,11.19,Yes
P1078,37,Female,Business,4.47,1.94,4.22,47,1,1,3,22.84,10.0,4.0,6,4.0,9,65,7.24,Yes
P0428,57,Male,IT Professional,,0.4,2.04,21,0,1,2,21.5,10.0,4.0,6,4.0,8,64,7.58,Yes
P1989,18,Male,Other,6.8,2.48,3.27,69,3,2,2,23.27,10.0,4.0,6,4.0,5,79,8.32,Yes
P1476,50,Female,Healthcare,6.97,0.97,4.18,24,2,1,6,22.3,10.0,4.0,5,4.0,7,82,6.47,Yes
P0315,48,Male,Teacher,6.54,0.46,3.17,179,2,2,3,24.43,10.0,4.0,8,4.0,9,97,10.3,Yes
P0612,43,Male,Teacher,6.57,0.85,2.83,31,3,0,2,23.3,10.0,4.0,6,4.0,8,86,5.53,Yes
P0105,58,Female,Teacher,6.21,1.21,2.11,8,2,1,4,20.3,10.0,4.0,8,4.0,9,79,6.39,Yes
P0851,52,Female,IT Professional,5.23,2.22,3.39,86,3,2,6,23.2,10.0,4.0,8,4.0,8,86,7.79,Yes
P0823,47,Female,IT Professional,6.25,0.92,1.76,103,1,1,2,22.96,10.0,4.0,6,4.0,9,75,9.1,Yes
P0762,29,Male,Teacher,3.84,0.82,2.74,33,3,3,5,24.19,10.0,4.0,8,4.0,8,81,7.79,Yes
P0983,42,Female,Student,6.59,1.74,5.28,13,3,2,6,25.34,10.0,4.0,6,4.0,7,56,8.06,Yes
P0205,20,Male,Student,7.81,2.54,5.0,55,1,1,3,23.85,10.0,4.0,7,4.0,9,78,6.14,Yes
P1195,48,Female,Business,7.03,1.8,1.79,62,3,1,5,22.3,10.0,4.0,7,4.0,9,84,4.31,Yes
P1887,53,Male,IT Professional,4.82,2.35,2.62,17,0,2,5,24.02,10.0,4.0,5,4.0,7,67,6.23,Yes
P1038,23,Male,IT Professional,11.85,3.02,2.51,36,2,0,5,23.95,10.0,4.0,6,4.0,6,89,7.95,Yes
P0864,29,Female,IT Professional,7.62,1.19,1.76,23,1,2,7,23.57,10.0,4.0,5,4.0,8,85,7.07,Yes
P1234,32,Male,Business,3.52,1.41,0.82,35,1,1,1,22.71,10.0,4.0,8,4.0,10,100,9.15,Yes
P1449,20,Male,Healthcare,7.2,0.71,2.36,35,6,0,6,22.66,10.0,4.0,7,4.0,5,74,8.28,Yes
P0757,50,Female,Teacher,8.19,1.44,2.25,38,1,1,3,23.59,10.0,4.0,6,4.0,8,63,6.79,Yes
P0337,20,Female,Healthcare,8.17,1.33,1.58,102,4,0,4,25.53,10.0,4.0,7,4.0,9,77,4.96,Yes
P0451,18,Female,Healthcare,7.74,1.75,1.96,97,1,2,4,22.58,10.0,4.0,6,4.0,7,72,12.04,Yes
P1012,40,Female,IT Professional,2.61,0.8,4.1,40,1,2,1,20.22,10.0,4.0,9,4.0,9,100,6.66,Yes
P1006,54,Male,Government,3.76,1.1,1.79,100,4,1,5,22.97,10.0,4.0,7,4.0,9,79,5.66,Yes
P0327,18,Female,Healthcare,8.29,1.68,2.66,72,2,0,6,21.97,10.0,4.0,7,4.0,7,68,5.73,Yes
P0095,35,Female,Teacher,6.4,1.27,5.26,103,2,0,2,22.91,10.0,4.0,8,4.0,8,82,7.54,Yes
P0261,58,Male,Student,5.01,0.81,2.29,65,3,0,4,24.32,10.0,4.0,8,4.0,9,85,8.82,Yes
P0274,32,Male,Healthcare,3.79,0.57,1.78,34,3,2,4,22.13,10.0,4.0,7,4.0,6,99,5.33,Yes
P0183,23,Female,Healthcare,5.17,0.66,1.34,37,2,2,5,23.23,10.0,4.0,6,4.0,8,70,5.87,Yes
P1050,55,Female,IT Professional,6.89,2.66,3.82,24,0,3,6,22.83,10.0,4.0,6,4.0,8,81,10.94,Yes
P0871,42,Male,IT Professional,6.06,0.99,2.02,23,3,3,5,22.02,10.0,4.0,6,4.0,8,81,4.92,Yes
P1494,36,Male,Healthcare,8.67,1.19,1.81,46,2,3,5,23.04,10.0,4.0,6,4.0,7,84,9.88,Yes
P1274,29,Female,IT Professional,9.21,1.45,7.85,43,3,2,4,25.53,10.0,4.0,7,4.0,6,85,8.11,Yes
P0395,59,Female,Business,6.7,1.72,4.46,13,3,1,3,24.63,10.0,4.0,5,4.0,7,61,8.25,Yes
P1712,32,Female,IT Professional,9.1,2.03,3.1,47,3,2,8,24.86,10.0,4.0,6,4.0,8,64,9.03,Yes
P0310,55,Male,IT Professional,5.28,1.78,4.09,20,3,2,3,23.68,10.0,4.0,8,4.0,8,76,6.84,Yes
P0305,32,Female,Other,5.2,1.09,1.99,39,2,2,4,20.39,10.0,4.0,6,4.0,9,86,8.01,Yes
P0749,40,Female,Teacher,8.04,1.53,3.04,58,1,1,6,24.75,10.0,4.0,7,4.0,7,73,6.67,Yes
P1452,20,Female,Other,4.06,0.46,0.6,63,2,1,5,24.23,10.0,4.0,6,4.0,9,79,10.1,Yes
P0210,53,Male,Other,4.56,2.0,2.58,34,0,3,1,22.25,10.0,4.0,5,4.0,8,74,7.3,Yes
P1719,31,Female,Student,7.02,1.35,3.58,13,1,1,7,24.39,10.0,4.0,6,4.0,7,74,8.28,Yes
P0156,51,Female,Government,6.64,1.85,0.0,19,3,0,5,23.28,10.0,4.0,7,4.0,8,88,7.78,Yes
P0683,33,Female,IT Professional,4.27,1.23,3.41,104,3,1,5,23.83,10.0,4.0,8,4.0,8,76,9.5,Yes
P1271,44,Male,Student,3.96,0.74,0.22,4,1,4,3,21.84,10.0,4.0,5,4.0,6,80,7.37,Yes
P0111,37,Male,TEACHER,3.08,0.18,2.26,6,2,3,3,22.21,10.0,4.0,8,4.0,9,75,10.05,Yes
P0329,31,Male,IT Professional,5.31,0.76,2.63,13,2,3,5,21.86,10.0,4.0,6,4.0,8,86,7.49,Yes
P1307,38,Female,Student,5.13,1.13,0.6,49,4,2,7,25.57,10.0,4.0,6,4.0,7,65,6.63,Yes
P1285,50,Male,IT Professional,9.9,3.22,3.82,59,1,2,9,25.17,10.0,4.0,5,4.0,6,75,7.75,Yes
P1852,23,Male,Student,6.92,0.79,2.51,80,2,2,5,24.1,10.0,4.0,7,4.0,8,83,8.99,Yes
P1942,37,Female,Other,7.06,1.41,1.54,50,4,1,6,21.51,10.0,4.0,6,4.0,6,73,9.15,Yes
P1034,53,Female,IT Professional,8.85,2.75,3.19,19,2,1,6,22.86,10.0,4.0,2,4.0,5,51,8.3,Yes
P1669,43,Female,Teacher,9.55,0.7,2.21,4,3,2,8,24.74,10.0,4.0,6,4.0,8,62,5.83,Yes
P1149,37,Male,Business,7.46,2.09,2.82,38,0,2,5,22.95,10.0,4.0,3,4.0,6,55,6.73,Yes
P0616,39,Male,Government,7.8,1.89,4.66,31,2,1,6,24.09,10.0,4.0,4,4.0,8,54,10.01,Yes
P1787,26,Male,Teacher,3.19,0.0,3.09,16,3,0,1,24.9,10.0,4.0,8,4.0,9,86,6.2,Yes
P0051,33, female ,Healthcare,6.98,0.57,2.22,64,3,1,3,24.43,10.0,4.0,7,4.0,8,80,3.5,Yes
P1099,29,Female,Business,3.62,1.41,1.52,64,1,0,4,24.19,10.0,4.0,6,4.0,7,80,9.06,Yes
P1027,45,Female,Healthcare,4.02,1.04,0.19,26,1,4,4,22.36,10.0,4.0,6,4.0,9,82,7.06,Yes
P0712,45,Female,Healthcare,7.18,0.85,2.62,22,1,0,8,24.83,10.0,4.0,5,4.0,5,66,7.41,Yes
P1460,30,Female,Student,2.16,0.31,0.0,77,2,0,4,23.44,10.0,4.0,7,4.0,8,79,5.02,Yes
P1310,46,Female,Student,7.87,1.67,1.5,61,2,3,8,23.96,10.0,4.0,6,4.0,5,75,9.03,Yes
P0996,45,Female,IT Professional,4.61,0.49,5.28,71,1,3,2,22.27,10.0,4.0,9,4.0,9,96,6.97,Yes
P0747,37,Female,Teacher,6.95,1.0,0.74,78,2,3,5,24.03,10.0,4.0,6,4.0,8,62,7.43,Yes
P1794,53,Female,Other,8.59,0.6,3.93,24,1,2,9,23.54,10.0,4.0,6,4.0,6,64,8.48,Yes
P0735,60,Female,Government,6.13,0.73,0.26,68,2,1,4,23.77,10.0,4.0,6,4.0,9,71,4.36,Yes
P1280,37,Male,Other,7.69,1.1,1.62,16,2,0,7,25.78,10.0,4.0,5,4.0,7,66,7.31,Yes
P0441,47,Female,Teacher,6.87,0.8,3.01,18,1,3,9,22.06,10.0,4.0,5,4.0,7,63,5.13,Yes
P0132,26,Male,Government,4.01,0.79,2.83,47,2,0,3,24.66,10.0,4.0,7,4.0,10,89,6.81,Yes
P0328,58,Male,Business,NA,0.37,2.68,56,2,0,5,24.13,10.0,4.0,6,4.0,7,73,9.4,Yes
P0143,60,Female,Government,5.5,0.92,4.66,44,0,2,7,24.48,10.0,4.0,6,4.0,6,80,7.4,Yes
P1749,47,Male,Government,4.65,1.35,2.69,28,2,2,6,22.33,10.0,4.0,6,4.0,5,70,8.62,Yes
P0067,36,Male,Government,8.64,0.54,1.15,45 min,4,0,4,24.85,10.0,4.0,7,4.0,10,100,5.45,Yes
P0668,51,Male,Government,9.88,3.04,0.64,22,1,0,5,22.96,10.0,4.0,6,4.0,8,67,8.1,Yes
P1799,53,Male,Business,7.08,1.96,1.83,99,3,5,6,24.55,10.0,4.0,6,4.0,7,86,5.57,Yes
P1985,37,Female,Healthcare,6.25,1.75,3.76,10,2,0,6,24.53,10.0,4.0,5,4.0,6,77,8.39,Yes
P1073,55,Male,Government,7.35,1.73,1.64,63,0,0,6,24.27,10.0,4.0,5,4.0,8,59,6.48,Yes
P1906,55,Male,IT Professional,8.25,2.74,3.76,77,4,0,4,24.27,10.0,4.0,6,4.0,8,69,6.9,Yes
P0547,22,Female,Government,2.43,1.38,1.7,74,1,1,3,22.0,10.0,4.0,8,4.0,7,91,7.57,Yes
P1838,43,Female,Other,2.15,0.82,0.0,99,1,2,1,24.32,10.0,4.0,9,4.0,10,100,8.44,Yes
P1308,28,Male,Healthcare,5.17,0.38,1.11,57,0,0,3,24.23,10.0,4.0,5,4.0,7,98,7.75,Yes
P1175,32,Female,Student,6.79,2.2,4.54,22,0,0,5,22.5,10.0,4.0,4,4.0,6,70,7.87,Yes
P1973,56,Male,IT Professional,7.63,2.88,2.73,96,2,2,6,23.67,10.0,4.0,5,4.0,6,67,10.28,Yes
P1627,46,Female,Other,9.86,1.77,5.0,12,0,1,5,22.74,10.0,4.0,5,4.0,6,77,6.87,Yes
P0961,51,Female,Business,7.03,1.21,2.75,47,3,2,7,24.6,10.0,4.0,5,4.0,10,74,10.57,Yes
P1530,35,Male,Student,10.77,3.56,4.04,9,5,3,9,25.03,10.0,4.0,4,4.0,6,59,8.39,Yes
P1314,46,Female,Government,2.47,0.61,3.56,64,1,0,3,23.78,10.0,4.0,7,4.0,6,74,5.4,Yes
P1488,54,Female,Government,8.93,2.4,6.08,39,3,0,9,24.47,10.0,4.0,4,4.0,6,78,4.96,Yes
P1253,55,Female,Student,2.55,0.64,2.29,114,1,0,6,22.72,10.0,4.0,7,4.0,7,76,4.43,Yes
P0302,25,Female,Healthcare,8.94,2.73,2.21,87,3,2,5,24.82,10.0,4.0,5,4.0,9,87,6.81,Yes
P0815,51,Female,Student,7.74,1.3,1.86,35,2,3,6,24.36,10.0,4.0,4,4.0,5,65,6.1,Yes
P1165,33,Female,Healthcare,6.98,2.62,2.82,71,1,1,6,24.65,10.0,4.0,6,4.0,7,71,7.04,Yes
P0087,41,Male,Other,7.27,1.15,2.98,92,1,1,2,23.43,10.0,4.0,7,4.0,10,78,5.5,Yes
P0484,58,Female,Government,4.57,1.05,3.67,25,3,0,5,22.99,10.0,4.0,6,4.0,6,82,10.65,Yes
P0754,41,Female,IT Professional,1.0,1.01,2.84,132,2,1,3,23.07,10.0,4.0,10,4.0,10,99,7.7,Yes
P0357,50,Male,Other,8.39,0.73,5.96,77,2,1,6,24.1,10.0,4.0,8,4.0,9,99,3.77,Yes
P1406,44,Male,Teacher,5.35,1.17,5.09,15,0,0,3,21.37,10.0,4.0,7,4.0,7,79,10.11,Yes
P0222,27,Male,Teacher,7.8,0.76,4.46,5,4,1,7,23.16,10.0,4.0,5,4.0,5,74,8.37,Yes
P0562,31,Female,Student,9.89,3.43,2.7,55,3,2,7,24.4,10.0,4.0,4,4.0,5,69,6.46,Yes
P1592,52,Female,Student,9.06,0.82,3.22,108,1,0,7,24.34,10.0,4.0,8,4.0,8,86,6.08,Yes
P0776,35,Male,Student,7.86,2.57,2.33,30,3,5,5,25.39,10.0,4.0,6,4.0,7,91,8.44,Yes
P1194,28,Male,IT Professional,4.57,1.04,3.27,60,2,0,4,26.0,10.0,4.0,5,4.0,5,87,7.92,Yes
P1593,38,Female,Student,6.16,0.87,4.66,41,5,0,7,24.64,10.0,4.0,7,4.0,5,61,8.55,Yes
P1507,28,Male,Other,2.78,0.21,0.34,5,4,2,5,22.71,10.0,4.0,8,4.0,8,86,8.2,Yes
P0651,33,Female,IT Professional,12.11,2.2,2.61,36,1,1,7,23.67,10.0,4.0,5,4.0,6,72,8.85,Yes
P1450,38,Male,Teacher,6.54,1.47,1.26,45,4,1,6,23.91,10.0,4.0,6,4.0,6,73,7.98,Yes
P1782,33,Male,Government,7.46,2.4,3.93,167,1,3,4,23.72,10.0,4.0,8,4.0,8,84,7.02,Yes
P0450,26,Male,Business,4.58,1.39,3.1,111,3,3,5,21.14,10.0,4.0,7,4.0,8,79,5.66,Yes
P0595,23,Female,Healthcare,8.76,1.57,4.42,36,4,0,7,24.77,10.0,4.0,6,4.0,6,79,6.68,Yes
P0828,45,Female,Healthcare,4.88,1.57,2.28,5,1,0,4,23.81,10.0,4.0,6,4.0,6,72,5.72,Yes
P0115,47,Female,Government,5.56,1.39,2.55,53,1,0,5,23.07,10.0,4.0,6,4.0,7,76,6.87,Yes
P1130,26,Male,IT Professional,5.96,1.93,3.67,36,4,1,6,24.11,10.0,4.0,5,4.0,8,61,4.45,Yes
P1009,49,Female,Healthcare,6.7,1.25,2.72,7,2,1,5,21.69,10.0,4.0,5,4.0,7,74,7.32,Yes
P1691,53,Female,Healthcare,4.74,1.2,2.2,41,5,2,8,21.96,10.0,4.0,5,4.0,5,61,7.94,Yes
P0995,48,Female,Other,9.2,2.54,3.42,78,2,0,4,24.3,10.0,4.0,7,4.0,9,71,10.43,Yes
P0739,42,Female,Business,3.81,1.1,1.82,60,2,0,1,26.0,10.0,4.0,6,4.0,10,79,9.8,Yes
P0309,,Male,Student,8.43,2.7,3.21,15,1,0,3,21.44,10.0,4.0,3,4.0,6,66,7.55,Yes
P0104,33,Male,IT Professional,4.45,0.3,0.0,26,1,1,5,22.17,10.0,4.0,5,4.0,7,71,7.94,Yes
P1403,18,Female,IT Professional,6.24,1.41,4.84,17,2,0,8,21.9,10.0,4.0,5,4.0,6,53,12.85,Yes
P1680,59,Female,Student,8.12,0.5,1.86,56,3,4,8,21.5,10.0,4.0,6,4.0,6,67,7.69,Yes
P1585,38,Female,Business,3.91,0.43,2.0,50,4,1,5,23.41,10.0,4.0,6,4.0,8,69,8.23,Yes
P1915,53,Female,IT Professional,7.4,2.13,4.97,18,2,0,9,23.24,10.0,4.0,3,4.0,5,42,9.86,Yes
P0064,43,Female,Healthcare,7.81,1.61,2.69,29,2,1,6,22.64,10.0,4.0,5,4.0,7,64,6.93,Yes
P0267,53,Male,Student,9.21,1.97,2.66,74,1,1,5,21.7,10.0,4.0,6,4.0,8,76,5.38,Yes
P0648,50,Male,Student,7.72,2.65,2.65,57,0,1,2,25.11,10.0,4.0,6,4.0,9,78,8.54,Yes
P0278,19,Female,IT Professional,2.75,0.53,0.32,138,1,1,1,25.77,10.0,4.0,8,4.0,8,95,9.14,Yes
P0603,23,Female,Other,8.02,1.11,3.81,3,3,0,5,22.09,10.0,4.0,7,4.0,8,100,9.01,Yes
P1936,37,Female,Business,6.23,1.29,0.0,27,2,1,7,22.57,10.0,4.0,5,4.0,7,76,10.22,Yes
P1277,41,Female,Business,4.34,0.18,3.22,77,1,1,4,22.33,10.0,4.0,8,4.0,9,84,5.49,Yes
P0219,46,NA,IT Professional,8.68,1.94,3.6,47,4,2,5,24.59,10.0,4.0,6,4.0,8,75,9.01,Yes
P0926,22,Male,Other,10.29,2.45,1.34,36,1,1,8,23.71,10.0,4.0,5,4.0,6,66,10.33,Yes
P1216,22,Male,Healthcare,5.99,1.55,2.85,16,1,0,7,23.68,10.0,4.0,7,4.0,7,87,7.46,Yes
P0679,21,Female,IT Professional,10.12,1.19,5.12,42,4,2,6,23.96,10.0,4.0,5,4.0,7,86,8.83,Yes
P1016,35,Male,IT Professional,3.59,0.42,2.15,47,2,2,4,22.4,10.0,4.0,7,4.0,9,88,7.3,Yes
P1336,45,Male,Business,2.94,1.17,0.97,41,3,3,2,23.02,10.0,4.0,8,4.0,10,100,8.21,Yes
P1316,56,Female,Government,4.12,1.48,0.34,61,1,0,2,22.47,10.0,4.0,6,4.0,8,95,8.67,Yes
P0022,20,Male,Government,6.12,1.23,3.42,63,1,1,5,21.5,10.0,4.0,5,4.0,7,63,8.09,Yes
P1367,40,Female,Business,5.07,1.54,4.39,104,0,3,5,22.3,10.0,4.0,8,4.0,8,82,7.38,Yes
P1188,27,Female,Student,9.19,1.65,4.11,86,2,1,7,22.16,10.0,4.0,6,4.0,7,75,9.53,Yes
P0991,58,Male,Teacher,6.57,2.59,2.24,60,0,3,6,22.44,10.0,4.0,7,4.0,6,72,8.72,Yes
P0311,32,Male,IT Professional,5.5,1.9,0.0,84,3,0,5,22.9,10.0,4.0,7,4.0,6,60,7.14,Yes
P1743,24,Male,IT Professional,6.26,1.25,1.63,78,3,1,6,22.77,10.0,4.0,5,4.0,5,68,8.93,Yes
P0120,25,Female,Business,1.0,0.0,2.29,49,2,1,1,22.81,10.0,4.0,9,4.0,9,100,9.91,Yes
P1097,39,Male,Government,2.44,0.86,0.0,47,4,0,4,24.04,10.0,4.0,7,4.0,9,84,5.84,Yes
P1764,37,Female,Teacher,4.21,1.29,3.11,9,3,1,4,23.19,10.0,4.0,6,4.0,8,82,6.02,Yes
P0076,39,M,IT Professional,7.05,1.41,5.24,32,2,1,5,22.07,10.0,4.0,4,4.0,6,77,9.62,Yes
P0907,26,Female,Teacher,1.0,0.3,2.13,12,2,2,1,23.86,10.0,4.0,7,4.0,8,88,9.78,Yes
P0043,18,Female,Other,4.39,0.46,1.63,31,1,0,3,23.83,10.0,4.0,6,4.0,8,65,8.24,Yes
P0113,48,Other,Other,2.96,0.94,3.43,74,1,1,3,22.89,10.0,4.0,8,4.0,10,100,6.71,Yes
P1065,27,Female,Business,5.19,0.34,3.69,23,1,1,7,24.94,10.0,4.0,8,4.0,8,81,6.32,Yes
P1661,19,Male,IT Professional,3.65,0.66,4.17,139,1,3,1,22.77,10.0,4.0,10,4.0,10,99,9.25,Yes
P0718,29,Male,Teacher,6.35,1.53,2.19,31,1,2,7,23.22,10.0,4.0,5,4.0,7,83,7.79,Yes
P0227,58,Male,Business,5.38,1.65,2.33,41,4,0,6,22.82,10.0,4.0,7,4.0,7,73,7.48,Yes
P1109,35,Male,IT Professional,3.17,1.21,0.8,97,3,1,1,22.3,10.0,4.0,8,4.0,8,94,10.43,Yes
P1217,48,Male,Other,9.44,2.58,1.44,58,1,0,6,22.12,10.0,4.0,6,4.0,8,53,7.77,Yes
P0404,44,Female,Business,1.83,0.63,1.53,58,1,2,1,22.36,10.0,15,10,4.0,10,100,9.42,Yes
P1946,48,Male,IT Professional,7.39,0.6,5.31,54,4,1,8,23.87,10.0,4.0,6,4.0,7,76,8.82,Yes
P1537,42,Female,Government,7.82,1.56,3.6,52,4,0,10,21.23,10.0,4.0,5,4.0,6,51,4.52,Yes
P0733,29,Male,Teacher,10.7,3.55,1.03,32,2,0,7,24.64,10.0,4.0,6,4.0,6,71,6.91,Yes
P1295,41,Female,Healthcare,6.13,0.99,5.51,116,2,1,2,21.84,10.0,4.0,9,4.0,9,98,6.14,Yes
P1660,36,Male,Student,7.67,1.97,3.19,26,3,1,6,24.44,10.0,4.0,6,4.0,6,81,5.13,Yes
P0645,48,Male,Business,6.26,1.71,0.19,50,1,2,4,22.86,10.0,4.0,4,4.0,6,64,6.17,Yes
P0036,52,Female,IT Professional,8.01,2.79,2.67,27,0,1,3,26.0,10.0,4.0,4,4.0,8,66,7.61,Yes
P0262,35,Female,Government,5.22,1.32,1.78,4,6,1,3,23.19,10.0,4.0,9,4.0,9,100,5.26,Yes
P1649,46,Female,Healthcare,5.32,1.07,0.36,46,2,0,4,22.19,10.0,4.0,7,4.0,9,72,7.12,Yes
P1138,50,Female,Student,6.69,1.02,4.75,52,2,0,6,24.65,10.0,4.0,6,4.0,8,74,7.81,Yes
P1353,25,Male,IT Professional,8.11,2.05,4.38,31,5,2,10,24.38,10.0,4.0,6,4.0,6,81,5.54,Yes
P1189,47,Male,Teacher,3.61,0.16,4.7,22,2,0,2,23.98,10.0,4.0,9,4.0,10,85,6.81,Yes
P1124,54,Female,Student,5.55,0.0,3.31,51,3,0,7,22.66,10.0,4.0,7,4.0,7,74,7.2,Yes
P1821,35,Female,Business,9.54,1.47,1.1,26,2,1,7,24.6,10.0,4.0,6,4.0,9,54,9.81,Yes
P1170,44,Male,IT Professional,6.29,2.63,2.88,69,1,0,5,22.21,10.0,4.0,5,4.0,8,57,6.85,Yes
P0559,23,Male,Business,6.37,0.57,2.24,38,1,4,5,21.28,10.0,4.0,7,4.0,8,87,7.44,Yes
P1398,32,Female,IT Professional,2.84,0.79,0.28,79,1,1,5,23.25,10.0,4.0,5,4.0,6,81,6.52,Yes
P0149,41,Male,IT Professional,4.11,1.36,NA,25,3,1,5,22.95,10.0,4.0,5,4.0,7,71,8.66,Yes
P1341,27,Male,Other,8.26,2.92,2.43,8,3,1,8,23.74,10.0,4.0,3,4.0,5,60,7.82,Yes
P0936,19,Male,Student,9.91,1.77,0.0,128,1,1,7,24.23,10.0,4.0,6,4.0,6,84,7.77,Yes
P0654,51,Male,IT Professional,9.94,1.11,3.37,47,4,1,7,23.82,10.0,4.0,6,4.0,7,75,7.95,Yes
P1688,29,Female,Business,3.93,0.94,1.14,49,2,1,4,21.76,10.0,4.0,6,4.0,9,72,8.87,Yes
P1599,58,Male,Healthcare,9.28,0.74,1.48,51,2,1,2,26.0,10.0,4.0,8,4.0,10,71,11.54,Yes
P1606,53,Female,Other,8.7,1.78,3.18,63,1,0,5,23.35,10.0,4.0,7,4.0,7,75,5.1,Yes
P0148,32,Male,IT Professional,5.52,0.52,2.04,55,1,2,3,23.03,10.0,4.0,8,4.0,9,83,8.34,Yes
P1545,48,Male,IT Professional,8.98,1.59,0.0,68,1,1,5,25.24,10.0,4.0,7,4.0,7,84,8.38,Yes
P1464,53,Male,Teacher,3.95,0.56,2.21,76,3,0,3,22.26,10.0,4.0,7,4.0,7,75,6.9,Yes
P1689,52,Male,Government,11.79,0.88,4.06,42,1,1,7,25.09,10.0,4.0,5,4.0,6,69,7.0,Yes
P0116,56,Male,Teacher,3.94,0.48,2.06,65,1,2,6,24.5,10.0,4.0,7,4.0,8,81,8.32,Yes
P0919,21,Male,IT Professional,6.42,0.54,2.98,45,3,2,5,23.28,10.0,4.0,5,4.0,6,62,9.07,Yes
P1908,46,Female,Healthcare,7.81,2.44,2.02,90,2,0,2,22.73,10.0,4.0,7,4.0,9,83,9.17,Yes
P0088,32,Female,Other,5.86,1.56,2.92,65,3,2,3,23.52,10.0,4.0,6,4.0,7,80,9.59,Yes
P0798,50,Male,Business,4.57,1.45,1.65,125,2,1,5,21.77,10.0,4.0,7,4.0,9,86,5.9,Yes
P0785,49,Male,IT Professional,5.58,1.44,3.63,37,3,1,7,24.68,10.0,4.0,6,4.0,7,69,9.14,Yes
P1509,54,Female,Business,6.9,2.4,1.66,21,0,2,8,23.19,10.0,4.0,5,4.0,7,56,9.16,Yes
P1750,20,Female,IT Professional,8.92,2.27,2.5,67,0,1,3,24.52,10.0,4.0,8,4.0,8,87,5.11,Yes
P0121,56,Female,Other,12.03,1.88,6.31,90,3,1,9,22.55,10.0,4.0,4,4.0,6,60,6.49,Yes
P1725,20,Male,Student,7.66,2.15,4.2,19,5,1,6,23.49,10.0,4.0,5,4.0,4,71,5.89,Yes
P1182,20,Female,Student,4.28,0.64,0.0,27,2,1,4,24.09,10.0,4.0,5,4.0,5,62,8.91,Yes
P0032,51,Female,IT Professional,1.0,0.24,0.46,32,2 cups,2,3,22.27,10.0,4.0,9,4.0,9,89,7.66,Yes
P1328,35,Male,Healthcare,6.51,1.28,3.69,52,5,1,9,22.81,10.0,4.0,7,4.0,8,58,9.54,Yes
P0534,40,Male,Healthcare,6.99,1.01,3.97,74,1,2,4,23.88,10.0,4.0,6,4.0,6,79,9.46,Yes
P1644,20,Male,Student,7.39,0.68,1.63,58,0,3,6,23.0,10.0,4.0,8,4.0,7,77,8.1,Yes
P1200,30,Female,IT Professional,6.38,0.0,4.33,55,1,1,4,22.4,10.0,4.0,7,4.0,8,89,7.28,Yes
P1332,32,Male,IT Professional,5.22,1.11,1.49,58,0,0,4,23.6,10.0,4.0,6,4.0,8,92,7.38,Yes
P1107,20,Male,IT Professional,4.78,1.12,1.94,46,1,1,3,21.27,10.0,4.0,6,4.0,9,86,7.42,Yes
P0168,46,Female,Student,5.62,1.95,1.49,91,1,1,6,22.96,10.0,4.0,7,4.0,7,100,8.28,Yes
P0001,20,Male,Other,6.66,1.43,2.49,76,4,0,5,24.5,10.0,4.0,7,4.0,8,58,7.38,Yes
P1358,35,Male,IT Professional,9.27,1.69,0.84,41,3,2,6,23.48,10.0,4.0,6,4.0,8,64,6.33,Yes
P1437,28,Male,Healthcare,5.67,2.21,1.48,42,3,1,2,22.19,10.0,4.0,7,4.0,10,88,9.63,Yes
P0316,37,Female,Government,8.53,3.0,5.46,57,1,1,6,25.36,10.0,4.0,5,4.0,6,85,6.32,Yes
P1122,37,Female,Government,6.93,0.27,2.94,119,1,1,4,24.53,10.0,4.0,8,4.0,6,88,7.02,Yes
P0358,25,Female,IT Professional,8.1,1.29,0.93,16,4,2,5,24.42,10.0,4.0,5,4.0,7,81,9.02,Yes
P1117,43,Male,Other,1.11,0.66,3.53,22,2,2,5,23.64,10.0,4.0,6,4.0,7,78,9.64,Yes
P0625,56,Male,Teacher,9.17,2.83,3.92,47,2,4,6,22.08,10.0,4.0,6,4.0,8,63,9.37,Yes
P0536,18,Female,Business,9.85,2.01,4.41,26,1,2,7,23.86,10.0,4.0,4,4.0,7,57,6.14,Yes
P0062,19,Male,Other,8.66,2.72,3.09,107,1,2,4,20.66,10.0,4.0,6,4.0,9,82,8.02,Yes
P0566,47,Male,Student,4.08,0.95,3.03,55,3,1,7,24.44,10.0,4.0,5,4.0,8,88,6.74,Yes
P0277,55,Male,IT Professional,5.77,0.51,2.45,19,0,1,3,23.44,10.0,4.0,7,4.0,9,82,12.79,Yes
P1352,42,Male,IT Professional,7.03,1.33,3.4,24,2,1,7,23.53,10.0,4.0,4,4.0,6,47,9.77,Yes
P1755,44,Male,Teacher,4.21,0.0,0.0,59,2,1,3,23.25,10.0,4.0,7,4.0,9,89,8.73,Yes
P1904,53,Male,Student,7.77,1.14,3.79,50,2,2,4,23.45,10.0,4.0,8,4.0,6,82,8.69,Yes
P0499,39,Female,Student,7.47,1.29,1.47,41,2,1,8,23.01,10.0,4.0,4,4.0,5,71,9.16,Yes
P0977,34,Female,Teacher,4.96,1.35,4.95,84,1,0,6,21.82,10.0,4.0,6,4.0,9,77,8.37,Yes
P1944,29,Female,Government,3.27,1.16,0.81,57,3,1,5,24.76,10.0,4.0,5,4.0,7,43,5.93,Yes
P0185,20,Female,Government,8.01,1.93,2.91,58,2,0,5,21.58,10.0,4.0,6,4.0,7,69,5.04,Yes
P1949,37,Male,IT Professional,5.18,0.64,1.49,80,2,0,1,22.36,10.0,4.0,7,4.0,8,95,9.1,Yes
P0973,56,Male,Business,5.1,0.44,0.83,12,1,2,5,22.07,10.0,4.0,7,4.0,9,72,8.03,Yes
P0525,44,Other,IT Professional,4.01,1.44,0.83,67,1,0,7,21.99,10.0,4.0,6,4.0,6,56,5.74,Yes
P1414,33,Female,Business,4.61,0.57,1.64,28,4,1,5,22.76,10.0,4.0,8,4.0,9,76,5.48,Yes
P1888,44,Male,IT Professional,5.69,1.27,0.0,29,3,2,6,21.38,10.0,4.0,6,4.0,6,87,7.65,Yes
P0133,32,Male,Government,5.26,0.65,0.0,83,1,1,3,24.36,10.0,4.0,9,4.0,9,81,7.38,Yes
P0130,42,Male,Healthcare,5.75,1.28,4.03,103,1,1,5,22.54,10.0,4.0,6,4.0,6,75,6.71,Yes
P1237,30,Male,Student,5.66,1.35,2.37,66,1,0,7,23.88,10.0,4.0,6,4.0,8,71,5.94,Yes
P0835,34,Female,Other,10.05,2.69,3.85,36,1,1,8,26.0,10.0,4.0,5,4.0,6,48,7.29,Yes
P0713,41,Male,IT Professional,3.98,1.17,3.27,59,0,0,5,23.33,10.0,4.0,6,4.0,8,64,6.02,Yes
P0836,45,Female,IT Professional,6.22,1.76,2.83,59,3,0,5,23.66,10.0,4.0,5,4.0,8,68,11.11,Yes
P0861,32,Female,Student,10.71,3.16,3.6,27,1,0,6,24.09,10.0,4.0,6,4.0,7,72,9.87,Yes
P0055,44,Female,Teacher,4.17,0.69,2.75,38,2,4,3,22.41,10.0,4.0,6,4.0,7,85,10.28,Yes
P0382,46,Female,Other,3.84,0.74,3.06,47,2,1,4,25.71,10.0,4.0,7,4.0,9,72,9.78,Yes
P1745,51,Male,Government,5.28,0.73,0.23,92,1,2,4,23.43,10.0,4.0,6,4.0,5,69,9.02,Yes
P0652,55,Female,IT Professional,5.11,1.95,1.25,77,0,0,3,25.05,10.0,4.0,6,4.0,6,94,8.76,Yes
P1297,26,Female,Other,5.23,1.54,1.59,23,2,0,4,21.04,10.0,4.0,6,4.0,6,61,6.74,Yes
P0615,30,Female,Student,6.0,1.18,3.9,48,2,1,5,24.75,10.0,4.0,8,4.0,10,70,9.12,Yes
P1323,28,Female,Student,8.61,1.84,4.83,86,4,1,6,23.83,10.0,4.0,5,4.0,6,77,9.05,Yes
P0601,20,Female,IT Professional,4.44,2.24,3.21,63,2,1,4,22.88,10.0,4.0,7,4.0,9,66,8.25,Yes
P1058,58,Female,Student,5.8,1.76,1.67,134,5,1,4,23.34,10.0,4.0,8,4.0,7,86,6.62,Yes
P1608,43,Female,IT Professional,6.61,0.63,1.57,18,3,0,6,23.17,10.0,4.0,6,4.0,7,74,6.52,Yes
P0383,26,Male,Government,4.7,2.32,1.83,30,1,1,6,22.27,10.0,4.0,5,4.0,7,59,7.75,Yes
P1001,59,Male,Student,5.46,1.68,0.66,80,3,0,4,25.71,10.0,4.0,6,4.0,9,91,9.77,Yes
P1558,41,Female,Student,7.3,0.93,5.22,31,2,1,6,22.2,10.0,4.0,6,4.0,6,65,4.92,Yes
P0681,53,Female,IT Professional,5.1,2.12,1.15,101,4,1,5,23.43,10.0,4.0,8,4.0,7,83,7.99,Yes
P0271,57,Male,Student,7.41,0.5,3.92,110,4,1,5,24.37,10.0,4.0,6,4.0,8,79,8.02,Yes
P0690,42,Female,Student,5.4,0.65,2.86,86,5,1,3,24.13,10.0,4.0,8,4.0,8,83,4.8,Yes
P1723,48,Female,Teacher,3.8,0.68,4.86,49,1,0,2,23.27,10.0,4.0,6,4.0,7,94,8.18,Yes
P1658,38,Male,Other,8.57,2.18,2.35,136,1,3,4,21.12,10.0,4.0,5,4.0,7,79,9.02,Yes
P0019,34,,Student,6.51,1.15,2.14,31,2,1,3,22.54,10.0,4.0,6,4.0,8,67,10.15,Yes
P1945,53,Female,Business,5.46,1.8,5.23,79,1,1,6,24.03,10.0,4.0,5,4.0,8,54,8.68,Yes
P0344,21,Female,Student,3.43,0.74,3.65,59,0,1,4,23.72,10.0,4.0,7,4.0,10,82,6.13,Yes
P0642,19,Female,IT Professional,3.89,1.49,0.0,22,5,2,6,23.89,10.0,4.0,6,4.0,4,73,8.89,Yes
P1657,57,Male,Student,5.45,2.04,2.01,41,1,0,4,22.94,10.0,4.0,6,4.0,8,66,4.61,Yes
P1825,33,Male,Teacher,8.41,1.37,4.2,25,2,0,9,25.02,10.0,4.0,6,4.0,5,72,9.21,Yes
P1639,18,Male,IT Professional,7.17,2.42,5.28,30,2,0,7,24.32,10.0,4.0,6,4.0,6,66,10.59,Yes
P1760,50,Male,Student,1.96,0.31,1.99,180,2,2,2,24.24,10.0,4.0,10,4.0,10,82,8.15,Yes
P0680,41,Male,Other,6.17,1.82,5.09,93,2,1,5,22.11,10.0,4.0,8,4.0,8,87,8.0,Yes
P1822,46,Male,Healthcare,4.46,0.91,0.37,34,1,1,5,23.11,10.0,4.0,6,4.0,7,72,9.2,Yes
P1375,25,Male,Student,9.37,2.51,3.25,9,1,0,9,22.4,10.0,4.0,5,4.0,8,61,7.17,Yes
P1785,26,Female,Other,8.72,0.62,4.78,5,1,1,7,25.02,10.0,4.0,7,4.0,8,65,4.73,Yes
P1168,22,Male,Government,7.32,1.85,1.95,81,2,2,4,23.81,10.0,4.0,6,4.0,8,89,8.63,Yes
P1019,41,Male,Government,6.67,1.17,1.65,134,1,1,5,23.23,10.0,4.0,7,4.0,8,91,8.93,Yes
P1737,24,Male,Government,6.67,1.2,4.28,48,0,1,4,23.06,10.0,4.0,5,4.0,7,72,5.15,Yes
P1273,40,Male,Business,6.55,2.24,4.06,28,2,2,4,23.98,10.0,4.0,7,4.0,7,87,8.8,Yes
P0157,55,Male,Business,7.4,1.14,5.43,18,5,0,7,24.61,10.0,4.0,5,4.0,6,58,10.21,Yes
P1441,54,Female,IT Professional,6.33,0.47,1.96,81,1,1,7,22.99,10.0,4.0,6,4.0,7,70,11.1,Yes
P0453,48,Male,Healthcare,2.77,0.97,1.68,121,2,1,4,23.19,10.0,4.0,6,4.0,5,70,8.05,Yes
P1350,39,Male,Healthcare,7.09,2.22,2.78,17,0,1,5,22.78,10.0,4.0,4,4.0,7,57,6.96,Yes
P1645,23,Male,Other,7.66,1.52,3.39,73,2,1,5,22.87,10.0,4.0,7,4.0,6,90,7.06,Yes
P1067,20,Female,IT Professional,3.6,1.1,4.7,48,2,1,2,23.04,10.0,4.0,7,4.0,8,65,8.61,Yes
P1521,51,Male,Business,3.62,1.56,3.77,52,3,5,2,21.69,10.0,4.0,8,4.0,5,74,5.95,Yes
P1702,21,Female,Other,8.14,1.64,5.39,17,2,1,8,23.47,10.0,4.0,4,4.0,5,48,6.62,Yes
P0320,25,Female,Healthcare,9.65,2.34,1.52,47,1,1,6,22.18,10.0,4.0,5,4.0,7,64,7.86,Yes
P0321,31,Female,Healthcare,8.15,0.89,3.11,13,0,1,5,22.94,10.0,4.0,6,4.0,7,77,6.1,Yes
P1270,44,Female,Healthcare,4.62,0.97,1.13,21,4,2,6,23.7,10.0,4.0,5,4.0,8,65,9.42,Yes
P1792,38,Male,Government,4.29,0.67,3.95,94,1,2,6,21.25,10.0,4.0,5,4.0,7,63,7.68,Yes
P1397,52,Female,Healthcare,6.26,1.31,1.88,67,3,3,6,24.53,10.0,4.0,7,4.0,6,84,6.41,Yes
P0211,21,Male,Student,5.57,0.65,2.42,113,2,3,6,23.9,10.0,4.0,6,4.0,5,73,4.98,Yes
P0253,60,Female,Teacher,6.83,1.38,4.37,33,2,0,5,25.01,10.0,4.0,7,4.0,7,82,6.14,Yes
P0298,34,Female,Healthcare,6.0,2.37,2.75,14,4,1,5,24.96,10.0,4.0,6,4.0,8,69,5.74,Yes
P1613,55,Female,Student,5.78,1.21,0.83,38,1,0,4,23.53,10.0,4.0,8,4.0,8,72,7.44,Yes
P1998,18,Female,IT Professional,8.4,2.29,2.59,41,2,3,9,23.11,10.0,4.0,5,4.0,7,58,6.87,Yes
P1288,19,Female,Teacher,10.27,0.59,5.04,34,2,1,8,22.31,10.0,4.0,6,4.0,8,61,5.77,Yes
P0658,40,Male,IT Professional,6.57,1.75,3.54,17,0,0,7,24.38,10.0,4.0,5,4.0,7,51,9.97,Yes
P0258,53,Female,Business,7.51,1.19,2.49,70,1,0,4,22.22,10.0,4.0,8,4.0,8,75,5.46,Yes
P1290,50,Female,Other,5.46,2.32,5.12,29,0,1,1,23.56,10.0,4.0,4,4.0,10,72,8.97,Yes
P1022,30,Female,Other,6.48,2.22,4.89,25,1,1,9,22.32,10.0,4.0,3,4.0,4,47,4.5,Yes
P1588,23,Female,Other,7.95,1.65,4.98,76,7,0,8,24.23,10.0,4.0,5,4.0,8,76,3.65,Yes
P0628,40,Female,Teacher,3.08,0.79,2.69,36,1,0,5,23.23,10.0,4.0,8,4.0,7,100,10.62,Yes
P1977,36,Male,Student,8.36,2.74,3.28,9,2,0,5,24.98,10.0,4.0,4,4.0,6,66,6.0,Yes
P0375,23,Male,Other,5.6,0.81,3.36,27,2,1,4,25.34,10.0,4.0,6,4.0,6,75,7.18,Yes
P0006,37,Male,Teacher,8.79,2.67,3.37,60,1,2,8,25.39,10.0,4.0,4,4.0,6,45,4.54,Yes
P0671,37,Male,Other,5.25,0.06,3.61,47,3,0,6,21.55,10.0,4.0,8,4.0,7,85,4.84,Yes
P1478,19,Female,Other,5.73,1.39,3.41,146,1,2,5,23.76,10.0,4.0,6,4.0,8,88,7.39,Yes
P1080,28,Female,Business,3.51,0.72,1.21,64,2,4,2,22.79,10.0,4.0,10,4.0,9,94,4.12,Yes
P1442,49,Male,Teacher,2.39,0.22,0.5,27,1,1,3,22.7,10.0,4.0,6,4.0,7,69,10.51,Yes
P1844,35,Female,Student,6.55,1.39,3.22,53,2,1,4,23.75,10.0,4.0,6,4.0,7,66,4.6,Yes
P0725,60,Male,Student,6.32,1.99,2.27,109,2,0,5,23.42,10.0,4.0,7,4.0,8,70,7.15,Yes
P1572,49,Female,IT Professional,8.79,1.94,4.75,42,4,1,4,20.75,10.0,4.0,6,4.0,8,80,7.12,Yes
P0617,51,Female,IT Professional,5.94,1.72,1.97,19,1,0,4,24.99,10.0,4.0,7,4.0,6,91,7.42,Yes
P0073,21,Female,Student,8.84,0.95,4.44,43,0,2,8,24.38,10.0,4.0,6,4.0,7,71,8.14,Yes
P1992,34,Female,Teacher,8.23,2.29,3.12,28,1,1,5,23.62,10.0,4.0,6,4.0,8,77,9.93,Yes
P1300,22,Female,Teacher,6.93,1.22,3.28,126,3,3,2,22.2,10.0,4.0,7,4.0,9,90,6.7,Yes
P1385,22,Male,Government,3.27,0.4,0.24,180,2,0,2,23.4,10.0,4.0,10,4.0,9,87,10.22,Yes
P1417,38,Female,Government,6.09,0.34,2.44,52,0,1,4,22.39,10.0,4.0,8,4.0,6,94,4.43,Yes
P1023,56,Female,Student,11.7,1.27,2.01,29,3,2,6,24.14,10.0,4.0,4,4.0,6,71,7.07,Yes
P1970,42,Female,IT Professional,3.52,1.0,2.68,92,1,3,2,21.23,10.0,4.0,8,4.0,8,100,8.23,Yes
P1929,34,Female,IT Professional,7.27,1.66,2.95,110,2,0,6,22.14,10.0,4.0,7,4.0,8,70,7.14,Yes
P0014,43,Male,Business,9.41,1.85,1.46,46,3,1,7,25.94,10.0,4.0,8,4.0,7,76,6.79,Yes
P1928,20,Female,Other,7.19,1.47,3.02,150,4,3,7,22.07,10.0,4.0,7,4.0,6,78,6.96,Yes
P1547,33,Male,IT Professional,4.48,0.75,2.29,147,0,0,2,23.95,10.0,4.0,9,4.0,8,92,5.84,Yes
P0369,37,Male,Teacher,4.34,0.1,2.68,36,2,2,1,22.28,10.0,4.0,6,4.0,5,78,5.69,Yes
P0155,23,Male,Student,6.53,0.0,2.37,31,4,0,7,24.94,10.0,4.0,5,4.0,9,78,4.9,Yes
P0319,44,Male,Healthcare,3.86,0.0,0.84,29,3,2,2,24.88,10.0,4.0,8,4.0,8,93,6.99,Yes
P1512,56,Male,Business,2.61,0.0,1.36,115,2,2,6,22.4,10.0,4.0,7,4.0,5,76,7.62,Yes
P1456,33,Male,Business,7.96,1.75,3.03,58,5,0,7,24.49,10.0,4.0,5,4.0,6,66,4.34,Yes
P1858,45,Female,Other,10.74,2.0,2.94,47,2,1,7,24.3,10.0,4.0,4,4.0,5,57,8.94,Yes
P1143,39,Female,IT Professional,6.2,2.69,1.26,97,4,2,3,24.26,10.0,4.0,6,4.0,8,95,8.79,Yes
P0780,56,Female,Government,7.71,2.46,5.64,72,3,0,8,21.31,10.0,4.0,5,4.0,7,59,6.2,Yes
P1618,60,Female,IT Professional,6.43,0.14,3.06,64,1,3,6,24.96,10.0,4.0,8,4.0,8,84,6.63,Yes
P0135,19,Male,Other,3.19,1.0,2.39,87,2,0,4,21.86,10.0,4.0,8,4.0,9,85,6.55,Yes
P1623,37,Other,Government,7.46,2.26,1.97,61,2,2,6,24.12,10.0,4.0,6,4.0,7,69,6.25,Yes
P1051,47,Male,Teacher,6.51,0.85,2.06,37,1,0,5,22.34,10.0,4.0,6,4.0,7,85,9.49,Yes
P1810,20,Male,Business,5.53,1.92,1.28,73,2,3,6,22.47,10.0,4.0,7,4.0,9,81,4.41,Yes
P1412,40,Female,Government,4.58,0.96,1.78,18,5,1,6,23.6,10.0,4.0,6,4.0,6,90,7.26,Yes
P1699,26,Male,Student,5.59,2.19,2.0,34,2,2,4,22.44,10.0,4.0,5,4.0,8,81,4.61,Yes
P1245,51,Female,Healthcare,9.96,2.63,1.34,27,1,1,8,24.75,10.0,4.0,5,4.0,7,84,10.08,Yes
P0016,32,Female,Student,3.39,0.33,0.53,63,1,0,3,21.21,10.0,4.0,7,4.0,7,94,5.15,Yes
P0638,45,Female,Student,10.11,2.53,1.5,25,1,1,7,24.3,10.0,4.0,4,4.0,3,65,11.99,Yes
P1110,50,Male,Government,4.6,0.87,3.34,60,1,0,5,22.86,10.0,4.0,7,4.0,9,87,7.46,Yes
P1401,55,Male,Teacher,9.26,0.59,2.98,17,7,2,8,24.18,10.0,4.0,5,4.0,9,64,6.9,Yes
P1756,21,Male,Healthcare,7.95,0.79,3.75,29,2,1,7,24.66,10.0,4.0,5,4.0,8,66,8.22,Yes
P0777,57,Male,Student,6.59,2.13,3.42,39,0,2,5,23.46,10.0,4.0,5,4.0,7,73,5.06,Yes
P1820,30,Male,IT Professional,3.42,0.27,0.0,36,1,0,4,21.64,10.0,4.0,5,4.0,5,71,6.67,Yes
P1617,38,Female,IT Professional,3.42,0.98,5.61,115,2,2,6,23.5,10.0,4.0,6,4.0,7,78,8.66,Yes
P0966,24,Female,Student,9.64,2.08,3.53,5,2,0,7,25.9,10.0,4.0,5,4.0,6,71,6.19,Yes
P1371,31,Male,Other,7.56,1.1,3.7,26,2,3,5,23.45,10.0,4.0,7,4.0,7,80,5.95,Yes
P0131,31,Male,Business,5.74,0.84,2.58,155,0,1,2,22.3,10.0,4.0,9,4.0,9,100,6.43,Yes
P0279,23,Female,Other,3.5,0.39,1.9,96,3,1,2,22.35,10.0,4.0,7,4.0,,78,6.65,Yes
P0614,22,Female,Other,3.29,0.21,1.55,28,3,3,4,22.54,10.0,4.0,7,4.0,9,77,6.8,Yes
P0544,24,Female,Other,2.91,0.56,3.27,40,0,2,4,22.12,10.0,4.0,7,4.0,8,66,9.95,Yes
P0765,47,Male,IT Professional,7.03,1.46,2.25,106,2,2,1,25.88,10.0,4.0,7,4.0,9,88,8.06,Yes
P0974,38,Female,IT Professional,4.68,0.71,2.0,34,3,1,5,23.26,10.0,4.0,7,4.0,9,69,11.16,Yes
P0250,57,Female,IT Professional,6.31,1.92,3.74,116,1,2,4,22.75,10.0,4.0,7,4.0,8,79,6.63,Yes
P0699,38,Female,Student,5.83,1.4,3.23,30,3,1,6,23.93,10.0,4.0,6,4.0,9,65,8.65,Yes
P1506,20,Female,Teacher,4.57,1.15,0.33,37,3,2,2,22.84,10.0,4.0,6,4.0,9,79,6.51,Yes
P0197,41,Female,Government,6.3,1.3,0.87,38,3,3,5,23.96,10.0,4.0,6,4.0,7,74,8.61,Yes
P0469,34,Male,Business,6.49,1.13,3.15,31,0,2,8,22.44,10.0,4.0,5,4.0,5,63,5.5,Yes
P0750,33,Female,Business,6.05,1.28,4.18,65,2,0,8,23.85,10.0,4.0,6,4.0,5,61,9.82,Yes
P1739,35,Female,Healthcare,6.68,2.39,1.86,11,3,0,8,23.55,10.0,4.0,4,4.0,5,52,9.14,Yes
P0934,22,Male,Healthcare,8.01,2.45,3.38,74,4,1,6,25.23,10.0,4.0,6,4.0,7,74,8.88,Yes
P1634,41,Male,Business,9.34,1.89,3.33,50,2,2,7,24.83,10.0,4.0,6,4.0,6,80,5.6,Yes
P1710,25,Female,Healthcare,8.0,2.81,1.44,74,3,1,5,23.54,10.0,4.0,6,4.0,8,73,7.33,Yes
P1870,51,Female,IT Professional,6.75,1.28,4.08,39,1,1,3,22.08,10.0,4.0,7,4.0,7,59,8.75,Yes
P0137,24,Female,Other,4.22,0.92,1.79,26,1,0,6,22.49,10.0,4.0,6,4.0,9,61,6.41,Yes
P0234,35,Male,Teacher,1.98,0.47,2.34,13,1,2,4,22.79,10.0,4.0,7,4.0,7,91,7.56,Yes
P0521,38,Male,Teacher,6.7,1.22,1.34,72,5,2,6,22.73,10.0,4.0,7,4.0,6,68,7.35,Yes
P1462,21,Female,Teacher,4.88,1.07,2.7,16,2,2,6,23.42,10.0,4.0,7,4.0,9,72,8.7,Yes
P1996,40,Male,Government,2.67,0.31,3.01,77,3,0,2,21.57,10.0,4.0,10,4.0,9,93,6.12,Yes
P1144,26,Female,IT Professional,6.39,2.02,3.82,60,1,0,3,23.74,10.0,4.0,5,4.0,10,69,7.93,Yes
P0204,35,Male,Teacher,7.81,1.6,4.17,119,0,1,6,22.96,10.0,4.0,6,4.0,6,96,8.53,Yes
P1049,56,Female,Government,5.09,1.59,3.44,121,2,3,3,23.33,10.0,4.0,8,4.0,8,90,10.53,Yes
P1486,26,Male,Government,3.07,0.61,2.36,99,3,2,1,22.61,10.0,4.0,8,4.0,6,100,8.37,Yes
P1666,60,Female,IT Professional,5.47,1.41,2.23,1,2,0,6,24.28,10.0,4.0,8,4.0,7,70,7.18,Yes
P0806,56,Female,IT Professional,6.95,2.51,2.41,29,5,2,5,22.59,10.0,4.0,5,4.0,4,78,7.46,Yes
P1210,28,Female,Student,7.03,1.9,3.81,54,0,1,4,22.89,10.0,4.0,7,4.0,7,85,3.56,Yes
P0946,49,Female,Government,3.9,0.4,4.28,116,1,1,6,24.01,10.0,4.0,9,4.0,7,86,7.28,Yes
P1225,27,Male,Business,7.35,1.58,3.78,36,3,2,3,23.62,10.0,4.0,7,4.0,8,80,5.99,Yes
P1388,31,Male,Student,4.96,0.06,2.58,36,5,1,4,23.71,10.0,4.0,9,4.0,9,73,9.68,Yes
P1841,20,Female,IT Professional,12.35,3.34,4.02,31,1,3,7,26.0,10.0,4.0,3,4.0,7,62,9.9,Yes
P1083,31,Female,IT Professional,6.4,1.42,2.58,28,1,0,3,21.27,10.0,4.0,6,4.0,9,87,3.96,Yes
P0555,49,Female,Healthcare,6.35,1.07,5.58,9,1,3,4,23.1,10.0,4.0,6,4.0,8,86,6.19,Yes
P0962,38,Female,Student,8.39,1.84,3.24,20,3,0,7,25.41,10.0,4.0,5,4.0,5,79,8.19,Yes
P1797,33,Male,IT Professional,8.74,0.48,3.93,112,4,2,9,25.02,10.0,4.0,4,4.0,6,61,4.27,Yes
P0554,38,Male,IT Professional,6.29,0.83,0.0,27,3,1,6,24.19,10.0,4.0,6,4.0,10,66,6.53,Yes
P0317,24,Male,Teacher,7.66,0.45,4.29,23,6,0,6,24.41,10.0,4.0,6,4.0,7,64,6.86,Yes
P0894,27,Male,Student,6.54,1.96,2.61,1,4,2,8,23.46,10.0,4.0,4,4.0,5,64,9.15,Yes
P0915,34,Male,Government,7.18,1.26,1.53,39,1,0,5,23.82,10.0,4.0,6,4.0,7,72,8.06,Yes
P0037,51,Male,Student,4.24,0.0,3.26,31,2,0,1,24.09,10.0,4.0,9,4.0,10,85,5.08,Yes
P1818,37,Female,Teacher,6.73,1.24,1.71,33,2,0,1,23.13,10.0,4.0,6,4.0,9,100,5.66,Yes
P1729,54,Female,Government,7.47,1.65,3.93,97,3,1,5,24.06,10.0,4.0,7,4.0,8,83,8.49,Yes
P1778,57,Female,Other,6.13,1.82,2.79,75,3,2,8,23.27,10.0,4.0,6,4.0,8,66,7.44,Yes
P1550,51,Male,Teacher,7.01,2.26,1.66,73,1,2,4,23.26,10.0,4.0,7,4.0,9,62,9.73,Yes
P1622,20,Female,Student,7.98,0.81,2.59,41,3,2,4,25.56,10.0,4.0,7,4.0,9,82,11.22,Yes
P0407,35,Female,Student,8.02,2.31,1.7,500,2,1,6,22.68,10.0,4.0,6,4.0,7,79,6.16,Yes
P0950,35,Male,Teacher,6.08,1.69,2.9,32,4,0,6,23.45,10.0,4.0,5,4.0,8,68,6.78,Yes
P1993,24,Male,IT Professional,11.07,3.57,4.51,44,1,1,7,25.24,10.0,4.0,4,4.0,5,74,6.92,Yes
P1643,31,Male,Teacher,9.65,1.33,4.71,16,2,1,8,24.21,10.0,4.0,5,4.0,8,46,3.6,Yes
P0959,56,Male,Other,2.62,1.0,3.04,5,2,1,8,23.6,10.0,4.0,6,4.0,6,70,8.08,Yes
P0513,55,Female,Healthcare,10.29,2.85,4.04,61,2,2,9,22.96,10.0,4.0,5,4.0,5,64,9.91,Yes
P0793,30,Male,Healthcare,9.2,3.11,2.55,73,2,2,6,23.23,10.0,4.0,5,4.0,7,73,8.65,Yes
P1446,19,Female,Student,5.85,1.54,3.99,27,0,1,4,22.1,10.0,4.0,6,4.0,8,72,4.41,Yes
P0892,54,Male,Other,7.85,1.92,1.67,48,0,1,8,22.9,10.0,4.0,5,4.0,5,67,7.3,Yes
P0981,18,Female,Healthcare,8.37,3.13,3.61,13,2,0,8,22.71,10.0,4.0,4,4.0,7,58,8.8,Yes
P0906,34,Female,Healthcare,4.92,1.19,1.28,0,1,3,4,20.71,10.0,4.0,7,4.0,7,69,9.31,Yes
P1701,24,Male,Business,9.16,1.84,3.41,92,5,2,2,25.19,10.0,4.0,8,4.0,10,90,6.58,Yes
P1420,45,Male,Student,2.8,0.05,0.45,11,0,2,4,22.51,10.0,4.0,7,4.0,9,84,7.08,Yes
P1556,56,Female,Government,5.48,0.55,3.66,77,2,0,4,22.8,10.0,4.0,8,4.0,9,72,9.84,Yes
P1479,53,Female,Government,7.23,1.37,2.69,71,0,0,6,22.59,10.0,4.0,6,4.0,7,87,8.59,Yes
P1976,25,Female,Student,4.29,1.28,4.77,61,1,2,2,23.2,10.0,4.0,8,4.0,7,100,9.03,Yes
P0464,25,Male,Business,7.8,1.84,5.27,23,3,5,7,25.28,10.0,4.0,5,4.0,6,62,7.8,Yes
P1047,19,Male,IT Professional,7.55,1.43,1.73,111,1,1,6,22.65,10.0,4.0,8,4.0,7,94,7.59,Yes
P0162,45,Male,IT Professional,8.16,1.37,1.76,32,2,1,5,23.73,10.0,4.0,6,4.0,5,73,7.16,Yes
P0989,60,Female,Teacher,4.6,1.09,0.89,95,2,2,2,22.48,10.0,4.0,6,4.0,9,87,6.86,Yes
P1001,59,Male,Student,5.46,1.68,0.66,80,3,0,4,25.71,10.0,4.0,6,4.0,9,91,9.77,Yes
P0703,42,Female,IT Professional,5.99,1.62,0.07,18,2,2,3,25.33,10.0,4.0,6,4.0,8,82,6.45,Yes
P0276,37,Female,IT Professional,6.99,1.95,3.47,115,2,4,9,24.12,10.0,4.0,6,4.0,9,77,8.24,Yes
P0380,19,Female,IT Professional,8.68,0.42,2.36,27,1,1,5,23.51,10.0,4.0,5,4.0,6,71,9.08,Yes
P1135,51,Male,IT Professional,8.79,0.68,1.89,88,2,1,5,23.29,10.0,4.0,6,4.0,9,75,6.39,Yes
P0070,59,Female,Government,8.56,1.74,4.01,11,2,0,6,22.4,10.0,4.0,4,4.0,6,62,9.53,Yes
P0264,43,Female,Healthcare,5.81,1.58,1.59,88,1,1,3,23.71,10.0,4.0,7,4.0,8,89,7.8,Yes
P0333,20,Female,Other,1.52,0.85,3.54,60,3,2,6,21.97,10.0,4.0,6,4.0,5,71,8.84,Yes
P1796,45,Female,Government,3.65,1.08,0.0,99,1,0,4,24.28,10.0,4.0,7,4.0,7,73,7.15,Yes
P0551,57,Male,IT Professional,5.66,0.97,2.23,29,3,2,7,25.74,10.0,4.0,5,4.0,5,78,7.19,Yes
P0151,21,Male,Teacher,5.53,0.41,3.82,57,0,1,5,23.86,10.0,4.0,7,4.0,5,84,6.46,Yes
P1228,54,Female,Business,6.13,1.51,3.68,32,3,3,7,22.12,10.0,4.0,5,4.0,5,54,7.84,Yes
P0077,43,Male,IT Professional,5.19,0.42,2.85,62,2,2,4,23.06,10.0,4.0,7,4.0,7,79,8.1,Yes
P0432,44,Male,IT Professional,4.29,1.53,3.88,67,1,1,6,22.75,10.0,4.0,3,4.0,6,49,6.9,Yes
P1091,29,Male,Government,6.46,1.01,5.33,78,4,0,4,23.34,10.0,4.0,7,4.0,8,74,6.72,Yes
P1254,27,Female,IT Professional,6.03,1.93,1.26,17,3,0,7,21.17,10.0,4.0,3,4.0,6,57,3.8,Yes
P1872,48,Male,Other,5.54,0.76,1.37,53,1,2,4,24.41,10.0,4.0,9,4.0,10,91,6.93,Yes
P0170,28,Female,IT Professional,6.13,1.31,3.98,15,3,2,8,20.66,10.0,4.0,4,4.0,6,56,10.05,Yes
P1432,26,Other,Student,7.65,0.91,3.38,132,1,2,5,21.76,10.0,4.0,9,4.0,8,97,8.16,Yes
P0810,43,Male,Student,5.6,1.15,0.0,54,3,1,5,22.13,10.0,4.0,7,4.0,6,73,8.22,Yes
P0186,55,Male,IT Professional,5.39,0.79,2.09,62,3,1,5,21.34,10.0,4.0,7,4.0,8,70,9.51,Yes
P0066,30,Male,IT Professional,9.35,2.66,5.16,32,1,1,5,25.39,10.0,4.0,5,4.0,7,60,7.33,Yes
P1909,21,Female,Student,3.1,0.54,2.12,41,1,2,6,21.19,10.0,4.0,8,4.0,10,64,8.64,Yes
P0473,60,Male,IT Professional,5.04,1.57,2.22,16,2,1,2,23.84,10.0,4.0,7,4.0,9,81,11.24,Yes
P0086,27,Female,Healthcare,6.48,1.97,3.63,128,3,1,6,23.24,10.0,4.0,6,4.0,6,97,5.72,Yes
P1003,22,Male,Teacher,6.25,1.98,5.66,30,4,1,7,22.91,10.0,4.0,4,4.0,6,64,6.06,Yes
P1260,42,Male,Business,3.67,1.8,0.92,20,3,0,6,23.18,10.0,4.0,5,4.0,7,70,7.74,Yes
P1897,57,Male,Government,5.49,1.12,2.44,9,2,1,3,24.37,10.0,4.0,8,4.0,8,79,7.66,Yes
P0167,44,Male,Student,3.61,0.93,2.98,none,1,1,2,23.01,10.0,4.0,7,4.0,9,82,3.99,Yes
P1487,23,Male,Student,4.83,0.78,2.03,12,6,2,8,24.13,10.0,4.0,6,4.0,7,60,9.76,Yes
P0500,26,Female,IT Professional,3.41,0.17,0.87,8,2,1,6,23.59,10.0,4.0,6,4.0,6,72,7.03,Yes
P0172,41,Male,Business,8.0,1.46,2.09,12,3,1,9,23.56,10.0,4.0,5,4.0,4,76,10.29,Yes
P0997,46,Female,Teacher,5.07,1.79,2.01,62,4,2,4,24.31,10.0,4.0,6,4.0,8,85,6.11,Yes
P0049,36,Female,Student,3.35,0.44,,57,1,0,2,24.42,10.0,4.0,7,4.0,10,90,7.38,Yes
P0606,36,Female,Student,4.78,0.99,1.84,40,1,0,6,22.5,10.0,4.0,6,4.0,9,68,8.34,Yes
P1060,20,Other,Teacher,1.79,0.16,0.0,35,2,0,4,23.18,10.0,4.0,7,4.0,7,93,7.36,Yes
P0098,53,Male,Other,1.57,0.57,1.85,100,1,1,5,21.89,10.0,4.0,7,4.0,10,66,12.1,Yes
P1875,46,Female,Student,2.45,0.45,3.11,45,1,2,5,23.27,10.0,4.0,8,4.0,8,84,9.07,Yes
P0876,46,Female,Business,3.87,0.29,0.0,32,2,2,6,23.02,10.0,4.0,6,4.0,7,64,6.78,Yes
P1482,39,Female,Student,2.5,1.18,0.04,23,3,1,3,22.68,10.0,4.0,6,4.0,10,59,10.85,Yes
P0174,45,Male,Teacher,6.36,1.41,3.35,72,0,0,2,24.15,10.0,4.0,6,4.0,6,84,6.34,Yes
P0727,57,Female,Healthcare,6.85,1.52,2.37,49,3,1,5,22.84,10.0,4.0,7,4.0,8,77,8.87,Yes
P1874,52,Female,Teacher,7.71,2.26,4.28,55,1,1,4,23.5,10.0,4.0,6,4.0,6,60,5.16,Yes
P0634,55,Male,Healthcare,5.64,0.58,2.99,90,3,0,7,24.93,10.0,4.0,7,4.0,8,84,8.73,Yes
P1128,60,Male,Government,8.79,1.7,4.12,10,1,2,3,25.11,10.0,4.0,5,4.0,7,87,9.24,Yes
P0928,18,Male,Student,3.9,0.62,0.99,43,5,1,5,24.44,10.0,4.0,7,4.0,6,75,7.04,Yes
P0335,50,Female,Teacher,8.67,2.96,3.91,37,4,3,6,23.41,10.0,4.0,5,4.0,7,66,8.12,Yes
P1772,26,Female,Student,2.96,0.93,1.6,9,2,0,3,22.47,10.0,4.0,6,4.0,10,84,8.59,Yes
P1292,31,Male,Other,11.65,4.0,1.92,124,0,0,6,25.57,10.0,4.0,5,4.0,6,74,3.83,Yes
P0760,32,Female,IT Professional,5.76,0.8,0.46,13,0,0,3,26.0,10.0,4.0,6,4.0,9,99,7.96,Yes
P1990,21,Male,Government,6.16,1.53,1.38,46,3,0,8,23.67,10.0,4.0,7,4.0,6,93,8.94,Yes
P1763,41,Male,Other,6.65,0.72,3.31,6,3,1,4,24.71,10.0,4.0,6,4.0,7,78,6.53,Yes
P1021,20,Female,Student,4.83,0.91,3.79,45,3,0,4,24.15,10.0,4.0,7,4.0,7,76,8.79,Yes
P1472,57,Male,Other,3.77,1.24,2.01,31,0,1,7,24.61,10.0,4.0,4,4.0,6,54,4.62,Yes
P1024,38,Male,Healthcare,6.56,0.96,2.15,52,0,1,5,22.15,10.0,4.0,5,4.0,6,67,6.7,Yes
P0957,60,Male,Other,4.52,1.05,1.72,14,2,2,7,23.63,10.0,4.0,8,4.0,6,73,6.56,Yes
P1393,31,Female,Student,3.94,1.38,2.25,40,0,1,4,23.19,10.0,4.0,6,4.0,7,67,9.08,Yes
P0701,33,Female,Business,5.69,2.01,0.0,23,0,2,6,23.35,10.0,4.0,4,4.0,7,58,4.64,Yes
P1339,57,Male,IT Professional,5.03,0.92,1.55,36,2,1,5,23.72,10.0,4.0,6,4.0,8,81,7.34,Yes
P1286,34,Male,Business,5.34,0.85,2.59,90,6,2,3,25.82,10.0,4.0,7,4.0,8,100,10.95,Yes
P0629,33,Female,Teacher,7.04,1.94,4.88,17,4,2,3,25.3,10.0,4.0,5,4.0,8,92,6.76,Yes
P1769,44,Female,Government,3.44,0.8,0.99,18,1,1,4,23.0,10.0,4.0,5,4.0,7,68,8.81,Yes
P1059,60,Male,Healthcare,4.87,1.4,1.21,17,1,2,8,24.76,10.0,4.0,5,4.0,6,68,5.11,Yes
P1840,22,Male,Healthcare,7.32,1.93,2.78,5,1,1,6,21.58,10.0,4.0,3,4.0,6,39,5.64,Yes
P1568,34,Male,Government,7.57,2.2,3.99,40,3,0,7,23.29,10.0,4.0,4,4.0,5,61,6.69,Yes
P1957,47,Male,IT Professional,4.79,0.84,1.54,28,1,1,4,23.4,10.0,4.0,7,4.0,9,64,8.41,Yes
P0458,42,Male,Government,10.71,3.06,1.43,72,1,2,3,22.86,10.0,4.0,8,4.0,9,71,11.32,Yes
P1484,33,Female,Student,8.23,2.33,3.23,116,1,2,7,22.29,10.0,4.0,7,4.0,7,87,7.56,Yes
P1466,47,Male,Student,9.19,1.98,1.4,38,4,0,5,26.0,10.0,4.0,3,4.0,6,80,5.36,Yes
P1819,59,Other,Business,3.83,0.83,2.03,110,1,0,1,24.35,10.0,4.0,8,4.0,7,100,7.05,Yes
P1362,19,Male,Other,8.38,0.68,4.38,31,2,1,7,24.28,10.0,4.0,7,4.0,9,80,6.51,Yes
P1663,57,Female,Student,3.03,0.6,0.02,6,2,3,4,21.76,10.0,4.0,6,4.0,9,92,9.92,Yes
P0173,43,Male,IT Professional,6.99,1.34,1.05,29,3,1,4,24.33,10.0,4.0,7,4.0,9,83,5.51,Yes
P0716,59,Male,IT Professional,5.68,0.52,1.99,58,2,1,4,23.85,10.0,4.0,7,4.0,7,66,10.09,Yes
P0883,18,Male,Teacher,8.27,1.97,3.02,96,3,1,6,21.69,10.0,4.0,6,4.0,6,73,7.98,Yes
P0743,34,Female,Business,2.59,0.3,3.8,82,1,3,2,22.64,10.0,4.0,8,4.0,7,100,8.46,Yes
P1235,43,Male,Healthcare,6.99,2.16,1.03,72,1,1,5,23.23,10.0,4.0,5,4.0,8,79,7.11,Yes
P1735,47,Male,Healthcare,5.96,1.36,2.66,42,4,2,4,23.83,10.0,4.0,7,4.0,8,100,4.94,Yes
P0879,55,Female,Government,8.59,2.83,3.48,36,2,1,8,24.26,10.0,4.0,3,4.0,5,48,3.0,Yes
P1961,31,Male,Government,6.91,0.24,3.51,41,1,2,6,22.86,10.0,4.0,7,4.0,7,75,7.48,Yes
P1331,56,Male,Business,2.93,0.38,0.44,16,2,1,4,22.17,10.0,4.0,6,4.0,6,82,8.6,Yes
P1930,47,Male,IT Professional,1.94,0.4,2.74,101,3,0,2,24.17,10.0,4.0,7,4.0,8,76,7.91,Yes
P0386,49,Male,Business,6.58,0.91,1.15,53,1,1,8,21.98,10.0,4.0,7,4.0,6,63,10.35,Yes
P1257,39,Female,Teacher,6.69,1.81,2.09,26,1,0,5,23.59,10.0,4.0,4,4.0,8,73,9.97,Yes
P0117,19,Female,IT Professional,9.53,2.97,3.2,19,2,1,10,25.44,10.0,4.0,3,4.0,7,40,9.72,Yes
P0788,22,Female,Teacher,3.78,1.03,1.81,24,3,0,4,22.9,10.0,4.0,7,4.0,7,91,6.18,Yes
P1377,23,Male,Student,6.67,1.18,3.07,18,2,3,7,23.34,10.0,4.0,5,4.0,5,81,6.76,Yes
P0656,56,Female,Student,8.65,1.33,2.64,66,2,1,7,26.0,10.0,4.0,6,4.0,5,69,7.04,Yes
P1668,31,Female,IT Professional,7.18,2.19,3.83,15,4,3,5,24.83,10.0,4.0,5,4.0,7,78,10.27,Yes
P1503,38,Male,IT Professional,7.15,1.51,3.86,67,0,1,6,22.48,10.0,4.0,6,4.0,9,68,10.19,Yes
P1374,30,Female,Student,4.79,0.5,1.32,60,0,1,4,23.82,10.0,4.0,7,4.0,9,85,6.89,Yes
P0692,29,Female,IT Professional,3.68,0.38,3.86,27,0,1,6,21.89,10.0,4.0,6,4.0,8,74,7.89,Yes
P1068,56,Male,Other,10.88,3.08,1.31,31,2,1,8,26.0,10.0,4.0,4,4.0,5,70,7.3,Yes
P0101,23,female,Teacher,7.72,2.6,2.57,42,2,0,4,22.21,10.0,4.0,5,4.0,8,66,8.33,Yes
P1457,41,Female,Teacher,6.93,2.52,3.74,27,4,2,9,24.63,10.0,4.0,2,4.0,4,42,8.27,Yes
P1789,57,Female,Business,5.68,1.34,5.42,96,2,2,4,20.54,10.0,4.0,8,4.0,9,69,7.3,Yes
P1172,38,Other,Student,4.16,1.81,3.34,50,2,0,6,23.22,10.0,4.0,4,4.0,5,85,6.47,Yes
P0152,35,Male,IT Professional,1.23,0.84,3.77,26,3,2,4,22.47,10.0,4.0,6,4.0,8,69,9.19,Yes
P1197,42,Male,Healthcare,2.81,1.03,0.04,91,2,0,2,24.57,10.0,4.0,7,4.0,9,91,6.52,Yes
P1405,56,Male,Student,3.61,1.28,0.82,48,1,4,4,20.87,10.0,4.0,6,4.0,9,73,6.56,Yes
P0268,37,Female,Student,3.69,1.08,1.4,73,0,2,2,23.76,10.0,4.0,6,4.0,7,81,7.8,Yes
P0189,27,Male,IT Professional,4.73,2.03,4.61,18,0,1,1,24.56,10.0,4.0,6,4.0,8,NA,6.17,Yes
P1638,33,Female,Student,2.64,0.81,2.73,15,3,0,3,23.12,10.0,4.0,6,4.0,9,76,4.76,Yes
P1932,26,Male,Student,5.65,1.91,0.34,29,1,0,6,23.0,10.0,4.0,7,4.0,6,80,9.93,Yes
P0283,31,Male,IT Professional,5.64,1.32,0.0,95,1,1,4,24.64,10.0,4.0,7,4.0,7,85,7.6,Yes
P0475,21,Female,Government,6.65,1.84,2.19,100,3,0,3,24.82,10.0,4.0,6,4.0,9,78,5.47,Yes
P1500,47,Male,Business,7.89,1.92,2.31,34,1,2,3,24.05,10.0,4.0,6,4.0,5,82,9.71,Yes
P1718,57,Male,IT Professional,4.13,0.65,1.07,114,1,0,1,23.9,10.0,4.0,8,4.0,8,94,8.03,Yes
P1795,48,Male,IT Professional,7.25,0.73,3.71,67,3,1,4,22.5,10.0,4.0,5,4.0,8,74,6.89,Yes
P0308,20,Female,IT Professional,5.31,1.61,1.76,51,1,2,4,21.89,10.0,4.0,5,4.0,6,63,5.87,Yes
P1289,57,Female,Government,2.4,1.17,3.33,122,3,1,3,24.79,10.0,4.0,8,4.0,10,82,9.48,Yes
P0918,52,Male,Student,5.23,1.44,4.75,48,3,0,3,23.14,10.0,4.0,5,4.0,7,77,10.27,Yes
P1005,54,Female,Student,6.99,1.07,1.22,58,0,2,6,24.72,10.0,4.0,7,4.0,8,69,4.18,Yes
P0085,24,Male,Student,7.29,1.67,3.08,37,3,1,3,22.65,10.0,4.0,6,4.0,7,62,8.39,Yes
P0349,60,Male,Healthcare,4.83,0.7,NA,15,2,0,5,22.19,10.0,4.0,7,4.0,7,89,9.22,Yes
P1913,52,Male,IT Professional,5.15,0.52,0.41,34,2,1,4,20.7,10.0,4.0,7,4.0,7,73,5.47,Yes
P0954,46,Female,Business,9.23,3.02,3.96,39,4,0,8,24.3,10.0,4.0,6,4.0,7,58,8.08,Yes
P0972,58,Male,IT Professional,9.35,2.29,0.69,8,0,0,5,23.3,10.0,4.0,6,4.0,7,59,8.01,Yes
P1404,29,Male,Healthcare,4.35,1.2,1.38,140,2,3,5,22.04,10.0,4.0,6,4.0,7,73,7.41,Yes
P0142,43,Male,Healthcare,2.83,0.95,4.58,60,4,1,4,23.95,10.0,4.0,6,4.0,7,82,4.78,Yes
P0409,47,Other,IT Professional,6.16,0.92,1.21,53,15,3,3,23.39,10.0,4.0,7,4.0,7,85,8.78,Yes
P0512,54,Male,Other,4.76,0.35,4.89,59,0,2,5,21.37,10.0,4.0,8,4.0,9,78,7.19,Yes
P0247,22,Male,Healthcare,5.12,1.0,3.03,51,0,2,3,25.33,10.0,4.0,7,4.0,7,86,9.12,Yes
P0655,23,Male,Student,1.34,0.0,0.0,66,3,3,1,22.65,10.0,4.0,7,4.0,7,100,5.81,Yes
P0841,57,Male,IT Professional,2.1,0.28,1.23,52,1,0,6,22.83,10.0,4.0,8,4.0,7,81,10.69,Yes
P1911,32,Male,Government,7.75,1.97,3.46,15,0,2,4,26.0,10.0,4.0,6,4.0,8,72,8.45,Yes
P0376,32,Female,Business,5.02,1.11,2.61,19,2,1,5,24.85,10.0,4.0,7,4.0,9,86,9.1,Yes
P0569,59,Female,Healthcare,5.76,1.35,3.98,30,2,1,2,22.4,10.0,4.0,6,4.0,8,75,6.04,Yes
P1370,56,Female,Government,7.21,2.76,3.76,47,1,3,5,22.77,10.0,4.0,6,4.0,6,77,5.84,Yes
P1422,33,Male,Teacher,5.51,0.95,2.65,24,2,0,2,23.69,10.0,4.0,5,4.0,8,82,7.52,Yes
P1121,32,Female,Teacher,4.71,1.11,3.97,56,1,2,6,21.06,10.0,4.0,6,4.0,8,76,6.08,Yes
P0529,47,Female,Business,4.27,1.02,2.84,55,2,1,4,22.97,10.0,4.0,6,4.0,10,68,8.88,Yes
P1774,34,Male,IT Professional,5.32,1.15,2.71,52,3,2,4,25.86,10.0,4.0,8,4.0,7,85,11.18,Yes
P0929,37,Other,Student,8.09,1.75,3.73,39,0,0,4,24.6,10.0,4.0,6,4.0,7,90,8.23,Yes
P0347,45,Male,Business,8.82,1.25,2.94,30,5,1,9,25.02,10.0,4.0,5,4.0,7,54,5.91,Yes
P0669,47,Female,Business,5.45,1.23,3.41,48,1,2,3,23.76,10.0,4.0,7,4.0,8,88,7.51,Yes
P1628,29,Male,Teacher,5.9,1.24,2.12,62,4,1,3,22.63,10.0,4.0,8,4.0,7,79,7.44,Yes
P1714,50,Female,Teacher,4.36,0.97,2.97,19,4,1,4,26.0,10.0,4.0,7,4.0,7,85,5.93,Yes
P0303,60,Male,Government,5.64,2.31,2.4,75,1,1,4,23.6,10.0,4.0,6,4.0,7,69,8.72,Yes
P1145,27,Female,IT Professional,2.25,0.15,1.24,26,1,1,6,23.74,10.0,4.0,6,4.0,8,70,7.33,Yes
P0038,30,Other,Student,3.21,0.16,1.63,64,1,2,2,23.84,10.0,4.0,7,4.0,8,85,7.67,Yes
P1919,18,Female,Business,9.16,2.68,0.97,129,2,1,5,23.62,10.0,4.0,9,4.0,10,93,7.63,Yes
P1615,34,Male,Other,5.37,1.7,3.57,23,1,0,7,25.48,10.0,4.0,6,4.0,4,76,7.38,Yes
P0099,19,Female,Student,7.85,0.56,6.02,83,4,2,7,24.32,10.0,4.0,7,4.0,9,72,6.85,Yes
P1920,45,Male,Healthcare,6.9,1.68,3.02,20,4,0,9,26.0,10.0,4.0,3,4.0,6,69,6.22,Yes
P0880,33,Female,IT Professional,5.88,0.68,3.18,17,1,1,6,22.94,10.0,4.0,3,4.0,7,55,5.49,Yes
P1541,19,Male,Business,3.98,1.38,0.02,71,0,2,2,23.38,10.0,4.0,7,4.0,7,75,8.37,Yes
P0599,35,Male,Student,5.45,1.45,2.16,116,1,0,3,23.82,10.0,4.0,6,4.0,7,79,6.79,Yes
P1098,18,Female,IT Professional,9.06,1.22,1.44,129,2,1,5,22.81,10.0,4.0,6,4.0,6,75,8.46,Yes
P1974,51,Female,Student,10.19,2.48,3.47,26,5,2,6,22.95,10.0,4.0,6,4.0,7,75,11.45,Yes
P1899,34,Female,Teacher,10.3,1.85,4.08,20,0,1,7,24.26,10.0,4.0,7,4.0,6,79,10.37,Yes
P0667,35,Female,Student,7.44,1.6,4.01,20,3,2,1,22.75,10.0,4.0,7,4.0,10,88,8.52,Yes
P1775,24,Female,Student,4.94,2.08,1.34,124,1,2,3,21.75,10.0,4.0,8,4.0,7,87,10.19,Yes
P0251,19,Male,Student,5.34,0.89,1.09,97,4,2,3,24.78,10.0,4.0,8,4.0,10,81,11.78,Yes
P1454,27,Male,Healthcare,4.55,0.48,2.23,163,2,1,2,24.16,10.0,4.0,7,4.0,6,88,8.02,Yes
P1220,40,Male,Student,6.69,1.11,2.75,82,2,2,4,24.66,10.0,4.0,7,4.0,6,84,9.53,Yes
P1293,20,Female,IT Professional,2.44,1.02,1.45,17,1,2,1,22.05,10.0,4.0,7,4.0,10,83,7.14,Yes
P0163,27,Female,Healthcare,8.8,2.63,3.94,39,3,0,6,25.34,10.0,4.0,5,4.0,6,84,6.32,Yes
P1573,55,Female,IT Professional,3.79,0.75,2.11,80,2,1,3,21.69,10.0,4.0,5,4.0,8,53,6.84,Yes
P1610,19,Female,IT Professional,5.76,1.86,2.08,106,3,3,5,23.14,10.0,4.0,6,4.0,8,86,8.4,Yes
P1851,53,Male,Business,2.08,1.06,2.8,27,3,3,5,22.16,10.0,4.0,7,4.0,8,91,6.61,Yes
P0869,22,Male,Teacher,9.64,3.37,2.91,25,3,0,9,24.01,10.0,4.0,4,4.0,5,53,5.97,Yes
P0287,24,Male,Teacher,5.57,2.3,4.24,5,1,0,2,25.67,10.0,4.0,7,4.0,9,69,8.5,Yes
P0908,60,Female,Teacher,9.49,1.26,0.1,71,2,0,5,22.25,10.0,4.0,7,4.0,6,71,7.74,Yes
P1626,60,Male,Student,3.59,1.14,5.19,29,3,1,5,24.29,10.0,4.0,6,4.0,8,85,6.09,Yes
P0354,38,Male,Student,12.84,2.02,2.17,12,1,1,9,24.93,10.0,4.0,5,4.0,3,76,8.68,Yes
P1381,30,Other,Healthcare,3.93,1.1,1.04,19,4,2,4,22.16,10.0,4.0,7,4.0,4,79,4.74,Yes
P1587,45,Male,IT Professional,7.41,0.62,1.51,11,1,1,4,24.11,10.0,4.0,7,4.0,10,74,8.54,Yes
P0580,21,Male,IT Professional,5.71,1.31,0.0,75,2,0,1,23.59,10.0,4.0,8,4.0,8,100,11.15,Yes
P0139,28,Female,IT Professional,3.78,NA,1.12,49,3,0,4,25.2,10.0,4.0,6,4.0,9,48,7.03,Yes
P0454,38,Female,Government,5.28,1.7,3.92,31,1,3,5,22.04,10.0,4.0,6,4.0,5,66,11.14,Yes
P1881,23,Female,Student,9.01,2.25,2.26,44,1,0,4,25.59,10.0,4.0,4,4.0,5,60,7.67,Yes
P0825,40,Male,Government,5.85,0.4,1.24,134,3,0,5,23.22,10.0,4.0,8,4.0,9,81,4.71,Yes
P0675,31,Female,Student,4.83,1.75,2.01,64,2,1,5,24.7,10.0,4.0,7,4.0,7,80,9.55,Yes
P0046,28,Male,IT Professional,6.01,0.45,1.79,104,3,2,7,24.89,10.0,six,5,4.0,7,39,8.57,Yes
P1692,39,Male,IT Professional,6.56,1.1,2.4,39,2,1,4,23.08,10.0,4.0,5,4.0,5,67,8.11,Yes
P0799,38,Female,Business,4.82,1.05,2.84,28,3,0,5,23.87,10.0,4.0,5,4.0,3,54,5.15,Yes
P0543,23,Male,IT Professional,6.29,2.39,2.36,95,2,0,6,25.38,10.0,4.0,5,4.0,5,68,6.68,Yes
P0259,56,Female,Healthcare,8.18,0.88,3.35,,3,0,7,24.41,10.0,4.0,5,4.0,5,82,5.02,Yes
P0723,44,Female,Government,6.77,1.2,1.92,60,2,1,5,22.75,10.0,4.0,7,4.0,8,75,6.96,Yes
P1196,29,Male,Healthcare,12.37,2.14,1.58,8,3,1,10,23.28,10.0,4.0,2,4.0,4,51,8.47,Yes
P0839,36,Male,Government,6.85,1.24,0.24,32,4,2,7,25.47,10.0,4.0,6,4.0,7,62,9.18,Yes
P1708,47,Male,IT Professional,11.01,3.09,5.43,149,3,1,8,25.25,10.0,4.0,5,4.0,8,88,7.72,Yes
P0153,42,Female,Student,6.53,1.95,1.54,97,4,2,3,23.39,10.0,4.0,6,4.0,7,80,7.0,Yes
P0588,40,Female,Teacher,6.01,2.57,0.84,76,4,5,6,24.55,10.0,4.0,6,4.0,4,51,10.42,Yes
P0945,21,Other,Student,10.03,1.51,3.64,14,4,1,8,22.98,10.0,4.0,5,4.0,8,64,4.95,Yes
P1900,39,Male,Student,7.39,1.01,1.06,61,3,2,8,22.84,10.0,4.0,8,4.0,6,85,6.71,Yes
P1455,26,Female,Government,6.0,1.26,6.76,116,2,1,5,22.96,10.0,4.0,6,4.0,7,59,8.5,Yes
P1408,48,Female,IT Professional,6.57,0.08,1.93,58,3,0,5,23.82,10.0,4.0,7,4.0,7,77,11.26,Yes
P1707,32,Male,Teacher,9.04,1.73,1.48,7,4,1,3,24.57,10.0,4.0,9,4.0,9,94,6.89,Yes
P0777,37,Female,IT Professional,6.17,0.92,4.12,52,2,1,4,22.73,10.0,4.0,5,4.0,10,78,7.26,Yes
P0158,20,Male,Government,5.4,0.95,3.19,96,1,2,3,22.79,10.0,4.0,7,4.0,8,90,5.54,Yes
P0522,46,Female,Teacher,3.22,1.09,2.42,72,3,0,6,23.27,10.0,4.0,8,4.0,8,85,8.56,Yes
P1181,32,Female,Other,3.36,0.99,2.94,69,1,1,3,22.42,10.0,4.0,6,4.0,6,86,8.48,Yes
P1662,34,Male,Teacher,8.87,2.89,2.52,85,2,0,3,23.73,10.0,4.0,7,4.0,8,82,8.86,Yes
P1664,21,Female,IT Professional,9.01,1.77,3.28,58,1,0,7,21.25,10.0,4.0,6,4.0,8,73,8.88,Yes
P0164,35,Male,Other,9.39,0.71,1.87,57,5,2,8,23.83,10.0,4.0,5,4.0,6,80,9.88,Yes
P0393,50,Female,Student,9.85,1.25,4.34,55,3,0,5,23.82,10.0,4.0,7,4.0,9,66,8.04,Yes
P1832,27,Male,Student,3.37,0.41,3.56,9,0,3,3,23.72,10.0,4.0,7,4.0,9,82,7.97,Yes
P1903,42,Female,Student,7.34,1.78,2.6,85,5,0,6,23.93,10.0,4.0,7,4.0,7,82,9.17,Yes
P0503,35,Male,Student,4.58,1.31,0.33,61,1,4,2,23.94,10.0,4.0,7,4.0,8,79,8.01,Yes
P1800,26,Male,Business,6.24,2.23,4.21,24,3,0,7,23.13,10.0,4.0,6,4.0,6,37,8.61,Yes
P0808,53,Male,Student,8.5,1.05,0.94,57,2,0,2,25.77,10.0,4.0,7,4.0,8,74,10.68,Yes
P1779,51,Male,Government,7.01,2.39,1.8,44,3,0,5,24.94,10.0,4.0,5,4.0,7,61,4.64,Yes
P0034,48,Female,IT Professional,2.04,0.14,0.0,36,2,1,4,22.07,10.0,4.0,6,4.0,9,81,10.0,Yes
P0866,58,Male,Teacher,5.36,1.11,2.44,26,1,1,4,23.09,10.0,4.0,6,4.0,8,74,4.38,Yes
P1159,20,Female,Healthcare,10.63,1.86,4.76,11,0,2,8,22.66,10.0,4.0,4,4.0,6,61,5.95,Yes
P1020,56,Female,Student,9.07,2.66,5.53,180,2,2,6,24.22,10.0,4.0,5,4.0,7,54,7.37,Yes
P1703,49,Female,Student,3.49,0.77,0.0,20,2,1,5,23.22,10.0,4.0,5,4.0,6,57,7.23,Yes
P1722,58,Male,Healthcare,9.09,2.84,5.21,104,1,5,8,22.92,10.0,4.0,7,4.0,6,78,7.18,Yes
P0600,57,Female,Student,2.16,0.0,2.06,16,3,0,5,25.35,10.0,4.0,6,4.0,7,75,7.41,Yes
P1103,23,Male,Healthcare,8.74,2.42,3.82,14,2,0,6,23.38,10.0,4.0,7,4.0,9,73,3.1,Yes
P0238,32,Other,Government,5.66,1.81,3.06,18,2,1,4,22.62,10.0,4.0,6,4.0,8,85,5.75,Yes
P0964,56,Female,IT Professional,6.02,0.28,0.0,61,0,1,4,23.33,10.0,4.0,7,4.0,7,88,11.56,Yes
P1032,35,Female,IT Professional,6.78,1.59,1.49,93,3,1,6,21.3,10.0,4.0,6,4.0,8,79,8.66,Yes
P0646,32,Male,IT Professional,6.28,2.19,2.43,42,0,0,4,23.06,10.0,4.0,7,4.0,8,86,9.69,Yes
P0096,28,Female,Teacher,3.73,0.46,1.89,60,1,1,1,23.77,10.0,4.0,8,4.0,10,83,9.1,Yes
P0994,25,Female,IT Professional,4.25,0.41,5.62,76,1,0,5,21.71,10.0,4.0,7,4.0,8,82,7.83,Yes
P0854,19,Female,Student,7.99,1.03,3.85,20,3,1,5,23.25,10.0,4.0,7,4.0,9,53,7.23,Yes
P0814,43,Male,IT Professional,5.63,0.71,1.27,41,1,0,5,21.43,10.0,4.0,6,4.0,9,84,8.64,Yes
P1943,52,Female,Other,5.51,1.0,1.82,55,1,5,3,24.08,10.0,4.0,8,4.0,8,78,7.36,Yes
P1925,50,Male,Student,6.34,1.52,2.57,38,2,1,4,24.29,10.0,4.0,7,4.0,9,75,7.51,Yes
P0224,59,Male,Government,7.61,2.54,3.14,8,3,0,6,24.94,10.0,4.0,5,4.0,8,47,6.06,Yes
P0079,59,Male,Teacher,8.33,1.79,3.9,17,4,0,10,24.58,10.0,4.0,4,4.0,,56,8.36,Yes
P1202,20,Male,Healthcare,6.37,1.05,2.63,38,2,0,5,23.79,10.0,4.0,6,4.0,7,82,9.8,Yes
P1831,25,Male,Teacher,8.78,2.46,2.95,21,0,1,8,21.56,10.0,4.0,3,4.0,5,51,3.38,Yes
P0518,45,Female,IT Professional,7.22,0.99,4.41,50,5,0,7,24.71,10.0,4.0,5,4.0,7,70,6.18,Yes
P0463,57,Male,Student,7.69,2.41,2.46,74,1,1,8,23.75,10.0,4.0,3,4.0,4,57,9.96,Yes
P1843,30,Female,Government,4.15,0.97,0.0,105,1,1,4,23.72,10.0,4.0,7,4.0,7,78,11.25,Yes
P0903,47,Female,IT Professional,6.68,2.35,3.64,19,2,2,6,23.47,10.0,4.0,5,4.0,10,80,4.38,Yes
P0969,47,Female,IT Professional,7.13,2.01,0.11,97,1,1,4,24.08,10.0,4.0,4,4.0,6,68,5.63,Yes
P1176,52,Female,Healthcare,5.5,1.53,3.93,9,3,0,4,22.94,10.0,4.0,6,4.0,10,71,10.31,Yes
P0217,57,Female,IT Professional,8.6,1.52,4.42,71,2,0,7,23.8,10.0,4.0,4,4.0,7,72,7.72,Yes
P0394,50,Male,Other,4.7,1.75,2.55,40,2,0,4,21.54,10.0,4.0,6,4.0,7,83,7.65,Yes
P1470,36,Female,Other,8.59,1.45,4.79,72,1,0,6,23.97,10.0,4.0,7,4.0,8,86,8.83,Yes
P0598,26,Female,IT Professional,9.51,0.97,2.22,61,4,1,8,24.1,10.0,4.0,7,4.0,9,72,8.0,Yes
P1965,46,Other,Healthcare,3.86,0.23,2.96,36,0,1,1,21.27,10.0,4.0,8,4.0,10,98,11.16,Yes
P0377,18,Male,Government,3.6,0.38,1.03,25,2,0,4,24.19,10.0,4.0,8,4.0,7,78,7.7,Yes
P0209,43,Female,Teacher,2.88,0.62,1.63,81,2,0,5,23.61,10.0,4.0,8,4.0,8,92,6.18,Yes
P0829,45,Male,IT Professional,5.9,0.69,1.21,67,4,1,3,23.99,10.0,4.0,7,4.0,8,77,5.33,Yes
P0773,47,Male,Business,3.31,1.35,1.63,15,2,0,6,22.04,10.0,4.0,6,4.0,8,71,8.8,Yes
P0492,57,Male,Government,6.85,1.9,1.4,21,2,1,6,21.18,10.0,4.0,6,4.0,7,65,7.82,Yes
P0986,49,Male,Student,6.53,1.41,3.97,16,3,0,8,25.36,10.0,4.0,4,4.0,3,70,5.12,Yes
P0353,48,Male,Government,5.04,1.24,2.04,19,0,0,6,24.1,10.0,4.0,7,4.0,6,77,9.3,Yes
P1975,56,Male,Government,5.91,1.19,4.05,46,3,2,8,24.84,10.0,4.0,5,4.0,6,61,6.56,Yes
P1076,32,Male,Healthcare,9.35,2.49,2.4,101,2,2,5,24.75,10.0,4.0,4,4.0,7,77,9.71,Yes
P1084,55,Female,IT Professional,7.92,3.13,1.49,49,2,2,7,23.93,10.0,4.0,5,4.0,6,68,9.09,Yes
P0738,21,Male,Business,3.4,1.18,1.64,68,3,1,6,21.62,10.0,4.0,8,4.0,10,89,6.22,Yes
P1139,26,Male,IT Professional,8.88,0.68,4.01,13,1,0,6,23.87,10.0,4.0,6,4.0,6,63,10.33,Yes
P1811,60,Female,IT Professional,7.79,2.27,2.56,58,3,1,5,25.3,10.0,4.0,6,4.0,8,55,6.04,Yes
P1345,45,Female,Business,10.59,2.22,4.11,20,2,1,7,22.95,10.0,4.0,4,4.0,5,45,8.95,Yes
P1343,32,Female,Other,4.47,1.49,1.33,15,3,3,7,22.82,10.0,4.0,6,4.0,7,80,6.76,Yes
P1120,35,Female,Healthcare,10.42,3.61,5.94,54,1,1,5,22.94,10.0,4.0,5,4.0,5,78,11.08,Yes
P1395,31,Other,Student,6.28,0.52,2.93,99,5,1,3,22.92,10.0,4.0,8,4.0,9,79,11.05,Yes
P1577,37,Male,IT Professional,7.02,2.22,3.47,6,5,1,3,24.73,10.0,4.0,4,4.0,4,78,9.15,Yes
P1030,32,Male,Government,3.17,0.81,1.83,26,3,3,2,23.91,10.0,4.0,8,4.0,9,94,6.32,Yes
P0647,55,Male,Student,4.13,1.65,3.58,121,1,0,4,25.02,10.0,4.0,8,4.0,8,87,7.92,Yes
P0872,34,Male,Healthcare,6.89,2.3,2.77,88,1,0,10,24.76,10.0,4.0,4,4.0,3,40,7.08,Yes
P0020,22,Male,Student,4.84,0.91,1.23,25,1,0,5,21.65,10.0,4.0,7,4.0,5,66,11.01,Yes
P1163,23,Male,Government,4.31,0.91,0.0,5,2,2,7,23.4,10.0,4.0,4,4.0,6,56,10.41,Yes
P0585,57,Female,IT Professional,3.46,1.59,3.52,135,1,2,2,21.11,10.0,4.0,6,4.0,8,91,6.68,Yes
P0677,31,Female,Other,8.47,1.61,4.84,32,3,1,5,24.31,10.0,4.0,7,4.0,7,73,8.0,Yes
P0697,58,Female,Business,7.43,1.74,1.55,78,0,1,4,23.52,10.0,4.0,7,4.0,6,75,7.05,Yes
P1935,47,Male,Government,5.28,1.12,1.51,53,2,1,6,22.73,10.0,4.0,7,4.0,6,62,7.53,Yes
P1519,52,Female,Teacher,7.51,1.46,4.13,14,0,2,3,23.16,10.0,4.0,7,4.0,7,76,8.6,Yes
P0304,55,Female,Business,7.24,2.59,2.26,51,3,1,6,24.92,10.0,4.0,5,4.0,8,65,6.71,Yes
P1571,48,Female,Business,7.97,1.46,0.38,100,2,0,6,25.42,10.0,4.0,6,4.0,9,76,6.23,Yes
P0128,50,Female,Business,NA,2.7,2.41,63,3,0,9,25.2,10.0,4.0,5,4.0,6,62,7.74,Yes
P0722,29,Male,Student,4.74,1.14,2.16,12,0,2,7,23.94,10.0,4.0,5,4.0,6,70,7.67,Yes
P0410,27,Female,Teacher,10.67,1.0,6.08,110,20,4,6,22.84,10.0,4.0,7,4.0,8,86,9.98,Yes
P0855,51,Female,Healthcare,2.98,0.43,3.22,57,0,0,5,22.77,10.0,4.0,5,4.0,6,80,7.56,Yes
P0449,27,Female,Government,5.65,0.94,2.22,25,3,0,4,25.0,10.0,4.0,7,4.0,7,81,7.79,Yes
P1186,60,Female,Healthcare,5.08,0.01,0.5,45,2,1,7,24.35,10.0,4.0,6,4.0,7,67,8.03,Yes
P1036,19,Male,Other,8.24,1.0,4.47,76,3,3,3,24.06,10.0,4.0,7,4.0,7,83,5.21,Yes
P1104,18,Female,Business,8.82,0.75,3.22,28,1,2,7,23.87,10.0,4.0,7,4.0,8,73,8.05,Yes
P1783,60,Female,Student,6.67,1.48,3.35,180,4,0,1,22.8,10.0,4.0,10,4.0,10,100,7.94,Yes
P1252,47,Male,IT Professional,2.01,0.81,3.71,23,1,0,3,24.17,10.0,4.0,6,4.0,6,61,8.88,Yes
P1978,22,Male,Student,3.14,0.74,2.85,82,3,0,1,22.48,10.0,4.0,8,4.0,9,100,9.1,Yes
P0146,19,Female,Student,7.7,1.46,3.31,9,3,0,9,25.57,10.0,4.0,5,4.0,9,50,7.48,Yes
P1372,30,Female,Teacher,4.49,1.07,3.96,18,2,0,4,23.98,10.0,4.0,6,4.0,6,75,6.49,Yes
P1043,39,Male,Student,4.09,0.9,2.91,25,1,1,6,24.5,10.0,4.0,6,4.0,8,73,4.62,Yes
P0179,41,Female,Student,7.11,2.44,3.9,124,3,3,2,22.08,10.0,4.0,7,4.0,NA,70,8.55,Yes
P0643,46,Male,Business,6.37,0.88,3.32,93,1,1,5,21.71,10.0,4.0,7,4.0,8,87,9.22,Yes
P1351,40,Male,Teacher,5.34,0.88,0.47,61,2,1,6,21.4,10.0,4.0,6,4.0,5,66,6.96,Yes
P1717,40,Male,Business,6.2,1.7,3.43,124,0,0,6,22.29,10.0,4.0,7,4.0,8,78,8.59,Yes
P1264,46,Female,Healthcare,4.48,0.45,2.29,54,0,1,6,21.63,10.0,4.0,7,4.0,7,75,7.56,Yes
P0445,28,Other,Student,6.18,0.95,3.22,31,1,1,4,22.83,10.0,4.0,8,4.0,7,96,9.73,Yes
P0447,50,Female,Student,4.54,1.33,1.84,42,2,2,2,23.89,10.0,4.0,7,4.0,7,95,7.06,Yes
P1802,27,Male,Business,9.02,1.01,1.71,27,0,5,8,24.18,10.0,4.0,5,4.0,6,56,8.24,Yes
P0848,41,Female,IT Professional,4.85,1.45,4.12,23,1,2,4,22.63,10.0,4.0,6,4.0,7,72,9.07,Yes
P0726,45,Male,Teacher,5.31,1.0,0.0,46,2,0,4,22.2,10.0,4.0,6,4.0,7,92,10.92,Yes
P0245,38,Male,IT Professional,4.82,1.99,2.3,88,2,0,2,24.03,10.0,4.0,6,4.0,8,74,9.09,Yes
P1146,42,Female,Healthcare,5.31,0.85,2.36,15,2,0,5,23.48,10.0,4.0,7,4.0,9,70,7.44,Yes
P1695,23,Female,IT Professional,5.82,1.9,3.47,25,1,1,5,23.97,10.0,4.0,5,4.0,6,70,9.43,Yes
P1355,32,Male,Government,5.91,0.96,0.0,72,4,2,4,21.89,10.0,4.0,8,4.0,8,100,6.65,Yes
P0579,58,Male,Student,9.56,1.19,2.56,7,3,2,6,24.44,10.0,4.0,6,4.0,8,68,9.55,Yes
P1191,53,Female,Other,5.28,1.31,2.91,52,0,0,6,21.73,10.0,4.0,7,4.0,8,89,7.35,Yes
P0241,34,Male,Student,3.23,0.0,4.45,98,0,0,1,22.47,10.0,4.0,8,4.0,8,100,5.09,Yes
P1730,22,Male,Business,9.48,2.47,4.67,63,2,1,4,21.72,10.0,4.0,7,4.0,9,88,6.95,Yes
P0759,48,Male,Business,6.6,1.08,0.46,37,3,0,4,23.71,10.0,4.0,8,4.0,9,75,9.22,Yes
P0082,29,Female,IT Professional,4.06,0.12,0.0,106,3,1,4,24.78,10.0,4.0,6,4.0,8,76,9.26,Yes
P0633,46,Male,Other,8.88,1.13,1.89,99,4,1,5,22.52,10.0,4.0,7,4.0,7,78,9.03,Yes
P1540,31,Female,Student,8.73,2.83,2.1,32,5,3,5,24.49,10.0,4.0,4,4.0,8,68,7.94,Yes
P0275,47,Female,IT Professional,2.67,0.58,1.5,30,2,2,4,23.07,10.0,4.0,8,4.0,8,97,5.43,Yes
P0345,49,Male,Student,7.73,0.66,1.15,19,2,1,5,24.32,10.0,4.0,6,4.0,5,65,7.24,Yes
P0398,60,Female,Student,1.73,0.47,5.23,14,1,0,3,22.13,10.0,4.0,6,4.0,7,72,6.67,Yes
P0768,49,Female,Student,5.81,0.96,1.96,54,2,1,4,23.39,10.0,4.0,7,4.0,9,85,4.6,Yes
P0056,34,Male,Student,2.84,0.92,0.0,86,2,1,3,24.36,10.0,4.0,8,4.0,10,92,8.68,Yes
P0206,28,Male,Business,5.26,1.78,1.09,110,2,2,1,20.0,10.0,4.0,7,4.0,7,83,10.01,Yes
P1731,33,Male,IT Professional,8.16,2.34,4.47,28,3,3,4,23.1,10.0,4.0,4,4.0,7,72,9.06,Yes
P0857,20,Female,Healthcare,7.9,1.51,1.92,59,3,1,3,23.23,10.0,4.0,6,4.0,8,71,7.36,Yes
P1187,43,Male,Student,5.16,1.77,3.47,20,3,2,6,21.87,10.0,4.0,5,4.0,8,62,8.5,Yes
P0187,51,Female,IT Professional,8.54,2.39,3.04,24,2,2,3,22.84,10.0,4.0,5,4.0,7,88,8.58,Yes
P1215,47,Female,Other,7.15,2.03,2.02,20,3,1,8,22.71,10.0,4.0,4,4.0,4,57,6.76,Yes
P0418,59,Male,Other,9.61,2.57,4.06,32,1,1,6,23.31,10.0,4.0,4,4.0,5,48,5.63,Yes
P0693,24,Female,IT Professional,4.62,1.53,3.23,44,0,2,2,23.08,10.0,4.0,7,4.0,8,100,6.95,Yes
P0068,35,Male,Healthcare,6.67,1.22,2.3,173,0,0,6,24.5,10.0,4.0,8,4.0,7,93,8.35,Yes
P0587,51,Male,IT Professional,7.71,2.55,1.29,7,5,0,8,23.52,10.0,4.0,3,4.0,7,64,7.66,Yes
P0955,25,Female,Government,5.13,0.5,0.25,49,5,0,5,22.65,10.0,4.0,7,4.0,7,70,6.86,Yes
P0891,21,Female,Teacher,3.87,0.91,2.89,37,1,0,4,22.28,10.0,4.0,7,4.0,9,82,8.82,Yes
P0058,32,Female,Government,6.32,1.02,2.05,106,3,0,7,21.63,10.0,4.0,6,4.0,7,72,9.88,Yes
P1477,26,Female,Healthcare,7.63,2.44,3.1,49,0,2,10,24.49,10.0,4.0,5,4.0,4,67,7.7,Yes
P1761,43,Male,IT Professional,4.17,0.87,0.0,9,1,1,5,23.14,10.0,4.0,6,4.0,8,84,8.86,Yes
P1751,31,Female,Other,5.18,1.23,0.45,65,1,0,4,22.62,10.0,4.0,8,4.0,9,82,6.93,Yes
P1549,50,Male,IT Professional,7.46,0.29,0.57,22,4,0,4,25.4,10.0,4.0,6,4.0,7,76,5.17,Yes
P1265,38,Female,IT Professional,7.35,2.23,0.18,46,2,1,3,23.63,10.0,4.0,6,4.0,9,87,7.76,Yes
P0729,27,Male,Other,5.27,1.5,3.04,61,1,1,5,23.77,10.0,4.0,6,4.0,8,78,5.57,Yes
P1368,35,Male,IT Professional,5.21,0.52,0.08,34,5,3,4,22.19,10.0,4.0,8,4.0,9,95,8.94,Yes
P0834,56,Male,Government,6.71,1.32,4.38,32,1,1,4,24.37,10.0,4.0,5,4.0,9,71,6.07,Yes
P1600,45,Female,IT Professional,4.02,1.49,2.66,124,1,0,5,22.47,10.0,4.0,6,4.0,9,93,9.13,Yes
P0742,32,Male,Teacher,4.93,0.35,4.63,13,0,2,6,24.09,10.0,4.0,6,4.0,6,76,10.93,Yes
P0884,26,Female,Student,2.59,0.0,2.24,150,0,1,7,22.68,10.0,4.0,8,4.0,8,87,8.69,Yes
P0178,39,Male,IT Professional,1.08,0.32,2.51,39,2,2,N/A,22.08,10.0,4.0,9,4.0,9,96,8.68,Yes
P0387,49,Male,IT Professional,5.41,1.48,2.72,44,3,4,8,22.88,10.0,4.0,4,4.0,5,60,8.61,Yes
P0686,44,Female,Student,4.57,1.05,3.09,10,4,4,6,24.37,10.0,4.0,8,4.0,8,100,8.53,Yes
P1747,18,Female,IT Professional,7.28,2.31,3.18,26,2,1,7,24.11,10.0,4.0,5,4.0,6,66,7.54,Yes
P0424,35,Male,Government,7.58,1.55,3.48,69,5,0,5,22.5,10.0,4.0,6,4.0,8,78,5.43,Yes
P0604,55,Male,Government,6.59,1.4,4.69,85,4,3,4,23.23,10.0,4.0,7,4.0,8,70,6.55,Yes
P0581,30,Male,Other,3.61,1.0,4.01,52,1,0,1,24.78,10.0,4.0,7,4.0,8,100,6.61,Yes
P1342,56,Male,Student,4.58,2.18,2.59,26,2,0,6,21.89,10.0,4.0,5,4.0,6,76,7.2,Yes
P0235,57,Female,Healthcare,6.2,2.04,3.42,75,1,2,3,21.69,10.0,4.0,7,4.0,7,73,8.25,Yes
P0306,18,Male,Student,9.55,2.73,3.12,40,2,0,6,24.03,10.0,4.0,4,4.0,6,62,7.57,Yes
P1955,58,Female,IT Professional,5.51,1.04,2.7,4,2,3,4,22.93,10.0,4.0,7,4.0,6,78,7.93,Yes
P0611,41,Male,Government,6.65,1.13,0.92,14,1,1,4,24.51,10.0,4.0,6,4.0,9,95,8.32,Yes
P0948,56,Female,Student,1.49,0.4,4.02,22,6,0,4,23.8,10.0,4.0,7,4.0,7,91,7.78,Yes
P1981,48,Male,Healthcare,9.94,3.29,2.11,68,5,0,5,23.73,10.0,4.0,4,4.0,7,67,7.1,Yes
P0896,25,Male,IT Professional,5.75,2.03,1.93,48,2,2,4,24.33,10.0,4.0,3,4.0,6,68,7.07,Yes
P0524,20,Female,Government,4.95,0.22,2.32,90,7,0,5,24.18,10.0,4.0,8,4.0,9,86,7.42,Yes
P1500,47,Female,Other,8.38,2.68,5.32,40,2,1,5,21.89,10.0,4.0,4,4.0,7,70,9.42,Yes
P0672,40,Female,Teacher,7.21,0.74,2.83,21,2,0,5,25.59,10.0,4.0,4,4.0,7,60,7.95,Yes
P0924,39,Male,IT Professional,10.33,3.27,2.57,23,5,1,8,23.68,10.0,4.0,3,4.0,5,74,7.79,Yes
P1279,42,Female,Other,8.64,2.24,5.06,8,2,2,5,22.53,10.0,4.0,5,4.0,6,74,7.67,Yes
P0913,52,Male,Student,6.57,0.53,0.98,34,1,1,6,23.12,10.0,4.0,7,4.0,8,68,8.17,Yes
P1659,39,Female,Student,5.84,1.07,2.85,50,0,1,4,21.9,10.0,4.0,6,4.0,7,81,7.46,Yes
P1836,55,Female,IT Professional,3.23,1.2,0.0,90,1,2,5,23.42,10.0,4.0,8,4.0,9,93,9.09,Yes
P0368,55,Male,Other,4.04,0.56,2.59,35,0,2,5,23.06,10.0,4.0,5,4.0,7,73,4.97,Yes
P0416,57,Male,Business,7.39,0.33,3.78,76,3,0,7,21.88,10.0,4.0,6,4.0,6,150,4.53,Yes
P1156,32,Male,Healthcare,8.42,1.26,3.59,71,0,0,6,21.83,10.0,4.0,8,4.0,8,79,5.64,Yes
P0429,33,Male,Business,7.01,2.66,3.24,35,2,3,6,23.15,10.0,4.0,5,4.0,5,56,10.44,Yes
P0084,48,Male,Healthcare,3.7,0.27,2.76,27,3,1,7,24.69,10.0,4.0,6,4.0,6,74,8.01,Yes
P1287,50,Female,Business,5.38,1.12,2.1,104,4,0,4,22.63,10.0,4.0,8,4.0,8,84,4.57,Yes
P1561,47,Male,Healthcare,9.21,2.57,4.18,7,5,1,6,24.85,10.0,4.0,5,4.0,7,64,8.08,Yes
P0817,31,Female,Business,10.53,3.53,2.78,35,3,1,7,24.44,10.0,4.0,4,4.0,7,42,8.72,Yes
P1698,20,Male,Other,6.65,2.2,1.4,49,1,0,4,22.99,10.0,4.0,4,4.0,6,57,6.32,Yes
P1994,44,Male,Teacher,2.24,0.44,0.78,109,2,0,1,25.38,10.0,4.0,9,4.0,10,100,7.78,Yes
P1972,37,Female,Business,8.84,2.7,3.7,44,2,1,8,21.72,10.0,4.0,4,4.0,5,72,7.06,Yes
P1365,21,Male,Other,9.14,2.6,2.74,37,1,0,6,22.83,10.0,4.0,6,4.0,6,86,7.47,Yes
P1516,44,Female,Teacher,5.49,1.53,4.03,8,0,3,8,22.61,10.0,4.0,6,4.0,6,72,9.54,Yes
P1827,47,Male,IT Professional,2.68,0.5,3.08,18,2,2,5,22.82,10.0,4.0,7,4.0,5,67,6.96,Yes
P0685,49,Female,Teacher,8.22,1.85,3.66,30,6,1,9,25.23,10.0,4.0,6,4.0,7,80,8.59,Yes
P1227,44,Female,Student,11.38,1.41,4.67,20,6,0,8,24.12,10.0,4.0,7,4.0,8,62,6.9,Yes
P0532,26,Male,Student,6.87,1.97,2.17,21,1,3,4,22.79,10.0,4.0,7,4.0,9,63,8.01,Yes
P0201,41,Female,Other,8.69,1.73,2.06,26,2,0,10,22.08,10.0,4.0,6,4.0,4,78,6.37,Yes
P1275,23,Male,Teacher,4.2,1.1,2.15,43,6,1,1,26.0,10.0,4.0,9,4.0,9,97,5.2,Yes
P1010,34,Male,Business,9.07,1.95,4.59,28,3,0,10,25.32,10.0,4.0,3,4.0,6,71,5.83,Yes
P0392,49,Male,Student,5.47,0.97,1.39,57,1,2,5,24.41,10.0,4.0,7,4.0,7,73,5.88,Yes
P0069,19,Female,Government,7.6,1.25,6.21,45,2,1,9,24.67,10.0,4.0,,4.0,6,39,7.66,Yes
P0284,43,Male,Student,4.15,0.64,2.78,94,3,1,2,24.78,10.0,4.0,8,4.0,10,85,8.0,Yes
P1473,59,Male,Student,5.74,0.41,1.79,58,0,1,5,24.46,10.0,4.0,5,4.0,8,56,5.72,Yes
P1748,23,Female,Healthcare,5.14,1.22,2.21,8,0,2,5,22.21,10.0,4.0,7,4.0,9,78,7.35,Yes
P0021,21,Male,Other,5.41,1.68,1.34,54,1,0,2,22.95,10.0,4.0,6,4.0,8,72,10.4,Yes
P1066,39,Male,Student,6.53,0.82,4.52,37,4,1,6,22.59,10.0,4.0,6,4.0,7,81,6.31,Yes
P1298,21,Male,Student,7.38,1.82,3.43,38,2,1,9,25.22,10.0,4.0,5,4.0,6,56,9.62,Yes
P0707,31,Female,Teacher,7.11,0.56,6.0,65,2,2,4,25.01,10.0,4.0,8,4.0,7,71,7.89,Yes
P0487,33,Female,IT Professional,8.87,2.46,2.64,97,2,1,1,22.21,10.0,4.0,8,4.0,10,93,8.42,Yes
P0280,59,Female,IT Professional,3.49,0.63,3.19,58,2,2,5,24.05,10.0,4.0,6,4.0,7,67,8.78,Yes
P0125,46,Female,Teacher,5.31,1.23,3.65,36,2,1,6,23.36,10.0,4.0,6,4.0,5,73,6.72,Yes
P0912,29,Male,Healthcare,2.57,0.01,1.14,108,0,2,3,20.0,10.0,4.0,8,4.0,7,89,6.72,Yes
P0910,41,Male,IT Professional,5.21,1.26,1.44,7,0,1,3,21.93,10.0,4.0,5,4.0,10,89,8.7,Yes
P0530,56,Male,Government,4.88,1.08,2.95,57,2,2,5,23.22,10.0,4.0,7,4.0,8,70,6.37,Yes
P0624,56,Female,Other,4.33,0.73,3.33,67,2,2,6,23.79,10.0,4.0,7,4.0,6,84,8.54,Yes
P0971,55,Female,Other,1.0,0.45,1.96,12,1,1,2,23.73,10.0,4.0,7,4.0,8,100,7.57,Yes
P1040,38,Male,IT Professional,6.26,1.23,3.3,37,3,1,7,24.41,10.0,4.0,4,4.0,5,66,7.01,Yes
P1335,50,Female,IT Professional,7.97,1.23,0.05,57,1,2,4,20.0,10.0,4.0,5,4.0,6,64,8.35,Yes
P0229,43,Male,Government,8.22,1.32,2.49,12,4,3,4,24.39,10.0,4.0,6,4.0,8,74,6.98,Yes
P0041,60,Female,Teacher,1.0,0.19,0.81,24,3,0,3,23.27,10.0,4.0,9,4.0,7,100,6.38,Yes
P1498,21,Female,Student,6.93,1.81,2.2,173,3,1,3,22.56,10.0,4.0,9,4.0,10,96,9.33,Yes
P0849,42,Female,Other,7.76,2.28,4.01,85,3,3,2,24.84,10.0,4.0,6,4.0,8,95,9.35,Yes
P1517,34,Female,Business,6.2,1.53,1.83,37,1,1,1,20.52,10.0,4.0,4,4.0,8,69,6.63,Yes
P1597,22,Male,Healthcare,8.79,2.08,2.88,68,0,0,7,23.07,10.0,4.0,6,4.0,7,54,10.13,Yes
P1733,40,Female,Student,8.16,1.39,4.67,109,1,1,4,24.75,10.0,4.0,8,4.0,7,79,6.05,Yes
P0031,56,Female,IT Professional,4.79,0.57,3.0,26,3,1,4,21.38,10.0,4.0,6,4.0,7,76,6.77,Yes
P0293,34,Female,Business,7.94,2.73,1.61,29,1,1,7,22.8,10.0,4.0,5,4.0,5,90,6.63,Yes
P0939,35,Male,Business,4.57,1.39,0.97,23,0,2,3,22.79,10.0,4.0,7,4.0,7,86,7.92,Yes
P1440,51,Female,Student,3.67,1.04,1.77,19,1,3,5,21.98,10.0,4.0,5,4.0,7,76,4.94,Yes
P1808,44,Male,IT Professional,6.09,1.11,2.33,104,1,2,4,22.46,10.0,4.0,7,4.0,8,83,8.69,Yes
P0938,19,Male,IT Professional,9.62,1.22,4.8,54,3,0,6,24.67,10.0,4.0,6,4.0,7,52,5.2,Yes
P1753,60,Male,IT Professional,5.29,1.58,1.87,10,0,1,6,22.34,10.0,4.0,6,4.0,8,93,6.83,Yes
P0930,45,Female,Business,5.23,0.82,1.75,25,1,0,7,25.43,10.0,4.0,7,4.0,8,73,6.86,Yes
P0318,54,Female,Student,4.56,1.25,2.5,68,1,0,5,23.5,10.0,4.0,7,4.0,8,74,9.92,Yes
P0618,42,Female,Other,7.09,1.44,4.13,17,0,0,4,23.27,10.0,4.0,5,4.0,6,60,7.41,Yes
P0477,51,Male,Student,5.31,0.97,2.95,43,2,2,6,21.87,10.0,4.0,6,4.0,7,69,6.02,Yes
P1115,36,Male,Other,5.55,0.6,1.47,27,4,2,7,22.19,10.0,4.0,6,4.0,8,55,6.57,Yes
P0415,53,Female,Student,3.39,0.52,1.78,5,1,0,5,21.4,10.0,4.0,6,4.0,6,-10,10.48,Yes
P1966,54,Female,Student,7.72,0.51,1.63,143,5,0,6,22.12,10.0,4.0,8,4.0,8,84,7.8,Yes
P0008,40,Male,Student,3.59,0.7,2.85,48,0,0,5,23.0,10.0,4.0,6,4.0,8,65,8.36,Yes
P0188,23,Male,Government,3.99,0.83,2.9,19,2,1,7,23.02,10.0,4.0,6,4.0,8,65,10.89,Yes
P1758,29,Male,Other,7.26,1.33,3.92,80,1,2,5,24.51,10.0,4.0,7,4.0,8,83,8.23,Yes
P1013,58,Male,IT Professional,4.59,1.17,3.55,18,2,1,4,24.3,10.0,4.0,5,4.0,9,82,8.79,Yes
P1378,41,Female,Business,7.0,2.6,0.77,119,1,0,5,22.98,10.0,4.0,5,4.0,8,82,8.89,Yes
P0370,54,Male,IT Professional,5.5,2.41,2.6,45,1,0,4,24.24,10.0,4.0,5,4.0,6,91,10.64,Yes
P0592,59,Female,IT Professional,10.31,1.55,5.37,34,4,0,8,22.96,10.0,4.0,6,4.0,8,76,5.21,Yes
P1002,37,Male,Student,6.07,0.48,2.26,29,2,1,5,23.13,10.0,4.0,5,4.0,7,75,6.01,Yes
P0397,30,Male,IT Professional,7.24,1.52,0.84,33,2,1,5,22.57,10.0,4.0,8,4.0,9,78,5.73,Yes
P0281,35,Female,IT Professional,5.74,1.78,2.91,46,3,1,3,23.26,10.0,4.0,5,4.0,7,61,10.16,Yes
P1907,55,Male,Student,6.4,1.74,2.01,58,1,0,3,23.4,10.0,4.0,8,4.0,6,83,7.26,Yes
P0191,46,Female,IT Professional,3.83,1.01,2.96,5,4,1,9,23.81,10.0,4.0,4,4.0,6,59,9.9,Yes
P1553,51,Male,Teacher,7.3,2.38,2.65,16,2,0,5,22.62,10.0,4.0,8,4.0,8,73,9.31,Yes
P0246,44,Female,IT Professional,5.63,1.67,2.64,33,1,0,4,24.51,10.0,4.0,6,4.0,8,70,8.89,Yes
P1386,33,Female,Student,5.82,2.13,2.81,59,3,1,3,22.77,10.0,4.0,6,4.0,7,83,7.32,Yes
P1018,33,Male,Student,7.19,2.25,1.45,44,0,0,6,25.11,10.0,4.0,6,4.0,7,100,8.55,Yes
P0982,27,Male,Business,6.58,0.71,0.65,43,4,0,6,24.92,10.0,4.0,6,4.0,6,77,8.67,Yes
P1740,58,Female,Student,7.94,0.96,1.67,41,2,0,7,22.99,10.0,4.0,6,4.0,6,75,9.22,Yes
P1209,23,Female,Other,8.73,1.36,4.8,27,2,0,6,23.48,10.0,4.0,7,4.0,7,81,9.27,Yes
P0968,26,Female,Business,6.56,2.4,6.77,31,2,0,6,23.42,10.0,4.0,5,4.0,8,68,7.07,Yes
P0705,55,Male,Student,6.61,2.34,0.48,24,0,4,5,23.08,10.0,4.0,4,4.0,8,62,6.99,Yes
P0202,39,Male,Student,N/A,2.0,1.83,47,0,1,4,21.36,10.0,4.0,5,4.0,7,59,8.31,Yes
P0715,51,Male,Teacher,5.08,1.87,1.78,18,2,3,6,24.63,10.0,4.0,6,4.0,7,54,8.88,Yes
P0502,30,Male,Other,8.45,2.66,3.96,73,3,1,3,24.33,10.0,4.0,7,4.0,9,88,3.0,Yes
P1077,38,Male,Teacher,3.92,0.92,1.29,76,3,1,4,23.55,10.0,4.0,7,4.0,9,91,6.41,Yes
P1716,41,Male,Business,2.9,0.75,1.96,102,2,3,4,21.9,10.0,4.0,6,4.0,7,69,7.4,Yes
P1979,56,Male,Business,8.03,3.21,4.49,71,3,2,7,22.44,10.0,4.0,7,4.0,8,85,7.16,Yes
P0899,19,Female,Student,8.39,1.21,4.48,49,0,2,7,24.41,10.0,4.0,6,4.0,7,67,11.87,Yes
P1554,28,Female,Student,3.84,1.15,1.91,28,0,2,2,23.25,10.0,4.0,6,4.0,6,72,5.67,Yes
P1871,30,Female,Business,5.97,0.93,1.13,16,2,1,5,24.12,10.0,4.0,4,4.0,6,55,3.0,Yes
P0935,48,Male,Healthcare,7.63,2.09,1.42,86,0,1,6,22.72,10.0,4.0,6,4.0,8,57,5.3,Yes
P1221,20,Male,Teacher,6.17,2.01,3.49,83,3,2,6,23.08,10.0,4.0,6,4.0,7,64,8.11,Yes
P1207,30,Male,Other,10.64,1.44,4.18,37,3,1,8,25.26,10.0,4.0,7,4.0,9,67,6.74,Yes
P0501,43,Female,Health Care,7.6,0.83,2.77,46,2,1,6,24.82,10.0,4.0,5,4.0,7,68,8.87,Yes
P0252,52,Male,Student,5.65,0.71,0.87,36,1,0,1,21.07,10.0,4.0,8,4.0,9,92,6.2,Yes
P0695,41,Female,Other,6.63,2.29,0.0,5,3,3,8,23.3,10.0,4.0,6,4.0,5,73,8.37,Yes
P0627,28,Female,IT Professional,7.18,1.07,2.57,10,1,0,6,22.2,10.0,4.0,5,4.0,6,61,6.08,Yes
P0812,57,Male,Student,5.07,1.39,3.03,5,0,4,2,22.99,10.0,4.0,6,4.0,9,89,7.69,Yes
P1495,60,Male,Student,7.03,0.55,4.01,17,4,0,8,23.68,10.0,4.0,5,4.0,7,69,5.01,Yes
P0457,38,Male,Healthcare,4.07,0.59,4.47,7,5,0,5,23.81,10.0,4.0,7,4.0,8,87,8.39,Yes
P1291,19,Male,Other,7.06,0.66,4.79,18,2,3,7,24.19,10.0,4.0,6,4.0,8,69,5.29,Yes
P0199,52,Female,Business,5.96,1.63,1.76,59,4,3,6,25.45,10.0,4.0,6,4.0,9,67,9.17,Yes
P1127,37,Female,IT Professional,5.09,1.25,1.76,108,3,3,2,22.29,10.0,4.0,7,4.0,9,87,8.18,Yes
P0953,25,Male,Business,8.14,1.72,1.87,21,3,0,8,26.0,10.0,4.0,6,4.0,6,65,8.02,Yes
P0103,40,Male,Healthcare,9.7,2.99,2.41,62,1,2,6,23.58,10.0,4.0,5,4.0,7,75,5.22,Yes
P0888,23,Male,Government,6.07,0.54,1.16,37,3,1,6,22.05,10.0,4.0,6,4.0,8,67,6.88,Yes
P0161,36,Female,Student,5.45,0.6,3.47,23,3,1,7,22.56,10.0,4.0,7,4.0,10,80,9.01,Yes
P1061,32,Male,Student,6.92,1.32,0.99,11,1,0,6,23.64,10.0,4.0,6,4.0,7,66,6.67,Yes
P1218,45,Male,IT Professional,5.31,0.38,1.08,65,1,0,4,24.38,10.0,4.0,6,4.0,7,85,5.75,Yes
P0290,39,Male,Student,6.38,1.01,1.76,10,1,1,2,22.43,10.0,4.0,6,4.0,9,71,6.6,Yes
P1524,48,Male,IT Professional,8.64,1.68,3.26,107,1,1,6,22.67,10.0,4.0,5,4.0,7,52,8.58,Yes
P0045,52,Female,Student,8.82,0.95,3.42,45,0,0,4,24.35,10.0,4.0,8,4.0,10,86,4.53,Yes
P0231,46,Female,IT Professional,7.8,0.79,4.01,51,4,2,8,22.79,10.0,4.0,6,4.0,10,77,8.65,Yes
P0213,25,Female,IT Professional,6.94,1.33,0.65,12,3,1,9,23.13,10.0,4.0,5,4.0,5,52,9.61,Yes
P0118,30,Male,IT Professional,8.47,2.26,3.85,61,1,1,7,23.17,10.0,4.0,6,4.0,8,71,8.17,Yes
P1053,44,Male,IT Professional,7.99,1.14,5.18,158,0,2,5,22.98,10.0,4.0,8,4.0,9,90,8.44,Yes
P0129,58,Female,Healthcare,2.83,0.31,0.0,33,3,1,3,23.23,10.0,4.0,4,4.0,5,74,6.31,Yes
P1409,41,Female,Business,6.78,1.82,2.36,36,2,2,5,24.54,10.0,4.0,6,4.0,7,57,6.03,Yes
P1525,32,Male,IT Professional,8.46,1.78,5.79,52,0,0,4,23.29,10.0,4.0,6,4.0,7,80,9.29,Yes
P1987,32,Male,Healthcare,3.78,0.58,3.25,22,3,2,8,24.63,10.0,4.0,5,4.0,4,80,6.63,Yes
P0963,50,Female,Student,3.56,0.85,0.63,74,2,2,3,22.83,10.0,4.0,8,4.0,8,79,7.24,Yes
P0711,51,Female,Business,7.68,3.02,3.98,67,2,0,5,21.99,10.0,4.0,3,4.0,5,81,9.46,Yes
P1727,37,Male,Teacher,6.97,2.72,5.13,46,1,1,5,22.48,10.0,4.0,4,4.0,6,95,5.78,Yes
P1528,34,Male,Business,2.98,0.37,2.64,51,2,1,5,24.07,10.0,4.0,7,4.0,8,79,5.19,Yes
P0295,30,Male,Business,8.11,1.47,2.92,45,3,1,8,24.46,10.0,4.0,5,4.0,5,69,7.98,Yes
P1999,43,Female,Government,2.74,1.38,0.41,19,3,0,3,22.9,10.0,4.0,5,4.0,8,77,8.73,Yes
P1694,31,Female,Healthcare,9.36,2.91,2.82,64,4,0,8,23.56,10.0,4.0,5,4.0,4,57,7.83,Yes
P0244,34,Female,Teacher,7.34,0.89,1.58,56,1,0,5,22.61,10.0,4.0,8,4.0,10,78,5.56,Yes
P1609,20,Male,Healthcare,4.03,0.46,0.38,59,0,2,1,23.87,10.0,4.0,8,4.0,8,98,5.11,Yes
P1830,45,Male,Healthcare,8.51,2.2,3.59,89,2,0,4,24.3,10.0,4.0,6,4.0,7,64,7.57,Yes
P0708,41,Male,Other,4.15,0.74,0.03,15,4,2,6,21.71,10.0,4.0,7,4.0,7,75,7.64,Yes
P1029,25,Female,Teacher,8.57,2.33,0.81,30,2,2,5,23.2,10.0,4.0,6,4.0,6,70,9.51,Yes
P1075,23,Male,Student,5.79,1.25,1.21,110,3,0,3,23.22,10.0,4.0,7,4.0,9,80,7.49,Yes
P0622,20,Male,Student,4.54,0.85,2.25,36,2,2,6,22.9,10.0,4.0,6,4.0,6,64,6.45,Yes
P0300,56,Female,IT Professional,10.42,1.4,3.29,74,3,2,5,24.26,10.0,4.0,6,4.0,9,61,9.26,Yes
P1861,44,Female,Business,6.19,0.86,1.49,26,1,4,7,25.67,10.0,4.0,4,4.0,8,54,8.17,Yes
P0314,55,Female,IT Professional,7.72,1.46,1.78,24,4,1,7,23.04,10.0,4.0,5,4.0,8,67,7.78,Yes
P0784,20,Female,Teacher,3.9,0.4,3.07,16,0,1,7,21.64,10.0,4.0,7,4.0,6,71,3.02,Yes
P1312,27,Male,Student,6.41,0.0,2.11,52,1,0,7,25.18,10.0,4.0,5,4.0,9,61,6.63,Yes
P0940,52,Female,Healthcare,6.42,0.85,1.25,29,6,1,5,23.37,10.0,4.0,7,4.0,7,95,8.77,Yes
P1916,25,Male,Business,7.39,1.22,1.24,22,2,0,9,22.15,10.0,4.0,6,4.0,6,73,9.46,Yes
P1363,52,Female,Business,8.8,1.75,3.43,121,1,1,3,23.75,10.0,4.0,7,4.0,9,70,7.1,Yes
P1125,26,Male,IT Professional,4.58,2.02,3.37,44,1,1,5,23.91,10.0,4.0,7,4.0,9,78,7.78,Yes
P1995,58,Female,Government,8.38,0.59,5.48,70,3,0,6,24.61,10.0,4.0,7,4.0,9,75,7.3,Yes
P1095,46,Male,Other,7.95,1.98,1.89,47,2,0,4,23.95,10.0,4.0,5,4.0,9,62,8.06,Yes
P1941,43,Female,IT Professional,4.72,1.05,2.35,16,3,0,3,24.03,10.0,4.0,6,4.0,9,79,6.41,Yes
P0498,39,Male,Student,7.4,2.05,3.23,14,3,1,7,23.38,10.0,4.0,5,4.0,5,68,6.27,Yes
P0301,52,Male,Teacher,8.63,2.63,2.68,50,1,0,6,22.2,10.0,4.0,6,4.0,5,62,8.73,Yes
P1206,46,Female,Student,5.75,1.91,1.38,17,3,0,8,23.13,10.0,4.0,5,4.0,7,64,5.78,Yes
P1070,53,Other,Other,6.47,1.27,2.28,127,2,3,2,22.41,10.0,4.0,7,4.0,8,91,8.19,Yes
P1938,55,Female,Teacher,9.6,0.85,3.78,11,2,0,9,23.51,10.0,4.0,5,4.0,6,62,6.28,Yes
P1601,20,Male,Student,8.34,1.68,3.06,4,1,0,6,23.97,10.0,4.0,2,4.0,4,52,7.09,Yes
P0374,37,Male,Government,5.47,1.03,3.78,24,0,0,1,22.25,10.0,4.0,7,4.0,10,86,7.67,Yes
P1650,28,Male,Student,2.43,0.83,2.55,45,0,1,4,22.99,10.0,4.0,7,4.0,8,85,10.72,Yes
P1469,43,Male,IT Professional,9.13,1.91,2.95,49,2,0,6,25.51,10.0,4.0,6,4.0,6,69,8.55,Yes
P1180,52,Male,Healthcare,6.07,0.59,1.62,78,2,1,7,21.43,10.0,4.0,7,4.0,5,72,8.51,Yes
P1646,28,Female,Business,7.44,0.56,2.87,18,3,1,8,22.59,10.0,4.0,6,4.0,5,71,6.03,Yes
P0480,30,Male,IT Professional,7.05,1.5,0.73,23,2,2,8,23.82,10.0,4.0,5,4.0,8,70,5.97,Yes
P1696,28,Female,Other,3.19,1.1,2.51,23,3,3,1,23.32,10.0,4.0,9,4.0,8,98,6.76,Yes
P0177,32,Female,Teacher,8.1,0.1,5.43,125,1,2,8,20.77,10.0,4.0,6,4.0,7,69,10.17,Yes
P1667,31,Female,Teacher,3.52,0.88,1.41,63,3,2,6,22.97,10.0,4.0,7,4.0,7,48,6.98,Yes
P1508,56,Male,Government,8.0,1.87,2.51,58,1,0,3,22.13,10.0,4.0,5,4.0,5,86,8.68,Yes
P1673,48,Female,IT Professional,4.68,1.33,3.83,17,0,0,3,21.37,10.0,4.0,6,4.0,10,91,3.76,Yes
P1791,53,Male,Business,4.86,2.03,2.46,16,0,1,1,24.39,10.0,4.0,9,4.0,10,100,7.89,Yes
P0196,21,Male,Government,9.08,2.18,3.04,154,1,1,9,22.01,10.0,4.0,4,4.0,5,58,5.45,Yes
P1923,22,Male,Teacher,7.85,1.34,2.69,80,2,0,6,23.62,10.0,4.0,8,4.0,6,88,8.88,Yes
P0363,19,Male,Teacher,7.54,1.63,0.73,18,2,1,6,23.67,10.0,4.0,5,4.0,7,65,6.69,Yes
P0419,45,Male,Teacher,3.47,0.58,2.24,32,2,2,5,24.78,10.0,4.0,6,4.0,7,79,10.16,Yes
P0110,19,Male,Government,1.87,0.47,1.41,10,3,1,3,24.57,10.0,4.0,7,4.0,9,100,9.24,Yes
P0400,21,Male,Healthcare,7.39,2.53,1.79,66,1,3,3,24.66,10.0,4.0,6,4.0,10,79,7.85,Yes
P0826,58,Male,IT Professional,1.0,0.0,2.72,108,1,2,3,22.21,10.0,4.0,10,4.0,9,100,10.7,Yes
P0081,21,Male,IT Professional,4.91,0.0,0.0,13,3,2,3,22.13,10.0,4.0,6,4.0,7,75,5.95,Yes
P1786,46,Male,Healthcare,6.54,2.3,2.27,32,4,1,7,24.38,10.0,4.0,6,4.0,5,63,5.52,Yes
P0010,50,Female,Healthcare,7.91,2.73,5.5,35,0,1,4,23.44,10.0,4.0,5,4.0,7,74,5.78,Yes
P1373,37,Female,IT Professional,9.97,2.7,4.44,21,2,2,9,24.99,10.0,4.0,3,4.0,5,52,9.48,Yes
P0660,52,Female,Other,4.86,1.24,4.79,81,3,2,4,22.54,10.0,4.0,6,4.0,6,61,7.38,Yes
P1523,35,Female,IT Professional,2.25,0.85,0.61,47,0,2,2,23.08,10.0,4.0,6,4.0,9,80,6.98,Yes
P0535,40,Female,Government,4.92,1.46,3.3,125,1,1,4,24.08,10.0,4.0,8,4.0,8,90,6.96,Yes
P0644,42,Male,Student,3.76,0.49,1.68,64,5,0,4,23.84,10.0,4.0,5,4.0,8,65,4.91,Yes
P1878,30,Female,IT Professional,2.07,0.3,2.12,13,3,0,4,20.32,10.0,4.0,7,4.0,9,75,7.42,Yes
P0165,21,Male,Student,4.18,0.56,0.0,28,1,0,3,23.53,10.0,4.0,5,4.0,8,68,6.92,Yes
P1633,56,Female,IT Professional,8.03,2.29,4.17,15,2,1,6,22.87,10.0,4.0,5,4.0,8,82,9.46,Yes
P0511,44,Male,Student,2.81,0.56,0.33,28,4,1,7,22.18,10.0,4.0,8,4.0,6,84,9.26,Yes
P0508,38,Male,Government,4.45,0.28,4.53,54,2,1,2,24.46,10.0,4.0,9,4.0,9,96,7.17,Yes
P0877,44,Female,Student,2.54,0.86,0.58,103,2,1,1,20.0,10.0,4.0,9,4.0,10,93,7.88,Yes
P0755,54,Male,Student,8.0,2.25,5.49,9,0,2,6,20.71,10.0,4.0,6,4.0,7,79,8.25,Yes
P0744,60,Male,Government,4.96,1.94,4.14,36,0,1,6,23.44,10.0,4.0,6,4.0,7,76,4.68,Yes
P0933,35,Female,IT Professional,5.07,1.45,1.79,35,2,3,4,22.99,10.0,4.0,6,4.0,10,80,8.47,Yes
P1602,49,Male,IT Professional,6.33,2.02,4.21,22,2,3,5,22.14,10.0,4.0,4,4.0,8,90,6.24,Yes
P1940,38,Male,IT Professional,4.98,1.42,0.35,32,1,0,5,24.06,10.0,4.0,8,4.0,9,84,7.96,Yes
P1681,31,Male,Student,8.21,1.59,2.84,29,1,0,5,22.8,10.0,4.0,4,4.0,6,72,6.61,Yes
P1612,26,Female,Student,4.91,1.46,2.6,30,3,2,5,23.03,10.0,4.0,7,4.0,10,81,6.76,Yes
P0689,53,Female,Government,5.47,0.75,3.65,140,1,2,2,23.11,10.0,4.0,8,4.0,9,86,7.12,Yes
P0794,37,Other,Student,6.83,1.42,5.1,60,1,3,6,25.79,10.0,4.0,6,4.0,9,68,6.48,Yes
P0437,18,Female,Healthcare,5.79,1.64,3.36,22,2,0,6,23.94,10.0,4.0,7,4.0,7,75,9.28,Yes
P0091,24,Female,Student,4.94,0.55,2.74,45,3,3,4,23.16,10.0,4.0,6,4.0,9,76,7.05,Yes
P1752,22,Female,IT Professional,4.48,0.63,0.0,58,2,2,4,22.95,10.0,4.0,7,4.0,9,81,10.19,Yes
P0063,55,Male,IT Professional,6.97,1.13,2.22,43,4,2,6,26.0,10.0,4.0,7,4.0,9,69,5.12,Yes
P1082,51,Female,Student,7.19,1.57,0.85,36,1,1,7,23.48,10.0,4.0,5,4.0,6,62,6.28,Yes
P1868,35,Female,Healthcare,5.56,1.67,1.26,47,3,0,6,20.85,10.0,4.0,6,4.0,7,75,8.97,Yes
P1873,31,Male,Government,6.75,0.83,1.95,15,7,1,6,23.8,10.0,4.0,6,4.0,7,68,7.74,Yes
P0388,57,Female,IT Professional,9.11,1.17,1.55,71,1,0,5,23.66,10.0,4.0,7,4.0,8,73,4.33,Yes
P1334,43,Female,Student,4.71,0.64,0.14,69,3,3,3,22.66,10.0,4.0,7,4.0,8,66,8.19,Yes
P1046,49,Female,Healthcare,4.94,1.31,4.63,40,1,0,4,20.4,10.0,4.0,7,4.0,7,88,6.89,Yes
P1299,22,Male,Teacher,1.89,0.65,4.49,62,2,2,4,23.74,10.0,4.0,7,4.0,8,87,9.58,Yes
P1738,32,Female,Healthcare,3.51,1.14,0.27,25,3,1,10,23.2,10.0,4.0,6,4.0,5,68,7.75,Yes
P1304,44,Female,Healthcare,6.51,2.54,3.96,81,0,1,3,22.19,10.0,4.0,8,4.0,9,75,10.75,Yes
P1937,23,Female,Student,8.43,1.68,1.7,45,1,2,5,23.24,10.0,4.0,5,4.0,7,83,7.94,Yes
P0706,35,Female,Healthcare,3.85,0.59,0.33,92,1,2,4,24.12,10.0,4.0,8,4.0,7,100,7.46,Yes
P1150,29,Male,Teacher,4.68,0.37,1.87,91,3,0,2,24.1,10.0,4.0,8,4.0,8,100,5.09,Yes
P0931,54,Other,IT Professional,4.87,1.39,3.09,24,2,0,6,21.53,10.0,4.0,6,4.0,9,84,6.69,Yes
P1238,52,Male,Student,4.53,1.73,1.2,8,2,2,8,24.48,10.0,4.0,5,4.0,9,64,4.55,Yes
P0123,24,Female,Healthcare,7.05,0.98,3.95,77,1,0,4,24.68,10.0,4.0,8,4.0,8,89,8.64,Yes
P1616,38,Male,Government,2.47,0.08,1.64,37,4,1,5,24.7,10.0,4.0,10,4.0,7,85,11.39,Yes
P1953,48,Male,Healthcare,1.0,0.68,1.81,90,2,1,1,21.57,10.0,4.0,9,4.0,8,99,5.62,Yes
P1580,40,Female,IT Professional,10.55,3.73,3.39,12,1,0,7,21.19,10.0,4.0,3,4.0,8,68,9.12,Yes
P0053,48,Other,Student,3.78,0.89,2.35,29,1,1,4,20.0,10.0,4.0,7,4.0,7,65,5.03,Yes
P1963,19,Female,Other,6.35,1.23,3.1,29,2,1,6,24.0,10.0,4.0,4,4.0,5,42,6.12,Yes
P0042,23,Female,Student,5.51,1.14,1.08,43,4,0,6,22.84,10.0,4.0,4,4.0,3,56,6.93,Yes
P0813,38,Female,Student,3.6,0.22,2.14,122,1,5,1,21.61,10.0,4.0,9,4.0,10,100,8.34,Yes
P1369,38,Female,Teacher,7.05,1.92,3.9,10,2,1,8,24.69,10.0,4.0,6,4.0,6,69,7.1,Yes
P1174,51,Male,Government,2.53,1.04,0.0,59,4,0,6,23.63,10.0,4.0,7,4.0,7,52,10.29,Yes
P1114,18,Male,IT Professional,4.26,0.41,0.71,155,0,0,1,22.19,10.0,4.0,9,4.0,8,100,8.85,Yes
P0774,42,Female,IT Professional,7.46,0.99,2.77,59,4,3,8,22.24,10.0,4.0,5,4.0,7,43,9.6,Yes
P1734,49,Male,Student,7.18,1.91,4.32,5,0,1,7,23.83,10.0,4.0,5,4.0,6,52,7.92,Yes
P1543,24,Male,IT Professional,6.68,1.0,4.55,36,4,2,6,23.21,10.0,4.0,7,4.0,7,88,5.7,Yes
P0682,26,Other,Student,10.04,2.83,3.57,67,2,2,6,23.98,10.0,4.0,3,4.0,5,66,11.71,Yes
P0787,43,Female,Government,8.08,1.16,2.54,7,1,2,9,24.02,10.0,4.0,6,4.0,6,58,6.84,Yes
P0220,56,Male,Business,5.55,1.05,0.5,4,1,2,5,22.82,10.0,4.0,6,4.0,8,63,6.93,Yes
P1816,60,Male,IT Professional,9.56,2.67,3.49,24,2,1,8,26.0,10.0,4.0,4,4.0,4,58,3.59,Yes
P0830,36,Male,IT Professional,4.4,0.36,4.52,23,5,1,5,24.46,10.0,4.0,7,4.0,8,69,9.18,Yes
P1902,26,Female,Student,7.34,1.77,0.0,31,0,2,4,21.12,10.0,4.0,7,4.0,9,79,7.8,Yes
P1611,60,Female,Other,5.97,0.9,2.38,83,3,2,4,24.3,10.0,4.0,6,4.0,6,73,7.97,Yes
P1982,39,Male,Government,6.14,1.07,2.52,74,2,1,8,23.93,10.0,4.0,5,4.0,5,48,4.03,Yes
P1566,40,Female,Student,5.88,0.72,2.83,10,3,1,5,23.07,10.0,4.0,5,4.0,8,94,7.89,Yes
P0292,48,Female,Student,7.62,0.65,2.67,41,4,1,3,24.59,10.0,4.0,6,4.0,9,76,7.94,Yes
P1424,38,Female,Business,8.08,0.65,1.81,49,2,0,7,24.76,10.0,4.0,8,4.0,7,78,5.52,Yes
P0561,52,Male,Teacher,4.92,0.55,3.54,24,0,1,5,23.03,10.0,4.0,6,4.0,7,96,6.64,Yes
P0571,24,Male,Healthcare,4.47,0.49,3.47,65,3,0,3,22.9,10.0,4.0,8,4.0,9,85,7.61,Yes
P0811,30,Female,Business,6.86,1.96,5.89,78,2,0,7,22.25,10.0,4.0,7,4.0,7,79,10.45,Yes
P1242,31,Male,Business,5.83,0.66,0.9,42,4,1,6,26.0,10.0,4.0,6,4.0,6,68,7.15,Yes
P0346,59,Female,IT Professional,8.31,1.38,5.95,81,0,1,5,23.22,10.0,4.0,5,4.0,6,75,7.63,Yes
P1934,26,Female,Teacher,2.09,0.7,0.35,46,1,1,2,22.14,10.0,4.0,8,4.0,8,93,6.5,Yes
P1542,22,Other,Government,4.15,0.95,1.55,17,1,2,4,23.81,10.0,4.0,6,4.0,8,83,6.37,Yes
P1860,25,Male,IT Professional,3.27,0.76,0.51,43,2,0,3,24.28,10.0,4.0,6,4.0,7,90,8.3,Yes
P1325,50,Female,Teacher,6.91,0.36,6.65,26,3,2,8,23.81,10.0,4.0,5,4.0,7,67,6.28,Yes
P0005,35,Male,IT Professional,5.4,1.23,2.94,16,2,0,6,21.24,10.0,4.0,7,4.0,8,93,9.54,Yes
P0988,30,Male,Business,8.83,2.6,2.55,23,2,0,2,22.77,10.0,4.0,5,4.0,7,74,8.78,Yes
P0024,57,Male,Healthcare,4.58,0.83,2.8,11,1,2,6,24.18,10.0,4.0,6,4.0,7,73,6.75,Yes
P0737,33,Male,Other,6.86,0.52,2.04,128,2,1,4,26.0,10.0,4.0,8,4.0,6,89,6.03,Yes
P0299,46,Male,IT Professional,7.37,2.61,1.01,123,1,0,6,23.69,10.0,4.0,6,4.0,6,86,7.41,Yes
P1854,33,Male,IT Professional,7.16,1.99,1.93,50,5,0,6,23.24,10.0,4.0,6,4.0,7,56,9.03,Yes
P0050,54,Female,Healthcare,9.81,0.41,3.86,58,0,0,4,23.48,10.0,4.0,6,4.0,8,73,8.68,Yes
P0947,37,Male,Other,8.6,2.93,2.97,55,3,1,7,24.44,10.0,4.0,5,4.0,7,74,8.39,Yes
P1884,49,Female,IT Professional,2.41,0.9,1.58,45,6,1,6,23.75,10.0,4.0,6,4.0,8,73,7.15,Yes
P0781,52,Female,Healthcare,3.06,0.46,3.34,37,2,1,3,24.95,10.0,4.0,8,4.0,6,80,7.29,Yes
P1603,55,Female,IT Professional,6.39,1.54,0.68,110,3,0,4,21.36,10.0,4.0,6,4.0,6,90,9.78,Yes
P0621,38,Male,IT Professional,7.48,2.0,2.87,26,0,2,2,22.41,10.0,4.0,4,4.0,8,67,8.36,Yes
P0840,40,Female,Healthcare,8.19,2.12,1.73,65,1,4,4,22.7,10.0,4.0,5,4.0,6,83,5.22,Yes
P0028,59,Female,Healthcare,,0.41,0.0,34,1,1,5,21.64,10.0,4.0,8,4.0,10,76,8.83,Yes
P0176,53,Female,Other,9.76,2.06,1.63,18,2,0,5,21.54,10.0,4.0,5,4.0,7,80,7.11,Yes
P1724,60,Other,IT Professional,4.52,0.79,3.17,60,1,1,4,23.88,10.0,4.0,4,4.0,5,77,12.77,Yes
P0990,33,Male,Student,9.09,0.14,2.97,30,2,3,3,22.74,10.0,4.0,9,4.0,8,82,5.54,Yes
P0568,22,Male,IT Professional,8.15,2.86,4.12,6,4,0,8,25.26,10.0,4.0,4,4.0,5,55,5.04,Yes
P1812,36,Male,Student,3.06,1.21,5.05,77,1,0,2,22.28,10.0,4.0,8,4.0,8,98,5.28,Yes
P0803,47,Female,Student,11.73,3.24,8.0,36,3,0,9,24.11,10.0,4.0,4,4.0,4,49,8.01,Yes
P1268,25,Female,Government,3.37,0.75,5.28,57,3,1,5,24.73,10.0,4.0,6,4.0,5,81,8.51,Yes
P0850,34,Male,Teacher,7.17,1.46,2.66,74,2,3,5,23.68,10.0,4.0,7,4.0,7,76,7.21,Yes
P1839,56,Female,Teacher,4.64,1.09,2.71,27,3,2,5,24.2,10.0,4.0,9,4.0,8,79,8.36,Yes
P0286,47,Male,Teacher,8.82,2.13,2.11,32,6,2,10,26.0,10.0,4.0,2,4.0,2,42,10.68,Yes
P1590,32,Female,Other,3.65,1.14,2.47,173,3,2,2,21.72,10.0,4.0,9,4.0,9,91,7.3,Yes
P1079,30,Male,Student,7.04,1.33,3.9,24,0,2,5,24.01,10.0,4.0,6,4.0,5,76,6.87,Yes
P1142,36,Female,Student,5.85,1.72,1.97,61,3,2,6,25.55,10.0,4.0,7,4.0,8,93,4.94,Yes
P0124,31,Male,IT Professional,4.63,1.12,1.06,36,2,1,3,22.49,10.0,,7,4.0,7,71,8.47,Yes
P1399,37,Other,Government,4.63,0.6,4.61,34,2,0,4,21.93,10.0,4.0,7,4.0,9,73,6.13,Yes
P0011,27,male,Business,5.18,0.97,2.95,18,2,2,5,20.63,10.0,4.0,5,4.0,8,57,7.12,Yes
P0730,58,Male,Business,8.03,2.97,3.5,51,1,1,5,23.91,10.0,4.0,6,4.0,6,76,7.09,Yes
P0542,34,Female,Business,9.32,2.12,3.39,146,2,2,4,20.0,10.0,4.0,8,4.0,4,83,8.47,Yes
P0549,27,Female,Teacher,3.48,0.0,1.26,53,2,0,4,22.61,10.0,4.0,8,4.0,8,70,6.65,Yes
P1654,41,Male,Teacher,8.19,2.58,2.44,34,3,1,6,23.54,10.0,4.0,6,4.0,4,59,8.87,Yes
P0783,47,Female,IT Professional,3.58,0.47,3.11,67,1,0,1,23.41,10.0,4.0,8,4.0,8,73,9.63,Yes
P1324,23,Male,Student,6.43,1.62,2.75,39,0,1,8,21.53,10.0,4.0,6,4.0,4,78,9.1,Yes
P1596,39,Male,Other,1.63,0.38,1.99,30,4,1,2,23.39,10.0,4.0,6,4.0,7,69,8.53,Yes
P1950,36,Male,Student,7.57,2.02,3.04,17,3,0,5,25.14,10.0,4.0,5,4.0,6,76,6.55,Yes
P1828,28,Female,Business,8.14,2.67,0.42,12,1,0,7,23.08,10.0,4.0,4,4.0,8,70,10.15,Yes
P0101,23,female,Teacher,7.72,2.6,2.57,42,2,0,4,22.21,10.0,4.0,5,4.0,8,66,8.33,Yes
P0664,50,Male,Student,7.39,2.09,2.43,24,3,2,6,22.9,10.0,4.0,6,4.0,7,56,6.21,Yes
P0698,48,Female,Student,8.28,1.33,5.02,14,2,2,6,23.38,10.0,4.0,5,4.0,9,70,5.52,Yes
P1423,29,Female,IT Professional,9.0,3.55,3.08,74,3,4,5,24.12,10.0,4.0,6,4.0,9,64,7.65,Yes
P0975,20,Female,Student,5.86,1.93,2.47,92,0,2,1,22.04,10.0,4.0,5,4.0,10,76,8.72,Yes
P0724,34,Female,Business,10.78,4.0,3.5,17,2,1,7,24.22,10.0,4.0,3,4.0,4,61,9.23,Yes
P0596,47,Female,Business,5.33,1.0,2.68,101,7,0,6,26.0,10.0,4.0,6,4.0,7,78,10.2,Yes
P0339,44,Male,IT Professional,12.79,2.51,3.36,56,3,2,7,24.36,10.0,4.0,5,4.0,7,68,7.46,Yes
P1171,42,Male,Student,10.99,0.99,4.97,15,1,0,9,22.03,10.0,4.0,5,4.0,5,70,9.84,Yes
P1766,42,Male,IT Professional,7.51,2.19,2.81,152,0,1,2,24.64,10.0,4.0,8,4.0,7,99,7.92,Yes
P0427,44,Male,Student,1.82,0.65,0.63,38,5,1,1,23.65,10.0,4.0,8,4.0,7,85,6.41,Yes
P0145,31,Female,Healthcare,6.26,0.93,1.82,11,3,3,6,23.75,10.0,4.0,8,4.0,8,76,4.29,Yes
P1357,29,Male,Government,4.28,0.32,0.27,124,3,1,2,24.3,10.0,4.0,7,4.0,10,89,6.39,Yes
P1445,30,Female,Government,4.43,0.35,5.02,52,5,0,4,24.31,10.0,4.0,6,4.0,7,80,7.38,Yes
P0761,18,Female,Healthcare,5.31,1.44,1.67,84,2,2,3,22.49,10.0,4.0,6,4.0,8,86,7.91,Yes
P1057,52,Male,Healthcare,7.33,0.47,1.17,43,3,2,6,25.36,10.0,4.0,5,4.0,6,52,8.43,Yes
P0080,52,Male,Teacher,1.84,0.87,0.33,62,2,2,3,22.3,10.0,4.0,8,4.0,10,84,10.14,Yes
P0470,25,Female,Business,6.22,0.6,3.7,28,2,3,9,22.81,10.0,4.0,6,4.0,6,68,6.5,Yes
P0491,57,Other,Teacher,5.5,1.43,1.07,43,4,2,7,23.59,10.0,4.0,6,4.0,9,81,6.38,Yes
P0332,37,Other,Healthcare,8.08,1.66,3.6,13,0,1,5,24.38,10.0,4.0,5,4.0,7,70,8.38,Yes
P1041,40,Male,Student,8.38,1.97,4.53,1,0,1,5,23.58,10.0,4.0,4,4.0,6,43,5.77,Yes
P1876,32,Male,Student,7.77,2.53,2.82,119,4,1,6,22.27,10.0,4.0,5,4.0,7,82,6.2,Yes
P1463,24,Female,Other,6.19,2.04,2.37,32,1,1,3,20.64,10.0,4.0,6,4.0,8,88,6.05,Yes
P1641,31,Female,Other,7.19,0.95,2.03,47,4,1,6,21.71,10.0,4.0,7,4.0,8,86,7.77,Yes
P1116,23,Male,IT Professional,8.14,2.23,4.22,20,3,1,2,25.19,10.0,4.0,7,4.0,9,84,7.65,Yes
P0171,21,Female,Teacher,2.6,1.05,0.0,4,1,2,2,22.18,10.0,4.0,8,4.0,7,81,9.85,Yes
P0273,37,Female,Teacher,7.96,1.16,2.19,7,1,0,5,23.93,10.0,4.0,5,4.0,5,65,7.88,Yes
P0859,59,Female,Business,4.71,0.86,1.88,30,2,0,7,22.39,10.0,4.0,5,4.0,6,68,7.01,Yes
P1100,21,Female,Teacher,6.94,0.21,1.8,11,4,2,6,26.0,10.0,4.0,8,4.0,8,65,9.43,Yes
P1303,45,Female,Government,10.52,2.78,2.75,92,3,1,9,23.74,10.0,4.0,8,4.0,8,59,6.55,Yes
P0325,51,Male,Student,8.03,1.2,2.13,14,4,1,7,23.51,10.0,4.0,4,4.0,4,71,6.15,Yes
P1485,31,Male,Healthcare,7.1,0.65,2.55,47,1,0,7,22.89,10.0,4.0,5,4.0,8,63,8.93,Yes
P1164,22,Male,Healthcare,8.33,2.46,2.31,21,2,0,5,23.33,10.0,4.0,7,4.0,8,85,6.36,Yes
P0057,24,Male,IT Professional,10.89,2.23,5.33,48,2,3,5,24.13,10.0,4.0,4,4.0,7,71,8.12,Yes
P1251,34,Female,IT Professional,2.76,0.5,0.78,61,1,1,2,22.48,10.0,4.0,6,4.0,9,80,9.49,Yes
P1886,18,Male,Other,5.94,0.37,3.95,6,4,1,8,22.39,10.0,4.0,7,4.0,8,72,7.29,Yes
P0108,53,Male,Business,5.9,1.84,3.92,19,2,1,4,21.79,10.0,4.0,6,4.0,6,77,9.41,Yes
P0537,38,Female,Business,3.39,0.88,2.82,22,1,2,7,20.64,10.0,4.0,6,4.0,6,56,8.63,Yes
P0237,32,Male,Other,5.79,1.34,0.0,26,1,1,4,22.59,10.0,4.0,6,4.0,6,56,6.54,Yes
P1213,39,Male,Student,5.3,1.0,3.56,109,3,2,2,23.21,10.0,4.0,8,4.0,9,99,9.39,Yes
P1693,30,Male,Student,4.36,0.85,2.6,36,2,2,7,22.47,10.0,4.0,5,4.0,6,71,7.27,Yes
P0270,25,Male,Teacher,5.13,1.07,4.39,34,2,0,4,22.68,10.0,4.0,6,4.0,7,74,7.55,Yes
P0985,55,Female,Student,7.27,2.15,2.56,34,2,1,6,24.32,10.0,4.0,6,4.0,8,88,5.76,Yes
P0462,20,Female,Government,7.91,1.9,5.18,24,3,1,6,21.76,10.0,4.0,6,4.0,7,76,6.04,Yes
P0075,29,Male,IT Professional,7.47,1.56,3.62,19,3,0,6,22.89,10.0,4.0,6,4.0,8,69,8.24,Yes
P0060,29,Female,IT Professional,5.06,0.47,2.89,59,2,0,1,24.48,10.0,4.0,7,4.0,9,91,9.02,Yes
P0405,57,Male,Government,20,0.85,0.18,47,1,3,2,24.14,10.0,4.0,7,4.0,7,77,6.47,Yes
P0493,59,Female,Student,2.38,0.12,2.84,61,1,2,1,23.71,10.0,4.0,8,4.0,10,81,10.19,Yes
P0572,23,Male,Student,8.31,2.17,2.17,111,0,1,6,23.22,10.0,4.0,6,4.0,8,69,5.43,Yes
P1193,42,Female,Healthcare,4.0,0.41,3.17,37,3,2,3,23.94,10.0,4.0,8,4.0,10,83,9.19,Yes
P1564,18,Male,Student,2.6,0.52,3.12,8,1,0,3,24.08,10.0,4.0,7,4.0,7,82,9.1,Yes
P0740,50,Male,Teacher,9.44,3.3,2.75,49,4,3,5,22.94,10.0,4.0,5,4.0,9,72,8.41,Yes
P1552,20,Male,Government,8.3,1.93,2.35,86,1,0,6,23.97,10.0,4.0,6,4.0,7,74,4.61,Yes
P0012,50,Male,Business,5.44,0.34,4.33,38,4,0,5,23.12,10.0,4.0,6,4.0,8,70,6.47,Yes
P1229,29,Female,Business,7.45,1.54,1.37,43,2,1,7,23.26,10.0,4.0,5,4.0,8,56,5.2,Yes
P0228,39,Female,IT Professional,,1.69,1.01,69,3,3,4,23.81,10.0,4.0,7,4.0,7,75,5.53,Yes
P1847,35,Male,Teacher,10.55,1.99,3.4,89,3,2,9,23.51,10.0,4.0,5,4.0,5,56,7.45,Yes
P1686,55,Male,Healthcare,6.66,1.89,1.05,106,1,3,5,22.27,10.0,4.0,6,4.0,7,79,8.62,Yes
P0027,25,Male,Business,3.31,0.84,1.41,42,4,1,5,23.69,10.0,4.0,5,4.0,7,81,7.08,Yes
P0160,53,Male,Student,5.94,1.52,0.25,117,2,1,3,23.19,10.0,4.0,7,4.0,8,69,4.78,Yes
P0528,50,Female,Teacher,6.01,0.82,1.76,41,3,2,3,23.59,10.0,4.0,7,4.0,10,83,6.68,Yes
P0243,33,Female,Healthcare,2.25,0.0,0.51,8,0,2,4,22.89,10.0,4.0,6,4.0,9,86,8.56,Yes
P0728,39,Female,Teacher,9.38,2.89,3.84,6,1,1,6,22.39,10.0,4.0,4,4.0,4,60,6.77,Yes
P1893,56,Female,Other,10.12,3.04,6.03,117,4,0,5,24.23,10.0,4.0,5,4.0,7,70,10.96,Yes
P1026,33,Female,Healthcare,5.23,1.92,0.72,33,3,3,6,22.1,10.0,4.0,5,4.0,6,63,5.85,Yes
P1102,20,Female,Business,8.16,2.3,0.96,104,4,0,3,25.55,10.0,4.0,7,4.0,9,83,5.01,Yes
P0878,34,Female,Other,8.46,2.9,4.02,41,2,1,8,23.31,10.0,4.0,3,4.0,7,43,7.04,Yes
P0471,47,Male,IT Professional,5.42,1.41,3.26,39,2,0,8,24.51,10.0,4.0,6,4.0,3,68,10.08,Yes
P0072,40,Male,Business,3.04,0.65,1.0,110,2,1,6,22.77,10.0,4.0,8,4.0,9,89,6.78,Yes
P1801,20,Male,Healthcare,6.24,0.19,2.53,124,4,0,4,24.17,10.0,4.0,9,4.0,6,88,7.54,Yes
P1267,49,Female,Student,3.75,0.3,0.0,34,3,3,1,21.28,10.0,4.0,8,4.0,10,100,10.99,Yes
P1510,38,Male,Government,7.48,0.91,1.54,47,1,2,4,24.1,10.0,4.0,5,4.0,9,73,9.94,Yes
P0506,50,Female,Business,9.36,1.81,4.14,28,0,2,7,23.9,10.0,4.0,5,4.0,7,72,4.62,Yes
P0212,19,Male,Teacher,6.2,0.68,4.45,62,1,0,4,21.75,10.0,4.0,7,4.0,10,74,7.04,Yes
P1576,60,Male,IT Professional,6.67,0.96,0.59,90,6,0,4,23.35,10.0,4.0,6,4.0,7,68,7.85,Yes
P1072,42,Male,Healthcare,6.12,0.7,3.38,72,1,1,4,20.91,10.0,4.0,6,4.0,9,78,5.45,Yes
P1862,54,Male,Healthcare,6.96,1.78,3.58,70,0,4,3,21.75,10.0,4.0,6,4.0,6,84,7.31,Yes
P0620,58,Male,Business,6.55,0.82,2.94,26,1,0,4,23.55,10.0,4.0,8,4.0,9,95,7.63,Yes
P1637,56,Female,IT Professional,4.3,1.07,2.33,36,3,1,4,24.74,10.0,4.0,5,4.0,6,71,9.54,Yes
P1798,42,Female,IT Professional,7.12,2.14,4.59,46,0,1,4,23.11,10.0,4.0,6,4.0,7,77,8.46,Yes
P1711,44,Male,Healthcare,4.7,1.19,2.03,20,0,1,3,24.47,10.0,4.0,8,4.0,9,75,8.59,Yes
P0514,31,Female,Student,8.47,3.13,4.45,56,1,1,9,25.25,10.0,4.0,4,4.0,5,45,8.66,Yes
P0355,49,Male,Healthcare,7.54,0.74,2.85,55,2,0,7,23.04,10.0,4.0,6,4.0,7,72,3.9,Yes
P1173,25,Male,IT Professional,2.79,0.3,0.0,35,0,1,4,24.25,10.0,4.0,7,4.0,6,74,9.31,Yes
P1605,23,Male,Student,6.85,1.02,4.03,108,1,2,5,23.55,10.0,4.0,7,4.0,8,86,9.42,Yes
P0488,60,Male,IT Professional,8.04,3.09,2.86,13,1,3,7,23.17,10.0,4.0,5,4.0,7,71,8.84,Yes
P0895,52,Male,Teacher,4.31,1.55,2.61,122,3,1,1,22.76,10.0,4.0,8,4.0,9,95,9.04,Yes
P0802,22,Female,IT Professional,5.65,1.98,2.04,20,1,0,5,20.0,10.0,4.0,4,4.0,6,52,7.6,Yes
P0364,34,Male,Government,7.01,1.5,0.19,74,2,2,2,23.65,10.0,4.0,7,4.0,8,64,5.51,Yes
P1126,43,Female,Teacher,4.54,0.68,5.34,27,2,2,5,22.63,10.0,4.0,6,4.0,8,81,5.8,Yes
P1814,23,Female,Student,5.82,0.61,4.8,12,1,1,2,24.19,10.0,4.0,5,4.0,6,78,6.33,Yes
P1502,46,Female,Government,4.8,1.84,0.42,24,3,0,6,22.53,10.0,4.0,5,4.0,6,74,3.88,Yes
P0865,54,Male,Government,7.46,0.84,2.06,37,0,0,6,22.92,10.0,4.0,7,4.0,9,60,5.33,Yes
P1578,48,Male,Government,9.29,0.72,5.36,95,1,1,6,24.11,10.0,4.0,5,4.0,6,55,5.69,Yes
P1598,18,Male,Government,7.17,1.09,2.06,41,0,2,9,21.31,10.0,4.0,6,4.0,8,61,7.16,Yes
P1262,60,Male,IT Professional,8.33,0.88,4.08,105,4,0,6,23.92,10.0,4.0,6,4.0,8,95,6.17,Yes
P1011,60,Female,IT Professional,6.83,0.98,2.37,60,0,2,4,23.71,10.0,4.0,5,4.0,6,63,6.16,Yes
P1986,55,Female,Teacher,8.28,2.51,3.74,38,1,1,6,24.57,10.0,4.0,8,4.0,8,83,10.26,Yes
P1391,59,Male,Student,5.44,0.95,2.89,64,1,1,5,20.59,10.0,4.0,6,4.0,6,83,8.25,Yes
P0285,51,Male,Student,4.21,0.12,0.21,93,1,1,1,23.64,10.0,4.0,7,4.0,9,90,7.07,Yes
P1413,20,Male,Teacher,7.49,1.14,5.56,19,5,2,6,25.6,10.0,4.0,6,4.0,7,68,6.86,Yes
P0366,19,Female,IT Professional,1.93,0.89,0.17,33,2,4,2,23.3,10.0,4.0,6,4.0,9,84,9.21,Yes
P1400,45,Male,Business,8.0,2.04,2.72,35,4,1,5,25.25,10.0,4.0,7,4.0,8,93,5.06,Yes
P0970,34,Male,Other,6.82,1.84,1.59,59,1,0,2,22.25,10.0,4.0,7,4.0,10,100,5.26,Yes
P1835,45,Female,IT Professional,3.81,0.79,2.37,20,5,1,6,23.87,10.0,4.0,5,4.0,5,68,8.68,Yes
P1709,44,Male,Government,5.62,0.27,3.04,34,1,0,5,22.87,10.0,4.0,6,4.0,8,78,6.28,Yes
P0710,42,Other,Student,8.49,1.93,2.1,100,3,0,7,21.29,10.0,4.0,6,4.0,8,73,11.16,Yes
P1505,42,Male,Other,5.39,0.86,1.84,66,2,3,8,25.1,10.0,4.0,5,4.0,7,48,8.27,Yes
P0874,44,Male,Teacher,3.41,1.0,1.07,36,1,2,2,23.65,10.0,4.0,6,4.0,8,83,5.24,Yes
P1879,29,Female,IT Professional,4.76,0.91,0.92,63,0,1,2,21.46,10.0,4.0,10,4.0,10,100,8.43,Yes
P0691,32,Male,Teacher,5.89,0.91,2.41,22,2,0,7,22.65,10.0,4.0,8,4.0,8,75,8.34,Yes
P1891,56,Male,Other,1.0,0.29,2.87,45,3,0,5,25.34,10.0,4.0,7,4.0,10,80,6.07,Yes
P0336,32,Female,IT Professional,8.13,1.63,1.39,100,1,2,3,24.6,10.0,4.0,6,4.0,8,79,8.55,Yes
P1757,22,Female,Business,3.88,1.2,4.25,65,2,5,2,22.05,10.0,4.0,6,4.0,10,79,8.82,Yes
P0203,43,Female,Other,6.9,1.55,2.61,83,3,3,6,22.46,10.0,4.0,5,4.0,7,71,6.61,Yes
P0790,25,Male,IT Professional,9.73,3.2,5.9,119,5,1,6,25.09,10.0,4.0,5,4.0,7,52,5.96,Yes
P1255,51,Male,Student,4.41,1.16,1.79,65,1,0,3,23.1,10.0,4.0,7,4.0,8,97,6.61,Yes
P1697,47,Male,Student,12.32,2.22,4.81,24,3,0,6,24.18,10.0,4.0,5,4.0,8,60,5.83,Yes
P0958,38,Female,Student,5.56,1.58,4.26,22,1,0,4,24.04,10.0,4.0,5,4.0,7,70,9.41,Yes
P1266,19,Male,Healthcare,7.96,1.1,1.76,20,5,2,8,24.03,10.0,4.0,6,4.0,8,70,9.04,Yes
P0771,39,Male,Business,9.34,2.37,3.16,115,1,1,6,24.08,10.0,4.0,7,4.0,8,76,6.28,Yes
P1741,32,Female,Other,9.12,1.07,3.57,107,2,0,5,22.75,10.0,4.0,6,4.0,8,81,7.58,Yes
P0233,37,Male,IT Professional,5.34,0.95,1.31,24,2,0,1,22.39,10.0,4.0,7,4.0,8,76,6.12,Yes
P0663,19,Male,Government,4.14,0.03,1.82,8,1,1,5,22.18,10.0,4.0,6,4.0,7,66,6.64,Yes
P1574,20,Male,Student,9.75,1.14,4.07,63,3,2,7,22.73,10.0,4.0,7,4.0,6,90,8.48,Yes
P0342,50,Female,IT Professional,6.1,0.39,1.5,35,3,1,6,23.6,10.0,4.0,7,4.0,8,85,6.65,Yes
P0909,49,Female,Government,7.31,2.42,4.8,86,0,0,3,23.29,10.0,4.0,6,4.0,7,68,4.77,Yes
P1157,49,Male,Teacher,3.29,0.98,1.44,65,2,0,1,23.35,10.0,4.0,8,4.0,10,100,5.37,Yes
P0255,57,Female,Business,5.93,1.42,1.23,60,2,1,5,22.04,10.0,4.0,7,4.0,9,79,7.5,Yes
P1071,19,Male,IT Professional,6.61,1.19,4.82,26,3,2,5,24.04,10.0,4.0,4,4.0,7,76,9.14,Yes
P1539,18,Female,IT Professional,8.81,1.44,1.64,24,3,1,6,24.21,10.0,4.0,6,4.0,8,85,4.98,Yes
P0083,21,Female,Teacher,10.27,2.02,5.91,76,0,2,5,25.09,10.0,4.0,6,4.0,7,69,5.89,Yes
P1089,36,Male,Teacher,8.64,1.39,4.12,150,0,1,4,23.18,10.0,4.0,8,4.0,9,82,5.96,Yes
P0678,19,Female,Other,5.88,2.1,4.94,15,1,0,7,22.57,10.0,4.0,4,4.0,8,47,6.97,Yes
P0676,40,Female,Student,6.73,0.91,7.31,80,3,0,5,24.38,10.0,4.0,5,4.0,5,63,4.86,Yes
P1321,28,Female,IT Professional,3.95,1.06,5.16,58,1,0,2,24.45,10.0,4.0,8,4.0,10,95,9.1,Yes
P0632,59,Male,Teacher,11.29,2.22,4.48,35,3,0,9,22.09,10.0,4.0,5,4.0,5,58,6.54,Yes
P1118,38,Female,Student,7.86,2.17,3.58,7,2,1,5,22.72,10.0,4.0,5,4.0,9,79,8.24,Yes
P1451,27,Male,Student,5.03,0.9,4.67,14,5,1,3,25.09,10.0,4.0,7,4.0,10,94,8.51,Yes
P1158,20,Male,Business,6.13,0.44,1.4,48,3,0,6,23.82,10.0,4.0,7,4.0,7,81,6.3,Yes
P0665,43,Male,Healthcare,3.04,0.35,2.09,9,5,2,7,21.82,10.0,4.0,6,4.0,6,75,9.35,Yes
P1765,58,Male,IT Professional,6.29,1.1,2.38,74,2,1,5,25.69,10.0,4.0,6,4.0,5,78,6.94,Yes
P1483,51,Male,Teacher,6.79,2.25,1.11,45,3,0,4,24.36,10.0,4.0,7,4.0,6,85,6.9,Yes
P0379,46,Male,Other,8.36,1.03,3.15,109,4,0,5,23.96,10.0,4.0,8,4.0,7,91,7.23,Yes
P0769,19,Female,IT Professional,6.81,0.73,1.75,26,0,1,3,22.73,10.0,4.0,6,4.0,10,77,7.87,Yes
P1679,40,Male,IT Professional,4.58,0.74,1.4,15,5,2,9,24.76,10.0,4.0,6,4.0,7,67,9.13,Yes
P0122,42,Female,IT Professional,2.5,0.36,0.11,66,3,2,3,23.48,10.0,4.0,9,4.0,8,87,3.62,Yes
P1063,45,Female,Teacher,6.2,1.4,0.0,45,0,2,5,23.19,10.0,4.0,5,4.0,5,86,8.48,Yes
P1504,20,Female,Student,7.86,1.05,0.27,25,0,1,7,23.48,10.0,4.0,5,4.0,6,66,6.22,Yes
P0466,28,Female,IT Professional,5.99,0.68,1.36,66,0,1,5,23.93,10.0,4.0,7,4.0,8,76,9.8,Yes
P1956,26,Male,Teacher,6.62,1.03,8.0,55,2,3,8,23.12,10.0,4.0,6,4.0,8,77,4.74,Yes
P1581,49,Female,Government,3.72,1.05,3.24,39,2,1,5,21.32,10.0,4.0,7,4.0,7,96,8.56,Yes
P1954,47,Female,Business,3.49,0.75,2.46,28,3,1,5,23.65,10.0,4.0,6,4.0,8,84,6.98,Yes
P0920,24,Female,Healthcare,9.54,1.54,3.44,32,1,0,7,25.26,10.0,4.0,4,4.0,6,68,7.23,Yes
P1921,22,Male,Business,5.3,1.39,2.39,31,1,1,6,23.89,10.0,4.0,7,4.0,9,66,7.21,Yes
P1394,48,Male,Healthcare,8.02,1.04,4.49,23,0,0,4,23.52,10.0,4.0,7,4.0,7,92,4.9,Yes
P0694,53,Male,Business,6.42,0.56,3.77,17,2,1,6,23.51,10.0,4.0,7,4.0,8,91,7.88,Yes
P0922,45,Male,IT Professional,5.94,1.16,3.92,36,2,2,4,24.47,10.0,4.0,7,4.0,7,76,7.3,Yes
P0507,48,Male,Healthcare,1.74,0.62,2.46,110,2,1,1,25.09,10.0,4.0,9,4.0,10,81,7.21,Yes
P0218,36,Male,IT Professional,3.73,0.32,1.42,32,3,1,3,23.83,10.0,4.0,7,4.0,7,94,7.17,Yes
P1224,38,Female,Business,10.31,3.06,2.35,25,1,1,7,24.52,10.0,4.0,4,4.0,5,65,9.69,Yes
P0390,30,Male,Teacher,8.05,1.31,4.26,51,2,0,6,23.21,10.0,4.0,5,4.0,8,46,9.11,Yes
P0426,30,Female,Student,9.18,0.78,2.55,32,1,0,8,21.96,10.0,4.0,3,4.0,6,58,5.8,Yes
P1829,18,Male,Other,5.82,1.66,0.58,57,2,0,3,24.32,10.0,4.0,6,4.0,7,74,8.73,Yes
P1853,39,Male,Government,3.45,1.51,0.0,13,1,0,5,22.21,10.0,4.0,6,4.0,8,78,6.33,Yes
P0330,48,Female,Other,5.12,1.56,3.9,53,3,0,3,24.19,10.0,4.0,6,4.0,7,70,10.01,Yes
P0350,45,Male,Other,6.98,2.11,2.5,22,1,1,5,23.37,10.0,4.0,7,4.0,4,79,7.21,Yes
P1980,41,Female,Student,2.36,1.05,0.37,17,1,0,3,23.87,10.0,4.0,6,4.0,8,65,11.06,Yes
P0023,38,Female,Student,5.68,2.59,3.38,30,3,0,2,24.52,10.0,4.0,7,4.0,8,88,5.69,Yes
P0035,45,Female,Student,9.01,1.06,3.86,54,3,4,7,25.76,10.0,4.0,6,4.0,8,83,8.55,Yes
P1301,29,Male,Student,1.0,0.7,0.03,6,1,1,2,23.53,10.0,4.0,6,4.0,8,69,8.05,Yes
P0822,53,Other,Government,6.19,0.62,4.05,44,3,1,7,23.64,10.0,4.0,7,4.0,8,52,6.97,Yes
P0371,38,Female,Student,6.66,1.57,1.55,41,1,1,4,24.84,10.0,4.0,6,4.0,7,77,3.44,Yes
P1184,26,Female,Other,9.03,2.54,3.16,13,7,0,8,24.77,10.0,4.0,4,4.0,6,61,6.2,Yes
P0288,47,Male,Teacher,6.51,2.18,4.12,26,2,3,8,22.53,10.0,4.0,4,4.0,7,79,7.14,Yes
P0184,27,Male,Healthcare,11.85,3.31,5.4,77,1,1,8,23.69,10.0,4.0,4,4.0,7,60,7.34,Yes
P1570,37,Male,IT Professional,6.74,1.85,1.57,34,0,1,5,24.42,10.0,4.0,6,4.0,6,75,6.14,Yes
P0533,55,Female,Other,6.62,1.11,2.05,42,0,1,7,24.06,10.0,4.0,5,4.0,6,80,8.91,Yes
P1806,18,Female,Student,6.03,1.19,0.62,50,1,2,2,23.07,10.0,4.0,6,4.0,9,95,7.9,Yes
P1468,44,Male,IT Professional,5.03,1.2,4.55,32,1,0,5,23.67,10.0,4.0,8,4.0,10,92,11.42,Yes
P1162,25,Female,Government,1.74,0.9,0.98,55,1,0,6,21.85,10.0,4.0,6,4.0,7,64,6.2,Yes
P1529,30,Female,Teacher,5.44,1.42,2.01,43,1,0,7,22.0,10.0,4.0,4,4.0,5,52,6.05,Yes
P1185,53,Female,Healthcare,9.3,1.62,2.17,26,0,1,6,25.15,10.0,4.0,5,4.0,6,61,7.0,Yes
P0741,18,Female,Other,10.48,2.63,3.46,41,6,0,6,25.49,10.0,4.0,5,4.0,6,74,7.85,Yes
P1589,37,Female,IT Professional,4.11,0.84,1.66,35,5,2,7,23.48,10.0,4.0,6,4.0,7,87,7.72,Yes
P1152,32,Female,IT Professional,3.93,0.86,1.67,55,3,2,1,23.58,10.0,4.0,7,4.0,10,95,9.22,Yes
P0007,60,Female,Other,6.09,0.47,2.33,131,2,2,4,24.13,10.0,4.0,6,4.0,8,79,5.35,Yes
P0942,33,Female,Student,5.37,1.33,1.53,47,1,1,2,25.25,10.0,4.0,7,4.0,7,98,7.58,Yes
P0582,41,Male,Business,6.69,0.75,3.41,48,1,1,4,24.07,10.0,4.0,6,4.0,7,94,7.75,Yes
P1105,34,Male,Teacher,8.65,1.49,1.38,50,4,1,5,22.68,10.0,4.0,5,4.0,8,67,8.57,Yes
P0905,27,Female,IT Professional,6.55,1.81,6.57,15,2,1,7,23.11,10.0,4.0,5,4.0,5,54,6.32,Yes
P1905,59,Female,IT Professional,7.01,0.7,1.84,29,1,1,3,23.97,10.0,4.0,7,4.0,8,82,7.76,Yes
P1809,48,Female,Student,3.56,1.19,1.38,70,2,2,2,22.65,10.0,4.0,8,4.0,8,95,10.4,Yes
P1728,45,Female,Healthcare,2.74,0.78,0.25,21,3,1,5,23.14,10.0,4.0,6,4.0,6,74,6.45,Yes
P0365,44,Male,IT Professional,5.68,1.12,1.42,62,0,0,5,24.73,10.0,4.0,8,4.0,10,85,8.95,Yes
P0193,28,Male,IT Professional,11.29,4.0,3.72,70,3,2,4,22.82,10.0,4.0,7,4.0,9,85,6.88,Yes
P0182,22,Male,IT Professional,7.53,2.05,2.88,77,3,0,2,24.55,10.0,4.0,6,4.0,7,81,7.12,Yes
P0215,53,Male,Government,10.64,2.45,2.59,6,4,3,5,23.78,10.0,4.0,4,4.0,7,84,7.87,Yes
P0486,46,Male,Business,6.08,2.45,3.91,41,2,2,5,21.62,10.0,4.0,5,4.0,8,68,8.17,Yes
P1513,59,Female,Student,7.24,2.3,2.7,23,2,0,6,24.98,10.0,4.0,5,4.0,6,65,6.27,Yes
P0649,25,Female,Teacher,5.68,1.89,5.06,30,2,0,3,23.78,10.0,4.0,5,4.0,6,64,7.4,Yes
P1147,38,Male,IT Professional,3.78,0.37,4.51,82,2,1,6,21.64,10.0,4.0,6,4.0,7,86,6.96,Yes
P1520,36,Male,Other,2.29,0.57,1.97,9,3,1,4,23.55,10.0,4.0,5,4.0,8,67,6.12,Yes
P0359,31,Female,Business,1.06,1.02,0.91,NA,4,1,2,25.24,10.0,4.0,7,4.0,9,84,7.6,Yes
P0560,38,Male,Student,7.12,0.75,2.42,96,6,1,6,24.09,10.0,4.0,5,4.0,5,70,9.73,Yes
P0417,44,Male,Business,4.71,1.03,1.8,95,1,1,1,24.55,10.0,4.0,9,4.0,8,100,4.27,Yes
P0873,45,Male,Student,6.79,0.6,1.25,102,4,1,7,23.1,10.0,4.0,6,4.0,5,65,7.02,Yes
P1309,45,Female,IT Professional,5.38,0.03,3.46,98,1,1,3,22.23,10.0,4.0,8,4.0,9,91,9.98,Yes
P1968,45,Female,Teacher,6.25,0.74,1.34,102,3,0,4,23.7,10.0,4.0,8,4.0,8,95,5.72,Yes
P1671,42,Female,IT Professional,8.02,2.15,3.36,98,0,0,3,26.0,10.0,4.0,6,4.0,8,87,8.05,Yes
P1356,19,Male,IT Professional,6.66,1.85,5.28,31,2,2,5,21.16,10.0,4.0,6,4.0,10,100,8.81,Yes
P0775,38,Male,Government,5.26,1.21,1.0,32,2,3,7,24.67,10.0,4.0,6,4.0,9,64,8.57,Yes
P0431,26,Male,Business,5.99,1.94,3.03,15,2,1,6,25.47,10.0,4.0,7,4.0,6,77,7.08,Yes
P0448,38,Female,Student,1.93,0.72,0.99,74,1,2,5,21.48,10.0,4.0,9,4.0,9,74,5.48,Yes
P0100,58,Female,IT Professional,6.27,1.06,2.74,102,3,3,5,22.81,10.0,4.0,9,4.0,7,92,7.94,Yes
P1850,49,Female,Healthcare,4.2,0.85,3.27,16,0,2,5,23.51,10.0,4.0,5,4.0,7,63,7.52,Yes
P0208,50,Male,Government,9.86,1.27,3.53,15,1,1,7,22.73,10.0,4.0,6,4.0,5,86,7.36,Yes
P0789,45,Male,Student,5.08,1.52,3.52,38,1,1,6,21.58,10.0,4.0,6,4.0,7,64,7.84,Yes
P1883,47,Male,Student,8.32,0.98,2.51,54,2,2,6,21.99,10.0,4.0,6,4.0,7,88,6.23,Yes
P1119,22,Female,Student,6.46,1.46,0.0,180,1,1,1,22.5,10.0,4.0,7,4.0,9,74,8.9,Yes
P0289,35,Male,Business,5.31,2.21,4.9,61,0,1,3,24.07,10.0,4.0,7,4.0,8,62,6.23,Yes
P1721,41,Female,IT Professional,8.87,2.16,3.68,55,3,1,7,24.96,10.0,4.0,5,4.0,5,69,7.96,Yes
P0845,39,Male,Student,7.07,1.7,3.17,61,0,1,8,23.07,10.0,4.0,5,4.0,9,66,6.08,Yes
P1824,58,Female,IT Professional,4.29,1.14,1.67,26,1,1,4,22.65,10.0,4.0,5,4.0,6,66,6.94,Yes
P0917,53,Female,IT Professional,3.41,0.81,3.33,134,3,1,2,24.64,10.0,4.0,8,4.0,9,99,8.89,Yes
P1167,56,Female,Teacher,5.78,1.55,3.49,103,0,1,5,22.82,10.0,4.0,7,4.0,8,83,9.4,Yes
P1447,40,Female,Healthcare,5.55,1.95,1.36,7,2,1,5,22.78,10.0,4.0,5,4.0,5,74,9.76,Yes
P1759,32,Female,IT Professional,8.01,1.68,2.77,29,0,1,7,25.82,10.0,4.0,6,4.0,5,82,8.94,Yes
P1384,51,Female,Other,5.04,0.71,1.71,69,2,0,5,22.4,10.0,4.0,7,4.0,9,92,7.07,Yes
P0805,41,Male,Healthcare,8.64,1.35,1.68,42,1,3,7,23.49,10.0,4.0,6,4.0,7,84,7.14,Yes
P0965,57,Male,Teacher,9.66,2.2,2.08,29,2,1,8,23.31,10.0,4.0,4,4.0,7,73,6.39,Yes
P1773,46,Male,Student,8.18,0.32,2.25,98,1,1,9,23.33,10.0,4.0,7,4.0,8,74,8.14,Yes
P1803,53,Female,Other,5.1,0.79,1.39,23,0,0,4,24.58,10.0,4.0,6,4.0,8,83,7.24,Yes
P1421,42,Male,Business,2.71,0.99,1.5,148,3,0,2,24.19,10.0,4.0,6,4.0,9,93,8.87,Yes
P0254,36,Female,IT Professional,9.51,3.57,2.99,76,1,1,1,25.03,10.0,4.0,6,4.0,8,87,7.13,Yes
P1683,23,Male,Student,6.87,1.48,2.24,84,3,0,5,24.87,10.0,4.0,7,4.0,9,86,5.54,Yes
P0937,26,Male,Business,7.62,0.74,1.91,4,3,1,7,23.76,10.0,4.0,7,4.0,5,84,7.71,Yes
P0456,36,Male,Student,7.78,2.58,2.83,65,4,1,4,23.7,10.0,4.0,5,4.0,6,67,8.74,Yes
P0539,43,Female,Business,4.88,1.36,1.08,75,8,2,4,23.21,10.0,4.0,7,4.0,8,76,7.87,Yes
P0875,43,Female,Student,5.23,0.64,1.27,40,0,2,4,23.56,10.0,4.0,9,4.0,10,96,6.44,Yes
P0269,48,Male,Business,8.12,1.07,5.06,17,1,3,8,20.97,10.0,4.0,,4.0,5,69,6.76,Yes
P1088,42,Female,Business,6.24,0.76,2.28,38,4,0,9,23.73,10.0,4.0,6,4.0,6,58,5.93,Yes
P1315,21,Female,Other,6.24,1.24,3.19,49,1,1,6,23.23,10.0,4.0,7,4.0,7,94,7.76,Yes
P0766,43,Female,Healthcare,6.46,1.83,4.08,64,3,2,6,25.44,10.0,4.0,6,4.0,8,69,8.12,Yes
P0546,54,Male,IT Professional,6.79,1.2,5.27,21,4,0,6,25.04,10.0,4.0,6,4.0,6,71,7.17,Yes
P1489,58,Female,Student,4.67,1.45,2.26,97,5,0,6,25.14,10.0,4.0,8,4.0,7,79,6.58,Yes
P1846,41,Male,Teacher,4.8,0.21,2.65,24,1,2,5,23.14,10.0,4.0,7,4.0,6,73,8.24,Yes
P1967,59,Female,Student,4.3,0.44,5.14,28,1,1,6,22.8,10.0,4.0,8,4.0,6,94,8.13,Yes
P0119,21,Male,Teacher,7.1,2.13,1.97,23,0,1,3,21.75,10.0,4.0,6,4.0,9,72,8.93,Yes
P1481,22,Female,Teacher,7.36,0.95,2.37,56,3,3,6,24.31,10.0,4.0,5,4.0,6,68,7.12,Yes
P0414,36,Male,IT Professional,3.53,0.17,3.6,58,5,1,5,24.64,10.0,4.0,15,4.0,8,75,10.79,Yes
P1536,53,Female,IT Professional,3.21,0.39,4.64,41,1,1,5,24.7,10.0,4.0,6,4.0,8,64,6.97,Yes
P0175,21,Female,IT Professional,6.01,0.72,1.58,83,1,3,6,21.89,10.0,4.0,7,4.0,9,68,12.08,Yes
P1642,52,Male,Other,4.85,1.25,3.32,46,3,3,6,23.48,10.0,4.0,5,4.0,5,46,5.05,Yes
P0401,5,Female,Business,4.22,0.0,3.97,69,1,1,4,23.36,10.0,4.0,7,4.0,8,84,6.43,Yes
P1548,41,Female,Business,9.91,2.75,2.74,18,2,0,7,25.53,10.0,4.0,6,4.0,5,70,8.08,Yes
P0094,56,Female,IT Professional,11.05,2.87,4.58,90,2,0,6,22.09,10.0,4.0,6,4.0,7,70,10.13,Yes
P1480,24,Female,Student,6.39,0.94,0.08,55,4,1,5,24.25,10.0,4.0,8,4.0,8,67,6.82,Yes
P1008,50,Female,IT Professional,6.79,1.72,1.46,47,0,1,5,24.77,10.0,4.0,6,4.0,7,76,7.91,Yes
P0312,59,Male,Government,9.13,2.08,4.15,25,1,2,5,24.03,10.0,4.0,5,4.0,7,83,7.55,Yes
P0519,20,Male,Teacher,1.0,0.32,0.2,6,2,0,6,21.43,10.0,4.0,7,4.0,4,75,8.42,Yes
P1471,31,Male,IT Professional,4.27,1.45,3.14,24,3,0,1,21.04,10.0,4.0,6,4.0,8,100,6.69,Yes
P0154,41,Female,Other,6.37,1.45,1.81,36,1,0,2,23.66,10.0,4.0,8,4.0,9,87,7.79,Yes
P1141,28,Male,Business,12.01,1.93,6.07,60,1,2,9,24.94,10.0,4.0,4,4.0,7,59,9.14,Yes
P0921,36,Female,IT Professional,9.11,1.49,1.08,92,1,1,6,21.38,10.0,4.0,5,4.0,5,60,8.23,Yes
P1813,50,Female,Business,5.11,1.02,3.99,44,2,2,3,25.05,10.0,4.0,8,4.0,7,78,4.93,Yes
P0444,33,Male,Business,9.98,3.54,3.3,37,3,2,5,23.66,10.0,4.0,6,4.0,8,68,8.08,Yes
P1557,59,Female,IT Professional,7.62,0.94,5.61,110,1,1,5,22.09,10.0,4.0,7,4.0,10,92,4.25,Yes
P1085,29,Female,Student,4.35,1.75,2.66,26,3,0,8,23.4,10.0,4.0,5,4.0,7,70,7.81,Yes
P1910,35,Female,Student,7.14,0.72,3.2,35,1,1,5,23.39,10.0,4.0,5,4.0,6,82,7.63,Yes
P1048,57,Female,Business,2.73,0.49,1.17,39,0,0,2,21.65,10.0,4.0,6,4.0,7,81,6.64,Yes
P1055,40,Female,Student,5.33,2.1,0.27,77,2,2,2,22.61,10.0,4.0,7,4.0,9,98,5.65,Yes
P0226,41,Female,Healthcare,7.94,2.93,3.43,48,3,1,6,25.16,10.0,4.0,5,4.0,7,72,7.23,Yes
P1025,36,Male,Student,6.29,1.65,3.15,13,3,0,6,23.97,10.0,4.0,5,4.0,6,71,6.79,Yes
P1567,24,Male,Teacher,4.45,1.48,1.73,72,3,0,4,23.6,10.0,4.0,6,4.0,7,84,7.26,Yes
P0714,35,Male,Other,6.98,1.83,1.63,14,2,1,7,26.0,10.0,4.0,3,4.0,5,57,6.76,Yes
P0436,57,Female,Healthcare,5.57,1.06,0.4,32,1,0,5,24.83,10.0,4.0,7,4.0,9,86,8.87,Yes
P0180,41,Female,Student,9.58,3.35,3.9,58,1,2,5,24.08,10.0,4.0,4,4.0,8,55,10.13,Yes
P1914,28,Male,Teacher,8.34,1.28,2.37,107,2,3,7,24.67,10.0,4.0,6,4.0,7,72,6.2,Yes
P1140,34,Female,Business,4.57,0.67,0.0,25,1,1,3,24.61,10.0,4.0,7,4.0,7,80,9.27,Yes
P0509,40,Male,Healthcare,3.62,1.32,0.85,35,3,0,6,21.52,10.0,4.0,7,4.0,6,75,7.51,Yes
P0033,39,Male,Teacher,4.74,0.85,2.47,84,5,1,4,23.06,10.0,4.0,6,4.0,7,90,8.42,Yes
P1678,48,Male,IT Professional,7.15,1.87,2.95,27,0,0,6,23.0,10.0,4.0,6,4.0,7,81,7.73,Yes
P1648,44,Male,Student,8.05,1.52,4.96,55,4,0,6,23.53,10.0,4.0,6,4.0,4,89,9.64,Yes
P0039,58,Female,Student,8.27,,0.97,41,5,1,9,25.06,10.0,4.0,5,4.0,5,80,4.97,Yes
P0025,20,Male,Student,3.26,0.78,1.22,41,1,0,2,22.36,10.0,4.0,6,4.0,8,71,4.65,Yes
P0030,46,Female,Student,10.29,3.17,6.35,68,4,0,7,23.85,10.0,4.0,3,4.0,6,64,7.64,Yes
P0200,55,Male,Government,9.15,0.98,4.25,125,1,1,7,24.79,10.0,4.0,6,4.0,6,72,8.41,Yes
P1230,40,Female,IT Professional,8.68,1.81,2.35,49,1,1,7,22.91,10.0,4.0,5,4.0,7,73,9.34,Yes
P0833,59,Female,IT Professional,7.65,0.58,3.36,63,1,1,4,24.61,10.0,4.0,8,4.0,8,88,7.36,Yes
P1493,59,Female,Student,6.79,1.4,1.08,28,1,3,4,23.18,10.0,4.0,6,4.0,9,60,7.2,Yes
P1320,43,Male,Business,7.47,1.07,3.73,65,2,1,6,23.66,10.0,4.0,8,4.0,8,53,6.92,Yes
P1563,24,Male,Other,8.68,3.03,5.08,17,1,3,7,22.39,10.0,4.0,4,4.0,7,53,7.09,Yes
P0181,54,Male,Teacher,6.76,2.54,1.33,47,2,2,5,23.91,10.0,4.0,5,4.0,6,63,8.74,Yes
P0824,50,Male,Student,2.87,0.46,5.16,118,3,1,5,20.95,10.0,4.0,7,4.0,6,83,7.55,Yes
P1283,38,Male,Teacher,5.41,0.9,1.95,9,1,1,7,22.96,10.0,4.0,4,4.0,5,50,5.52,Yes
P1927,40,Female,IT Professional,6.62,1.47,2.58,102,2,0,3,23.96,10.0,4.0,8,4.0,8,89,8.71,Yes
P1777,35,Male,IT Professional,7.1,0.85,0.8,70,1,0,4,22.37,10.0,4.0,7,4.0,7,81,7.14,Yes
P0265,28,Male,Business,10.54,1.96,4.31,50,4,3,7,24.46,10.0,4.0,7,4.0,7,71,7.45,Yes
P0127,54,Female,Government,9.46,2.43,4.86,22,0,3,8,26.0,10.0,4.0,5,4.0,7,65,9.03,Yes
P1474,48,Female,Other,6.63,0.9,2.3,58,4,2,5,23.29,10.0,4.0,6,4.0,7,54,9.63,Yes
P0720,22,Female,Teacher,7.19,1.39,0.56,64,2,0,5,25.06,10.0,4.0,5,4.0,6,53,8.21,Yes
P0296,44,Female,Healthcare,9.19,2.5,4.05,57,1,4,7,24.07,10.0,4.0,8,4.0,8,93,6.99,Yes
P0795,35,Other,Student,8.14,2.24,1.67,57,1,1,5,22.1,10.0,4.0,7,4.0,7,62,8.29,Yes
P0653,58,Female,Student,7.02,2.83,3.38,84,4,1,4,24.8,10.0,4.0,4,4.0,7,76,4.75,Yes
P0661,46,Male,Student,4.51,1.67,1.87,6,4,1,4,24.33,10.0,4.0,6,4.0,5,73,11.01,Yes
P1647,54,Male,Business,4.85,1.33,2.03,69,2,0,3,25.71,10.0,4.0,7,4.0,5,75,10.1,Yes
P0106,43,Male,IT Professional,6.41,1.03,1.38,56,3,2,6,23.23,10.0,4.0,7,4.0,6,65,10.84,Yes
P1096,45,Other,Government,2.32,0.07,0.0,31,1,2,1,24.2,10.0,4.0,9,4.0,9,87,9.14,Yes
P1259,31,Male,Teacher,4.73,0.33,1.95,107,4,4,6,24.34,10.0,4.0,8,4.0,7,90,7.85,Yes
P0348,33,Male,Student,3.29,0.88,1.48,33,3,1,5,24.77,10.0,4.0,4,4.0,7,66,6.88,Yes
P0746,36,Male,Healthcare,4.69,1.44,3.32,106,0,1,5,21.88,10.0,4.0,9,4.0,9,93,7.84,Yes
P0923,58,Male,Other,8.4,3.05,2.72,79,0,1,3,21.91,10.0,4.0,4,4.0,6,68,7.08,Yes
P0420,60,Female,Student,6.85,1.22,0.43,27,1,1,5,24.67,10.0,4.0,6,4.0,7,82,6.14,Yes
P0403,20,Female,IT Professional,10.19,1.73,3.39,11,1,3,7,25.15,10.0,1,5,4.0,7,61,10.24,Yes
P0510,33,Female,IT Professional,8.04,0.47,4.21,82,2,1,2,23.3,10.0,4.0,8,4.0,8,100,7.42,Yes
P1833,23,Female,Student,10.16,0.53,1.53,31,1,0,8,24.57,10.0,4.0,6,4.0,5,71,9.1,Yes
P1074,47,Male,Student,1.49,1.21,2.16,66,4,0,2,22.89,10.0,4.0,7,4.0,9,90,6.24,Yes
P1411,37,Male,Student,4.22,1.51,3.62,44,1,1,1,25.3,10.0,4.0,7,4.0,7,96,10.01,Yes
P1327,57,Male,IT Professional,4.65,0.64,2.57,48,4,1,4,23.3,10.0,4.0,9,4.0,8,97,3.0,Yes
P1651,19,Male,Other,5.4,0.3,1.34,105,1,1,4,22.42,10.0,4.0,8,4.0,8,83,6.93,Yes
P1204,38,Male,Healthcare,8.89,1.22,4.8,50,0,3,6,23.34,10.0,4.0,6,4.0,7,92,7.35,Yes
P1226,29,Female,IT Professional,8.16,2.57,1.72,90,0,0,6,23.85,10.0,4.0,4,4.0,9,57,9.46,Yes
P0670,40,Female,Teacher,9.09,2.08,0.0,106,1,3,5,24.55,10.0,4.0,7,4.0,8,70,5.47,Yes
P0916,46,Female,IT Professional,2.56,0.89,0.0,43,0,0,3,21.29,10.0,4.0,7,4.0,6,82,4.48,Yes
P1877,47,Female,IT Professional,6.61,1.79,2.0,83,2,1,4,23.62,10.0,4.0,7,4.0,9,89,8.3,Yes
P1614,58,Female,Business,3.07,0.81,2.17,25,0,3,4,23.81,10.0,4.0,8,4.0,9,77,8.61,Yes
P0232,53,Female,Healthcare,4.74,0.35,2.39,66,3,1,4,21.9,10.0,4.0,9,4.0,9,95,5.73,Yes
P0731,23,Male,Student,3.86,1.21,4.34,15,1,0,6,22.86,10.0,4.0,4,4.0,7,92,9.69,Yes
P1475,24,Male,IT Professional,5.53,1.13,0.26,120,2,1,4,22.28,10.0,4.0,10,4.0,8,78,5.43,Yes
P1459,47,Male,IT Professional,5.14,1.44,2.03,22,3,3,6,22.09,10.0,4.0,6,4.0,6,73,7.94,Yes
P1222,52,Female,Student,7.8,0.91,0.0,23,1,2,7,22.66,10.0,4.0,6,4.0,8,96,10.06,Yes
P0704,31,Male,IT Professional,6.72,0.85,2.67,82,2,1,3,23.74,10.0,4.0,6,4.0,9,100,8.38,Yes
P0870,44,Female,Teacher,8.14,1.39,2.49,33,1,0,5,23.96,10.0,4.0,7,4.0,8,81,7.46,Yes
P1817,41,Male,Student,5.64,1.91,2.0,16,2,0,6,21.53,10.0,4.0,3,4.0,7,75,6.03,Yes
P1562,44,Female,IT Professional,3.7,0.95,3.1,42,1,1,3,23.99,10.0,4.0,8,4.0,9,82,6.15,Yes
P1322,20,Male,Teacher,6.11,0.77,2.33,68,4,2,4,22.6,10.0,4.0,8,4.0,7,79,10.29,Yes
P1665,27,Male,Healthcare,7.26,1.57,3.62,81,4,0,4,23.13,10.0,4.0,7,4.0,9,77,8.78,Yes
P1546,58,Male,Government,8.51,2.68,3.02,138,2,0,2,24.47,10.0,4.0,7,4.0,7,78,8.99,Yes
P0717,20,Female,Other,3.3,0.31,3.73,41,2,1,3,26.0,10.0,4.0,7,4.0,9,71,7.62,Yes
P0126,38,Female,IT Professional,10.22,1.58,5.16,2,2,0,8,23.09,10.0,4.0,4,4.0,5,45,7.92,Yes
P0688,21,Male,IT Professional,5.84,1.75,2.88,20,0,0,4,23.5,10.0,4.0,6,4.0,8,71,9.61,Yes
P1768,34,Male,Healthcare,4.31,0.86,0.0,68,1,1,4,25.17,10.0,4.0,7,4.0,7,82,9.46,Yes
P0552,45,Female,Healthcare,3.81,1.02,1.86,49,0,0,3,22.85,10.0,4.0,6,4.0,8,64,5.09,Yes
P0748,18,Female,Government,10.31,1.86,2.58,24,3,2,8,23.21,10.0,4.0,3,4.0,7,61,6.87,Yes
P0608,45,Male,IT Professional,3.22,0.92,3.72,5,1,3,6,23.84,10.0,4.0,4,4.0,6,63,6.03,Yes
P1880,39,Male,Government,6.51,1.79,0.53,43,5,0,6,23.39,10.0,4.0,6,4.0,7,81,9.43,Yes
P1045,47,Female,Student,9.27,2.64,4.42,35,2,0,5,22.31,10.0,4.0,6,4.0,7,81,5.26,Yes
P0809,53,Female,Healthcare,5.53,0.97,1.62,41,3,1,6,21.89,10.0,4.0,7,4.0,9,61,9.56,Yes
P1033,37,Female,Student,7.69,1.63,2.07,140,2,1,5,23.74,10.0,4.0,7,4.0,7,81,7.88,Yes
P0541,26,Male,IT Professional,7.79,2.0,3.46,27,3,0,5,24.74,10.0,4.0,4,4.0,7,64,9.39,Yes
P1302,28,Male,Business,4.97,1.18,3.0,17,2,2,5,22.23,10.0,4.0,5,4.0,6,66,8.87,Yes
P0578,53,Female,Student,6.88,1.9,1.29,15,0,1,7,24.03,10.0,4.0,4,4.0,6,68,3.4,Yes
P0797,60,Male,IT Professional,7.35,1.33,2.69,12,1,1,9,24.39,10.0,4.0,5,4.0,6,86,8.24,Yes
P1533,54,Male,IT Professional,4.97,1.49,4.41,44,5,4,5,22.69,10.0,4.0,7,4.0,6,60,8.0,Yes
P1281,54,Female,Business,6.02,1.26,4.45,67,3,1,6,23.04,10.0,4.0,5,4.0,5,56,8.42,Yes
P0399,23,Male,IT Professional,8.25,1.31,3.64,157,2,2,3,23.1,10.0,4.0,7,4.0,9,79,6.28,Yes
P1991,47,Male,Healthcare,3.05,0.3,3.55,34,0,1,3,23.95,10.0,4.0,6,4.0,7,61,5.93,Yes
P1947,20,Female,Student,4.04,1.08,1.72,37,1,0,2,23.14,10.0,4.0,7,4.0,10,82,9.09,Yes
P1236,45,Female,Teacher,5.61,1.47,3.18,30,1,2,4,24.07,10.0,4.0,6,4.0,9,74,10.17,Yes
P1619,58,Female,Student,3.27,0.19,0.73,37,4,0,6,21.28,10.0,4.0,7,4.0,8,83,5.91,Yes
P0090,37,Male,IT Professional,5.5,1.52,1.81,63,0,2,1,23.59,10.0,4.0,7,4.0,8,94,8.63,Yes
P1429,40,Female,Healthcare,6.49,1.05,4.53,77,1,0,1,24.48,10.0,4.0,8,4.0,9,81,6.57,Yes
P0889,54,Female,Government,8.74,0.91,2.88,50,4,2,6,24.3,10.0,4.0,5,4.0,10,53,5.1,Yes
P0192,20,Female,Healthcare,2.59,0.37,4.83,15,2,0,5,24.05,10.0,4.0,4,4.0,8,64,9.32,Yes
P1559,19,Female,Other,1.92,0.62,1.67,121,4,3,4,21.66,10.0,4.0,8,4.0,10,100,8.97,Yes
P1591,44,Female,Government,9.05,0.76,2.12,34,2,0,8,23.22,10.0,4.0,7,4.0,8,73,8.07,Yes
P1635,57,Female,Student,5.31,2.0,2.78,75,2,1,7,22.73,10.0,4.0,6,4.0,5,71,5.35,Yes
P1964,28,Male,Student,8.78,2.28,2.84,40,1,2,9,25.36,10.0,4.0,6,4.0,5,64,6.57,Yes
P0898,24,Male,Teacher,9.29,1.29,2.58,71,3,0,5,25.19,10.0,4.0,4,4.0,6,74,7.67,Yes
P1499,54,Female,Student,4.76,1.15,0.0,38,0,0,4,22.36,10.0,4.0,5,4.0,7,73,8.94,Yes
P1869,20,Male,IT Professional,1.0,0.19,2.23,50,3,1,5,22.88,10.0,4.0,6,4.0,7,77,8.45,Yes
P1715,38,Female,Student,3.6,0.04,3.06,37,0,0,3,21.5,10.0,4.0,6,4.0,7,69,8.28,Yes
P1052,49,Male,Government,8.13,2.98,2.83,42,1,0,5,26.0,10.0,4.0,6,4.0,7,63,8.0,Yes
P1248,42,Female,IT Professional,8.08,2.18,4.99,69,2,2,6,24.32,10.0,4.0,4,4.0,7,66,8.19,Yes
P1241,21,Male,Teacher,5.64,1.16,5.49,86,1,1,3,21.97,10.0,4.0,7,4.0,5,75,4.55,Yes
P0249,50,Male,Teacher,12.54,1.17,,43,0,4,7,24.24,10.0,4.0,6,4.0,7,67,6.36,Yes
P1214,51,Female,Teacher,7.49,1.66,6.67,41,1,3,9,22.07,10.0,4.0,4,4.0,5,52,7.06,Yes
P1630,40,Female,Other,8.96,2.2,2.2,21,3,2,6,25.11,10.0,4.0,4,4.0,8,64,4.37,Yes
P1416,54,Male,Business,5.68,1.66,5.09,57,2,2,4,22.83,10.0,4.0,7,4.0,10,87,6.56,Yes
P0071,45,Female,Teacher,1.04,0.48,0.0,133,2,0,3,21.73,10.0,4.0,9,4.0,9,100,6.74,Yes
P0800,41,Female,IT Professional,8.58,0.43,6.39,23,2,1,5,24.32,10.0,4.0,6,4.0,6,87,11.36,Yes
P0853,45,Female,Student,8.16,2.16,0.94,48,1,2,6,26.0,10.0,4.0,5,4.0,7,71,7.27,Yes
P0700,28,Female,IT Professional,4.63,1.43,2.7,180,0,2,1,22.02,10.0,4.0,9,4.0,9,83,8.19,Yes
P1933,27,Female,Other,1.66,0.53,0.29,87,2,3,1,24.98,10.0,4.0,7,4.0,8,68,8.16,Yes
P1984,53,Female,Student,3.32,0.44,3.42,64,0,0,4,21.02,10.0,4.0,8,4.0,9,75,4.09,Yes
P1131,50,Male,Other,7.45,1.98,2.76,62,2,0,6,23.91,10.0,4.0,6,4.0,6,84,8.28,Yes
P0881,26,Male,Student,5.11,1.23,3.69,94,5,0,4,23.82,10.0,4.0,8,4.0,8,86,7.99,Yes
P1272,59,Male,Healthcare,5.45,2.16,0.0,16,1,0,5,22.65,10.0,4.0,6,4.0,6,69,7.48,Yes
P1244,25,Female,IT Professional,4.93,0.84,0.3,93,3,1,6,23.96,10.0,4.0,9,4.0,8,82,5.47,Yes
P1258,42,Female,IT Professional,6.85,0.97,2.79,106,0,0,5,25.15,10.0,4.0,7,4.0,7,76,9.47,Yes
P0772,26,Other,Government,4.48,0.76,1.66,49,4,3,4,22.37,10.0,4.0,8,4.0,8,81,10.64,Yes
P1439,22,Male,Government,6.63,0.8,1.61,38,2,5,3,24.12,10.0,4.0,6,4.0,9,77,8.21,Yes
P1313,32,Male,Student,6.41,1.5,2.9,40,5,0,4,26.0,10.0,4.0,6,4.0,7,85,7.94,Yes
P0378,43,Other,Government,3.7,1.63,2.28,57,1,1,1,22.58,10.0,4.0,7,4.0,9,89,10.11,Yes
P0952,20,Male,Healthcare,8.52,1.38,1.35,30,4,1,5,23.7,10.0,4.0,7,4.0,8,77,8.87,Yes
P0673,57,Female,Business,4.47,1.2,2.54,62,4,2,5,23.76,10.0,4.0,5,4.0,7,87,5.98,Yes
P1263,19,Female,Business,4.02,1.15,2.07,50,2,1,4,20.0,10.0,4.0,8,4.0,9,82,8.4,Yes
P0367,25,Female,Student,7.16,2.03,0.0,93,1,0,5,23.37,10.0,4.0,5,4.0,6,75,7.63,Yes
P0987,42,Male,Teacher,6.62,2.76,4.68,21,2,0,6,22.83,10.0,4.0,5,4.0,7,74,7.95,Yes
P0860,21,Female,Teacher,2.43,0.95,2.28,25,0,3,3,26.0,10.0,4.0,6,4.0,8,65,7.62,Yes
P0515,54,Male,Student,9.24,2.65,1.5,14,0,2,7,24.84,10.0,4.0,5,4.0,7,70,8.96,Yes
P1551,23,Male,Healthcare,1.1,0.58,0.9,16,5,1,4,23.34,10.0,4.0,8,4.0,7,92,4.8,Yes
P1586,40,Female,IT Professional,4.71,1.32,2.77,20,1,1,2,22.65,10.0,4.0,8,4.0,8,100,9.23,Yes
P1826,21,Female,IT Professional,5.19,1.81,0.85,37,1,2,5,22.22,10.0,4.0,4,4.0,7,74,8.91,Yes
P0852,34,Female,Student,11.27,2.81,2.48,43,1,1,8,24.22,10.0,4.0,4,4.0,5,80,6.78,Yes
P1931,48,Female,Teacher,8.45,2.26,0.93,11,0,1,4,20.14,10.0,4.0,4,4.0,7,58,7.69,Yes
P0607,55,Female,Other,7.11,1.66,1.13,60,2,2,1,23.08,10.0,4.0,8,4.0,9,70,7.41,Yes
P0334,52,Female,Healthcare,2.59,0.79,0.8,36,2,1,4,20.99,10.0,4.0,6,4.0,8,78,9.55,Yes
P1677,42,Female,Healthcare,8.91,0.98,1.9,23,2,2,6,23.83,10.0,4.0,6,4.0,7,77,7.66,Yes
P1129,24,Male,Business,9.68,2.18,4.74,11,2,1,7,24.72,10.0,4.0,5,4.0,6,72,8.39,Yes
P1153,23,Male,Government,6.17,1.46,3.04,180,6,0,4,23.42,10.0,4.0,8,4.0,9,100,11.11,Yes
P1892,23,Female,Government,7.13,1.26,3.37,44,1,5,5,25.05,10.0,4.0,7,4.0,7,85,6.8,Yes
P0564,59,Male,Student,6.75,2.46,3.4,31,3,2,7,24.71,10.0,4.0,5,4.0,8,74,6.47,Yes
P1249,44,Female,IT Professional,3.65,1.64,0.0,61,1,0,2,24.53,10.0,4.0,7,4.0,9,80,7.25,Yes
P0242,42,Female,Student,7.41,1.59,1.68,35,4,1,8,20.0,10.0,4.0,3,4.0,4,56,4.23,Yes
P0846,38,Male,Government,6.71,1.24,0.0,74,3,1,5,23.71,10.0,4.0,4,4.0,5,93,8.48,Yes
P1031,26,Male,Student,11.09,2.0,1.2,31,3,0,6,23.62,10.0,4.0,4,4.0,6,59,6.07,Yes
P1624,39,Male,IT Professional,9.03,3.0,1.81,19,0,0,6,22.29,10.0,4.0,5,4.0,8,62,7.67,Yes
P1428,29,Male,Other,7.86,2.05,2.74,76,4,3,4,22.64,10.0,4.0,7,4.0,8,80,6.68,Yes
P0223,58,Female,Student,5.87,1.79,3.3,43,2,1,7,23.0,10.0,4.0,6,4.0,7,70,6.78,Yes
P0550,34,Male,IT Professional,1.07,0.0,1.07,53,1,1,1,22.79,10.0,4.0,9,4.0,9,96,6.88,Yes
P1631,31,Female,Teacher,3.72,0.02,3.42,10,0,0,6,22.8,10.0,4.0,6,4.0,5,77,7.88,Yes
P1632,48,Female,IT Professional,6.98,3.33,3.62,72,3,1,8,22.57,10.0,4.0,4,4.0,5,68,6.8,Yes
P0893,27,Female,IT Professional,5.25,1.81,1.88,63,3,3,6,21.72,10.0,4.0,5,4.0,8,68,8.04,Yes
P1086,31,Female,IT Professional,7.7,2.28,3.12,52,1,1,5,22.86,10.0,4.0,6,4.0,8,88,10.79,Yes
P0527,58,Female,Student,7.5,1.06,4.52,72,1,2,7,23.79,10.0,4.0,4,4.0,5,66,3.69,Yes
P0446,42,Male,IT Professional,8.16,2.83,4.08,28,1,3,5,24.91,10.0,4.0,3,4.0,7,62,8.29,Yes
P1087,31,Female,Student,4.14,0.53,2.34,67,3,2,6,25.13,10.0,4.0,8,4.0,6,71,6.33,Yes
P0944,37,Male,Student,8.71,1.7,3.74,64,0,1,5,24.88,10.0,4.0,5,4.0,8,84,7.92,Yes
P1062,22,Female,Student,5.69,0.51,3.37,55,1,1,2,21.82,10.0,4.0,7,4.0,7,86,8.3,Yes
P1834,56,Male,Student,8.45,2.08,2.9,14,4,1,8,23.02,10.0,4.0,4,4.0,7,44,5.22,Yes
P0641,41,Male,Business,8.42,1.17,6.09,73,0,1,5,22.27,10.0,4.0,4,4.0,7,59,8.24,Yes
P0626,39,Male,Government,9.39,1.44,2.65,87,4,0,5,26.0,10.0,4.0,7,4.0,6,87,8.33,Yes
P0015,37,Male,Student,6.86,1.01,5.5,15,1,2,4,24.03,10.0,7 hrs,6,4.0,9,66,10.23,Yes
P0166,29,Female,Other,6.74,2.59,2.09,29,2,1,4,23.34,10.0,4.0,6,4.0,7,72,7.39,Yes
P0619,40,Female,Other,6.43,0.58,4.77,59,0,1,4,22.23,10.0,4.0,6,4.0,7,63,10.93,Yes
P1544,44,Male,Student,4.08,0.6,1.76,71,1,2,4,22.65,10.0,4.0,7,4.0,8,98,7.02,Yes
P1894,41,Male,IT Professional,5.34,0.56,1.78,43,2,3,3,24.26,10.0,4.0,7,4.0,7,68,9.34,Yes
P1575,34,Male,IT Professional,9.04,3.05,2.2,11,2,1,5,24.44,10.0,4.0,4,4.0,7,62,8.75,Yes
P1776,30,Female,Business,6.13,1.4,2.34,42,1,1,4,25.16,10.0,4.0,6,4.0,9,71,5.3,Yes
P1425,39,Female,IT Professional,7.68,1.93,2.4,102,2,1,6,23.17,10.0,4.0,7,4.0,8,80,10.06,Yes
P1492,59,Male,Teacher,6.7,1.67,0.0,85,0,2,8,23.56,10.0,4.0,6,4.0,7,52,7.45,Yes
P1037,55,Female,Healthcare,9.6,1.64,4.91,28,1,1,7,24.74,10.0,4.0,5,4.0,6,64,6.99,Yes
P1183,58,Female,Business,3.29,0.45,2.63,92,5,0,6,21.51,10.0,4.0,7,4.0,8,77,8.86,Yes
P1675,60,Female,Healthcare,4.2,0.92,3.64,22,2,1,6,21.35,10.0,4.0,5,4.0,7,62,7.47,Yes
P0440,24,Female,Business,7.52,0.95,3.29,20,2,0,7,22.79,10.0,4.0,5,4.0,8,43,8.84,Yes
P1311,34,Female,IT Professional,9.2,2.29,4.28,55,1,3,5,22.85,10.0,4.0,4,4.0,6,73,8.44,Yes
P1169,41,Female,IT Professional,1.06,0.0,1.46,55,1,1,4,22.57,10.0,4.0,7,4.0,8,82,9.27,Yes
P0406,37,Female,Student,28,0.28,0.0,8,2,2,2,24.08,10.0,4.0,6,4.0,9,67,5.05,Yes
P0594,42,Female,Teacher,10.08,2.26,5.88,55,2,0,8,24.26,10.0,4.0,5,4.0,6,63,7.5,Yes
P1438,38,Male,Student,6.4,0.44,3.36,98,4,1,8,23.81,10.0,4.0,7,4.0,8,66,7.21,Yes
P1771,52,Male,Student,3.67,0.83,3.47,27,1,1,1,22.07,10.0,4.0,8,4.0,9,100,10.25,Yes
P1713,23,Female,Government,7.04,1.42,4.35,43,2,1,7,23.38,10.0,4.0,7,4.0,7,58,5.57,Yes
P0478,57,Male,Student,6.89,1.99,4.14,87,2,1,6,23.53,10.0,4.0,7,4.0,7,100,5.42,Yes
P1682,34,Male,Other,2.2,0.0,0.32,18,4,0,4,23.4,10.0,4.0,5,4.0,8,79,7.42,Yes
P1857,59,Female,Business,7.75,1.93,0.91,87,1,1,5,21.03,10.0,4.0,6,4.0,6,64,5.36,Yes
P0026,38,FEMALE,IT Professional,5.13,1.45,2.59,27,4,1,6,24.06,10.0,4.0,6,4.0,7,69,8.12,Yes
P0590,54,Male,Teacher,7.27,1.92,5.29,65,3,0,6,24.29,10.0,4.0,5,4.0,7,57,4.62,Yes
P1106,20,Female,IT Professional,7.36,2.31,0.86,11,1,0,3,24.75,10.0,4.0,4,4.0,7,77,8.63,Yes
P0362,45,Male,Other,2.2,0.82,0.57,31,2,2,4,24.43,10.0,4.0,7,4.0,7,92,9.69,Yes
P0134,24,Male,Government,7.94,2.77,2.23,25,0,3,2,24.33,10.0,4.0,4,4.0,6,84,7.58,Yes
P0002,46,Male,Healthcare,4.76,0.8,0.28,88,2,0,4,21.65,10.0,4.0,7,4.0,9,98,3.65,Yes
P0294,48,Female,Student,5.1,0.96,2.23,23,1,1,3,22.54,10.0,4.0,7,4.0,10,72,9.09,Yes
P1044,37,Female,Healthcare,9.31,3.54,3.59,84,2,2,6,24.26,10.0,4.0,6,4.0,10,63,6.15,Yes
P1054,29,Female,Student,9.48,1.24,2.81,42,7,1,8,25.19,10.0,4.0,3,4.0,4,59,7.22,Yes
P1359,24,Male,Teacher,4.63,0.91,1.78,124,2,2,4,21.34,10.0,4.0,8,4.0,10,77,4.46,Yes
P0887,57,Female,IT Professional,6.29,0.49,0.03,79,2,0,1,23.77,10.0,4.0,8,4.0,10,100,6.59,Yes
P1526,43,Female,Government,7.1,0.78,3.28,13,3,3,7,24.08,10.0,4.0,5,4.0,6,65,8.15,Yes
P1064,57,Female,Healthcare,3.21,0.52,2.39,27,4,1,2,22.31,10.0,4.0,7,4.0,8,87,9.09,Yes
P0584,39,Female,Student,9.63,1.61,3.65,20,1,0,9,23.03,10.0,4.0,5,4.0,5,67,5.31,Yes
P0351,32,Other,Business,6.67,1.78,1.61,60,2,1,7,24.21,10.0,4.0,6,4.0,7,68,4.84,Yes
P1108,26,Male,Healthcare,7.13,2.49,2.47,20,0,1,3,24.06,10.0,4.0,5,4.0,7,69,6.77,Yes
P0882,49,Male,Other,4.04,0.43,1.39,59,2,1,4,23.22,10.0,4.0,5,4.0,7,68,10.16,Yes
P0897,40,Male,Other,6.57,1.99,4.05,27,2,3,4,23.85,10.0,4.0,6,4.0,5,69,7.81,Yes
P0496,38,Female,Healthcare,1.46,0.01,3.53,24,0,3,3,23.67,10.0,4.0,8,4.0,7,79,9.99,Yes
P0331,55,Female,Student,5.74,1.53,0.06,68,2,2,4,23.86,10.0,4.0,6,4.0,7,78,6.62,Yes
P0054,24,Male,Teacher,6.5,1.17,2.59,25,2,4,6,23.62,10.0,4.0,6,4.0,7,69,9.1,Yes
P1751,31,Female,Other,5.18,1.23,0.45,65,1,0,4,22.62,10.0,4.0,8,4.0,9,82,6.93,Yes
P0791,50,Male,Student,5.33,1.52,5.55,23,2,0,5,24.48,10.0,4.0,4,4.0,7,57,3.4,Yes
P1198,43,Male,IT Professional,5.29,1.52,3.62,18,2,0,3,21.52,10.0,4.0,4,4.0,8,79,6.46,Yes
P0914,60,Male,Government,5.52,1.82,3.56,33,2,2,4,23.56,10.0,4.0,5,4.0,7,71,7.94,Yes
P1461,18,Male,Government,2.78,0.79,2.37,42,1,1,3,24.55,10.0,4.0,6,4.0,8,69,6.47,Yes
P0489,22,Female,IT Professional,3.05,1.52,3.3,70,1,0,1,24.64,10.0,4.0,7,4.0,10,90,8.05,Yes
P0770,27,Male,Student,5.96,1.09,1.72,65,2,0,3,22.89,10.0,4.0,7,4.0,8,66,7.89,Yes
P1595,29,Male,IT Professional,6.74,1.65,2.87,9,2,0,3,21.8,10.0,4.0,7,4.0,10,84,8.75,Yes
P1856,27,Female,Business,3.91,0.23,0.63,52,2,4,3,22.95,10.0,4.0,7,4.0,8,70,4.5,Yes
P1922,30,Female,IT Professional,6.96,0.56,0.06,72,1,1,6,24.58,10.0,4.0,7,4.0,7,76,12.03,Yes
P1896,21,Female,IT Professional,2.14,1.01,1.29,29,3,1,3,22.25,10.0,4.0,7,4.0,8,77,10.67,Yes
P1491,54,Female,Other,3.17,0.26,2.58,63,1,0,3,22.21,10.0,4.0,9,4.0,8,72,7.4,Yes
P1948,25,Female,Other,10.74,3.6,1.96,116,3,0,1,22.78,10.0,4.0,7,4.0,6,98,8.67,Yes
P1855,54,Female,Other,6.09,1.74,4.13,81,0,2,1,23.08,10.0,4.0,6,4.0,9,76,5.64,Yes
P1448,57,Female,Student,5.99,0.71,2.9,43,4,3,7,22.85,10.0,4.0,6,4.0,9,69,9.86,Yes
P0545,24,Male,Other,6.43,1.3,0.78,9,1,1,5,23.74,10.0,4.0,5,4.0,6,65,5.74,Yes
P0150,51,Male,Student,8.12,1.5,2.12,41,0,1,7,22.46,10.0,4.0,4,4.0,6,71,9.82,Yes
P0517,29,Female,Teacher,4.45,1.15,3.81,82,3,1,6,21.08,10.0,4.0,6,4.0,6,72,5.16,Yes
P0886,54,Male,Teacher,7.87,2.73,6.33,56,1,1,6,24.67,10.0,4.0,5,4.0,8,62,9.44,Yes
P1243,54,Female,IT Professional,4.04,1.09,0.0,171,2,1,1,22.49,10.0,4.0,8,4.0,8,100,8.15,Yes
P0752,37,Male,IT Professional,11.13,1.88,4.62,68,1,1,4,21.7,10.0,4.0,7,4.0,7,98,6.92,Yes
P1621,51,Female,Other,7.68,1.67,0.0,75,0,0,4,21.81,10.0,4.0,6,4.0,7,66,9.5,Yes
P1007,48,Female,IT Professional,6.49,1.0,1.52,109,3,2,8,22.68,10.0,4.0,7,4.0,7,66,10.71,Yes
P0495,32,Female,IT Professional,4.34,1.58,1.48,47,1,2,1,23.01,10.0,4.0,7,4.0,7,79,8.61,Yes
P0640,21,Female,Other,5.94,1.48,3.39,16,1,1,7,22.29,10.0,4.0,7,4.0,7,83,8.61,Yes
P0465,47,Female,IT Professional,3.13,0.23,0.0,69,2,2,3,24.17,10.0,4.0,8,4.0,9,84,4.16,Yes
P0144,25,Female,Business,3.83,0.55,2.41,87,1,1,1,22.23,10.0,4.0,7,4.0,9,92,7.75,Yes
P1151,56,Female,Student,4.56,1.27,3.66,24,1,3,3,20.34,10.0,4.0,6,4.0,8,83,6.77,Yes
P1177,43,Female,Student,2.28,0.17,0.65,58,1,1,4,24.5,10.0,4.0,8,4.0,8,92,7.45,Yes
P0239,41,Male,Business,9.9,,5.18,56,1,1,3,24.73,10.0,4.0,6,4.0,8,65,10.96,Yes
P0753,32,Male,Student,5.45,1.49,2.67,23,0,1,3,24.9,10.0,4.0,6,4.0,9,80,7.99,Yes
P0593,37,Male,Teacher,9.46,2.61,2.1,68,1,2,7,25.35,10.0,4.0,4,4.0,6,44,11.88,Yes
P0630,45,Male,Student,4.09,1.56,0.84,20,1,0,3,22.84,10.0,4.0,5,4.0,6,75,8.99,Yes
P0925,38,Female,IT Professional,9.41,3.0,1.54,161,2,2,7,23.68,10.0,4.0,6,4.0,5,75,10.3,Yes
P0831,54,Male,IT Professional,1.0,0.63,2.17,49,2,2,7,22.65,10.0,4.0,4,4.0,5,64,5.83,Yes
P1560,53,Male,IT Professional,7.08,1.05,3.53,87,2,0,5,22.6,10.0,4.0,6,4.0,7,89,5.95,Yes
P1960,36,Female,Business,8.13,2.06,2.61,31,1,2,3,22.48,10.0,4.0,5,4.0,8,70,9.6,Yes
P0248,39,Male,Healthcare,5.74,1.47,4.13,23,1,1,3,22.82,10.0,4.0,4,4.0,7,69,6.04,Yes
P1014,54,Other,Government,6.81,1.89,2.59,73,2,3,3,24.66,10.0,4.0,6,4.0,7,79,8.08,Yes
P0574,43,Male,Healthcare,6.86,1.18,4.83,80,1,1,7,22.5,10.0,4.0,5,4.0,7,69,6.4,Yes
P1133,18,Female,IT Professional,6.3,1.42,0.92,31,6,2,6,25.55,10.0,4.0,6,4.0,5,79,6.02,Yes
P0384,58,Male,Government,6.56,0.98,2.56,39,4,1,9,25.36,10.0,4.0,6,4.0,6,81,7.96,Yes
p1000,54,Male,Other,5.16,1.72,0.0,38,1,3,4,22.39,10.0,4.0,7,4.0,7,78,5.36,Yes
P0338,45,Male,Government,7.83,2.62,1.93,43,4,2,7,23.49,10.0,4.0,5,4.0,4,60,7.38,Yes
P0340,50,Female,Other,5.48,1.66,2.53,40,4,0,6,24.79,10.0,4.0,4,4.0,6,74,5.45,Yes
P0605,18,Other,IT Professional,6.8,1.07,1.65,4,0,0,5,23.47,10.0,4.0,6,4.0,6,78,8.92,Yes
P1069,55,Male,Government,5.76,2.13,4.87,43,3,1,6,23.72,10.0,4.0,5,4.0,5,72,7.24,Yes
P0819,60,Male,Government,1.0,0.48,1.14,104,2,2,1,24.27,10.0,4.0,8,4.0,10,95,7.46,Yes
P0602,53,Male,IT Professional,9.15,2.87,1.67,41,4,1,9,26.0,10.0,4.0,5,4.0,7,51,7.8,Yes
P1430,59,Male,IT Professional,6.05,1.96,3.36,80,3,0,6,23.35,10.0,4.0,9,4.0,7,83,7.3,Yes
P0745,36,Male,IT Professional,4.61,1.39,4.19,22,1,1,5,21.85,10.0,4.0,5,4.0,7,77,8.32,Yes
P0216,51,Male,Government,6.2,1.16,3.12,80,5,1,10,23.24,10.0,4.0,8,4.0,8,63,6.0,Yes
P1531,29,Female,Other,3.03,0.54,1.76,15,1,1,3,22.29,10.0,4.0,7,4.0,8,92,5.77,Yes
P1349,18,Female,Student,8.54,1.87,4.37,75,5,2,6,25.06,10.0,4.0,5,4.0,8,64,6.33,Yes
P1895,21,Male,IT Professional,5.77,1.95,1.8,51,2,0,4,21.62,10.0,4.0,6,4.0,8,76,10.22,Yes
P0169,29,Female,Healthcare,4.32,0.99,3.24,84,3,0,2,22.13,10.0,4.0,NA,4.0,9,86,6.63,Yes
P0138,58,Male,IT Professional,4.09,1.16,3.61,45,1,1,4,22.62,10.0,4.0,7,4.0,7,71,10.77,Yes
P0902,48,Female,Student,6.83,2.08,1.38,49,3,0,5,24.61,10.0,4.0,7,4.0,8,78,4.85,Yes
P0423,25,Female,Government,7.89,0.82,2.86,73,3,0,6,23.57,10.0,4.0,6,4.0,7,83,8.7,Yes
P0221,23,Female,IT Professional,6.94,0.91,3.08,22,0,2,4,23.79,10.0,4.0,6,4.0,7,53,10.09,Yes
P0979,28,Female,Teacher,2.22,0.13,0.99,27,6,0,2,24.16,10.0,4.0,8,4.0,9,81,5.85,Yes
P1704,29,Female,Student,7.54,2.53,2.97,56,0,3,3,23.64,10.0,4.0,5,4.0,7,79,7.32,Yes
P1250,28,Male,Teacher,8.46,2.67,2.82,24,2,0,6,24.7,10.0,4.0,4,4.0,6,48,7.68,Yes
P0455,41,Male,IT Professional,5.77,1.67,1.27,8,1,2,7,24.38,10.0,4.0,5,4.0,5,76,8.7,Yes
P0520,39,Male,Student,6.53,0.59,0.0,17,3,0,6,25.39,10.0,4.0,7,4.0,6,74,6.12,Yes
P1346,56,Male,Student,5.7,0.67,5.49,74,1,2,7,22.81,10.0,4.0,6,4.0,8,73,9.29,Yes
P1652,29,Male,Student,4.53,0.65,2.11,55,1,1,4,23.79,10.0,4.0,8,4.0,9,97,7.29,Yes
P1604,29,Female,Government,3.54,0.85,2.64,68,0,2,2,23.72,10.0,4.0,6,4.0,8,80,7.55,Yes
P0356,24,Female,IT Professional,6.78,1.31,4.48,39,1,2,6,23.21,10.0,4.0,6,4.0,7,71,10.5,Yes
P1306,20,Other,Other,4.26,0.56,1.84,50,2,3,4,22.29,10.0,4.0,7,4.0,9,86,6.63,Yes
P0993,45,Male,Student,7.36,2.28,4.08,63,1,0,6,23.9,10.0,4.0,6,4.0,8,65,6.76,Yes
P0758,49,Male,Business,6.56,0.9,5.29,56,1,0,5,22.86,10.0,4.0,7,4.0,9,80,6.75,Yes
P1161,49,Male,Other,4.53,0.79,3.1,45,1,1,5,22.78,10.0,4.0,7,4.0,9,81,7.07,Yes
P1736,23,Female,Student,7.11,1.61,2.78,35,2,1,7,23.15,10.0,4.0,4,4.0,6,63,5.35,Yes
P1859,60,Male,Student,9.83,3.53,2.56,27,0,1,7,24.65,10.0,4.0,3,4.0,5,55,8.11,Yes
P0195,21,Female,IT Professional,9.26,2.73,1.69,20,2,2,7,24.65,10.0,4.0,3,4.0,6,61,5.42,Yes
P1918,55,Male,Teacher,8.42,3.28,0.35,82,1,2,3,23.17,10.0,4.0,6,4.0,7,71,8.3,Yes
P0402,120,Male,Government,6.03,0.87,2.46,56,2,1,6,23.68,10.0,4.0,8,4.0,8,90,6.35,Yes
P0666,49,Female,Government,4.06,0.81,4.2,35,2,0,4,22.75,10.0,4.0,6,4.0,9,71,10.94,Yes
P1754,40,Male,Business,4.36,1.11,2.0,53,3,2,2,23.76,10.0,4.0,6,4.0,8,79,7.72,Yes
P1912,44,Male,IT Professional,4.72,1.22,0.51,21,0,1,4,24.46,10.0,4.0,7,4.0,9,72,8.23,Yes
P1318,41,Female,Healthcare,8.31,2.66,0.32,2,1,1,9,23.17,10.0,4.0,5,4.0,2,72,8.37,Yes
P1952,20,Female,IT Professional,6.21,1.42,1.22,47,1,0,3,23.08,10.0,4.0,6,4.0,6,77,8.58,Yes
P1720,56,Female,IT Professional,3.26,0.24,2.94,73,0,1,1,21.86,10.0,4.0,7,4.0,8,98,7.82,Yes
P0732,34,Other,Government,4.08,0.23,1.84,65,2,3,5,22.33,10.0,4.0,8,4.0,9,80,6.04,Yes
P0792,53,Male,Student,5.26,0.61,1.81,79,4,1,5,26.0,10.0,4.0,6,4.0,9,72,8.72,Yes
P1035,43,Female,Student,5.32,0.77,1.57,80,0,1,1,25.51,10.0,4.0,9,4.0,8,93,7.98,Yes
P0323,24,Female,Student,4.59,1.68,2.49,70,0,2,4,23.33,10.0,4.0,8,4.0,7,85,9.38,Yes
P1565,57,Male,Business,5.33,1.88,4.75,53,0,1,5,23.11,10.0,4.0,7,4.0,9,99,4.38,Yes
P1276,60,Female,Business,8.81,2.19,2.82,54,0,1,2,22.8,10.0,4.0,6,4.0,9,83,4.81,Yes
P1232,40,Male,Other,4.72,1.51,0.0,29,1,0,2,24.37,10.0,4.0,7,4.0,8,69,4.11,Yes
P1418,20,Female,IT Professional,8.45,2.14,5.84,53,3,2,4,24.57,10.0,4.0,5,4.0,7,77,8.87,Yes
P0637,46,Other,Healthcare,6.61,0.85,1.32,25,6,1,9,25.3,10.0,4.0,4,4.0,5,64,7.52,Yes
P1094,26,Male,Teacher,4.01,0.66,1.88,80,3,0,5,23.28,10.0,4.0,6,4.0,6,69,6.06,Yes
P0674,25,Female,Other,6.65,1.05,1.66,54,0,0,3,23.16,10.0,4.0,6,4.0,9,86,6.94,Yes
P0998,59,Female,Teacher,5.46,1.46,3.47,131,5,0,6,24.6,10.0,4.0,6,4.0,6,87,12.0,Yes
P1219,48,Male,IT Professional,8.47,2.32,3.05,79,1,1,4,24.14,10.0,4.0,5,4.0,5,60,9.32,Yes
P0650,57,Male,Student,6.5,1.79,2.51,35,4,2,6,25.92,10.0,4.0,6,4.0,8,75,7.45,Yes
P0573,25,Male,Government,8.0,2.63,2.58,180,0,0,2,22.69,10.0,4.0,7,4.0,10,85,7.87,Yes
P0313,35,Female,Healthcare,1.79,0.16,1.06,39,3,0,5,21.77,10.0,4.0,8,4.0,10,77,7.04,Yes
P1137,42,Female,Healthcare,8.48,1.45,4.03,26,3,1,7,22.73,10.0,4.0,5,4.0,5,64,3.74,Yes
P0326,21,Female,Business,7.03,0.96,4.34,40,2,0,5,26.0,10.0,4.0,5,4.0,6,71,7.5,Yes
P0901,37,Male,Student,1.96,0.62,1.59,73,4,1,5,23.04,10.0,4.0,8,4.0,8,85,8.7,Yes
P0613,25,Female,Student,6.45,0.93,1.69,100,2,2,4,23.91,10.0,4.0,8,4.0,10,84,6.84,Yes
P0856,18,Male,Government,5.77,0.6,1.9,49,3,2,5,21.99,10.0,4.0,7,4.0,6,85,7.67,Yes
P0984,33,Female,Business,10.44,3.05,2.35,43,0,1,5,24.62,10.0,4.0,3,4.0,8,59,4.61,Yes
P1337,47,Female,Other,4.07,1.32,1.11,34,1,0,3,24.89,10.0,4.0,6,4.0,8,64,8.77,Yes
P0433,34,Male,IT Professional,5.98,1.46,0.19,43,3,2,4,24.68,10.0,4.0,4,4.0,7,94,6.16,Yes
P1527,58,Male,IT Professional,6.0,1.96,1.39,86,3,1,4,24.36,10.0,4.0,7,4.0,10,75,10.0,Yes
P0956,18,Male,IT Professional,7.83,2.36,2.84,101,1,3,5,23.55,10.0,4.0,6,4.0,8,74,7.09,Yes
P1366,45,Female,Student,7.46,0.96,2.95,48,3,0,6,26.0,10.0,4.0,6,4.0,7,62,5.28,Yes
P0719,53,Female,Business,6.44,0.24,3.11,77,0,0,3,23.43,10.0,4.0,7,4.0,8,89,6.41,Yes
P1636,51,Female,Business,7.92,2.0,0.33,83,3,0,7,25.41,10.0,4.0,7,4.0,5,69,5.87,Yes
P0260,19,Male,Other,9.65,3.67,4.75,34,2,2,8,23.86,10.0,4.0,2,4.0,5,51,8.11,Yes
P1532,39,Male,IT Professional,6.15,2.14,5.03,34,2,1,3,24.63,10.0,4.0,3,4.0,9,54,10.75,Yes
P0623,25,Female,Other,10.23,0.7,3.03,111,1,0,6,24.44,10.0,4.0,7,4.0,7,65,6.63,Yes
P0442,42,Male,Student,7.59,0.22,4.56,26,2,1,7,24.47,10.0,4.0,7,4.0,6,71,7.88,Yes
P0796,37,Female,Government,3.62,0.94,3.89,38,1,0,1,22.33,10.0,4.0,7,4.0,8,100,7.2,Yes
P0282,53,Female,Healthcare,8.15,2.52,3.68,51,2,0,3,23.83,10.0,4.0,5,4.0,6,86,6.82,Yes
P0408,37,Male,Other,3.96,1.02,2.2,900,0,0,5,24.74,10.0,4.0,5,4.0,5,78,8.48,Yes
P1212,21,Male,IT Professional,4.36,0.78,0.0,9,1,1,6,21.49,10.0,4.0,5,4.0,7,71,6.5,Yes
P0443,56,Male,Teacher,8.82,3.03,3.04,55,2,1,3,23.74,10.0,4.0,8,4.0,8,98,9.11,Yes
P0635,23,Female,Healthcare,7.34,1.32,0.0,91,2,2,3,23.34,10.0,4.0,6,4.0,6,70,8.53,Yes
P1788,19,Female,IT Professional,3.05,1.07,2.62,6,1,0,4,23.08,10.0,4.0,5,4.0,7,78,6.46,Yes
P0900,55,Male,Student,2.67,1.02,4.01,131,2,0,1,21.91,10.0,4.0,7,4.0,9,91,6.84,Yes
P0460,43,Male,IT Professional,7.17,1.78,3.12,66,3,1,8,23.36,10.0,4.0,5,4.0,7,59,4.73,Yes
P0093,45,Female,Business,7.59,1.47,4.5,16,0,1,2,20.48,10.0,4.0,6,4.0,9,95,8.73,Yes
P1435,19,Male,Business,8.35,1.09,1.45,39,1,3,2,23.6,10.0,4.0,8,4.0,8,77,3.25,Yes
P1676,53,Male,Student,7.29,1.02,1.21,72,2,2,6,23.03,10.0,4.0,8,4.0,8,66,9.84,Yes
P1732,44,Male,Other,1.71,0.17,1.52,30,0,2,4,22.97,10.0,4.0,6,4.0,8,79,6.48,Yes
P0575,35,Male,Healthcare,5.64,1.81,1.83,62,4,1,5,23.87,10.0,4.0,5,4.0,5,83,6.49,Yes
P0978,34,Male,Teacher,7.07,0.67,3.37,24,0,1,2,23.41,10.0,4.0,7,4.0,8,95,8.25,Yes
P1988,18,Female,Other,6.6,2.21,3.57,79,1,1,5,23.95,10.0,4.0,7,4.0,7,86,5.87,Yes
P0504,18,Male,Government,5.35,0.45,2.12,9,1,2,2,24.0,10.0,4.0,8,4.0,6,89,5.7,Yes
P0687,32,Female,Student,5.97,0.29,3.16,29,3,1,7,23.79,10.0,4.0,5,4.0,7,78,9.46,Yes
P0476,38,Male,IT Professional,4.97,1.88,1.99,20,2,1,4,22.56,10.0,4.0,6,4.0,8,62,3.5,Yes
P1555,38,Male,Teacher,5.84,0.77,2.51,21,3,1,4,21.52,10.0,4.0,6,4.0,8,79,7.32,Yes
P0932,29,Male,Student,5.08,0.45,2.2,25,1,2,5,23.33,10.0,4.0,6,4.0,6,61,7.29,Yes
P0558,48,Male,Government,4.91,0.76,1.06,31,1,1,6,25.13,10.0,4.0,6,4.0,7,67,5.25,Yes
P0659,38,Male,Business,2.82,0.3,0.09,35,1,1,5,23.47,10.0,4.0,6,4.0,6,87,9.55,Yes
P1155,22,Male,Business,8.04,1.79,3.78,48,1,2,6,25.44,10.0,4.0,6,4.0,6,69,9.09,Yes
P1917,45,Female,Healthcare,4.05,0.78,2.4,25,0,4,5,23.12,10.0,4.0,6,4.0,6,75,9.46,Yes
P0563,40,Other,Teacher,8.67,0.91,5.49,49,2,2,4,23.38,10.0,4.0,8,4.0,8,87,7.1,Yes
P0610,27,Male,Government,9.64,1.61,2.74,28,3,0,7,23.53,10.0,4.0,5,4.0,8,65,7.23,Yes
P0198,45,Other,Teacher,7.91,1.23,3.0,16,0,1,5,23.53,10.0,4.0,6,4.0,7,78,10.09,Yes
P1240,55,Male,Healthcare,7.18,0.53,2.24,114,1,4,4,24.13,10.0,4.0,6,4.0,8,100,8.37,Yes
P0751,41,Male,Student,6.62,1.68,2.6,46,5,0,8,23.56,10.0,4.0,6,4.0,5,69,8.94,Yes
P1113,39,Male,Teacher,6.08,1.94,2.66,91,2,1,3,23.78,10.0,4.0,6,4.0,8,83,8.45,Yes
P0018,50,Male,Other,unknown,0.75,3.18,55,1,3,4,22.63,10.0,4.0,7,4.0,8,93,10.11,Yes
P1901,44,Male,Healthcare,2.69,1.0,0.32,4,1,2,6,24.46,10.0,4.0,6,4.0,7,71,3.63,Yes
P0482,44,Female,Business,6.83,0.57,3.91,45,3,3,6,22.84,10.0,4.0,5,4.0,9,81,7.86,Yes
P0576,53,Female,IT Professional,4.58,1.33,2.88,54,2,1,6,22.27,10.0,4.0,6,4.0,7,74,9.52,Yes
P0472,60,Female,Business,5.96,0.53,3.49,52,2,0,5,24.62,10.0,4.0,8,4.0,9,85,6.77,Yes
P1465,38,Female,Business,10.26,2.69,3.19,28,3,0,8,23.65,10.0,4.0,4,4.0,7,49,9.41,Yes
P1823,46,Male,Student,3.68,1.07,0.08,75,2,0,1,22.1,10.0,4.0,7,4.0,8,96,8.79,Yes
P1706,49,Male,Business,8.11,2.14,1.07,21,1,1,8,26.0,10.0,4.0,4,4.0,6,47,6.81,Yes
P1784,36,Male,Business,8.11,1.78,3.58,146,3,1,7,25.57,10.0,4.0,7,4.0,7,59,8.79,Yes
P1282,23,Female,Student,7.35,1.54,1.87,48,3,2,6,23.15,10.0,4.0,5,4.0,6,65,8.93,Yes
P0764,54,Female,Student,2.33,0.37,2.39,41,1,3,2,23.73,10.0,4.0,5,4.0,9,73,6.55,Yes
P1453,32,Male,IT Professional,7.5,2.2,2.16,92,4,2,4,23.71,10.0,4.0,7,4.0,8,79,5.08,Yes
P0782,46,Male,Business,3.87,1.07,1.38,66,1,2,1,23.01,10.0,4.0,7,4.0,9,83,8.01,Yes
P0136,48,Male,Student,8.35,0.98,1.56,13,3,1,6,23.49,10.0,4.0,4,4.0,5,56,9.05,Yes
P1522,20,Female,IT Professional,8.64,1.94,3.42,88,3,0,4,22.8,10.0,4.0,6,4.0,8,84,5.91,Yes
P0636,31,Female,Healthcare,9.15,1.21,4.46,84,0,1,6,22.89,10.0,4.0,4,4.0,5,68,6.35,Yes
P1515,57,Male,Government,6.27,0.67,1.46,15,2,1,6,23.86,10.0,4.0,6,4.0,7,63,8.1,Yes
P1690,32,Male,Student,7.61,2.62,4.26,40,1,1,7,23.95,10.0,4.0,5,4.0,6,62,8.94,Yes
P0461,24,Female,IT Professional,6.42,1.1,0.0,51,0,0,4,21.04,10.0,4.0,7,4.0,8,76,4.48,Yes
P1101,41,Male,Healthcare,9.31,3.62,6.79,19,1,1,6,22.62,10.0,4.0,5,4.0,6,81,6.33,Yes
P0553,39,Male,Healthcare,5.15,0.32,2.88,62,2,1,1,25.06,10.0,4.0,8,4.0,9,100,10.11,Yes
P1882,24,Male,Government,7.56,1.78,0.12,20,2,0,6,23.28,10.0,4.0,7,4.0,7,75,8.82,Yes
P1889,56,Female,Business,6.78,2.32,2.19,45,0,1,3,24.8,10.0,4.0,8,4.0,7,97,4.81,Yes
P1090,35,Male,Business,7.43,1.45,1.07,17,1,1,3,23.27,10.0,4.0,7,4.0,8,96,9.42,Yes
P1926,19,Male,IT Professional,6.43,1.02,0.12,31,1,2,5,22.04,10.0,4.0,6,4.0,7,68,8.34,Yes
P1231,39,Female,Business,7.93,0.93,4.21,23,1,0,3,25.61,10.0,4.0,9,4.0,8,80,7.9,Yes
P0009,,Female,IT Professional,7.63,2.18,7.51,139,0,1,2,22.72,10.0,4.0,7,4.0,9,84,4.15,Yes
P0078,57,Male,IT Professional,5.57,1.64,2.13,54,2,1,high,22.04,10.0,4.0,6,4.0,6,78,8.06,Yes
P1518,41,Male,Student,7.37,1.34,2.42,17,1,0,5,24.75,10.0,4.0,6,4.0,9,58,8.33,Yes
P0059,57,Male,Government,10.99,1.22,1.82,,3,4,6,23.8,10.0,4.0,6,4.0,7,69,9.56,Yes
P0960,19,Female,Healthcare,6.42,1.48,3.52,8,1,2,4,23.65,10.0,4.0,6,4.0,6,77,6.7,Yes
P0763,52,Male,Teacher,6.78,0.4,1.58,53,3,1,3,23.42,10.0,4.0,8,4.0,8,100,6.5,Yes
P0885,24,Female,Student,5.85,1.44,2.67,74,0,1,2,26.0,10.0,4.0,6,4.0,10,64,10.23,Yes
P1497,18,Male,Student,5.35,0.9,2.27,48,2,1,5,22.91,10.0,4.0,6,4.0,6,75,5.82,Yes
P0425,38,Male,IT Professional,7.48,1.98,2.19,23,5,2,10,23.8,10.0,4.0,6,4.0,6,66,7.64,Yes
P1402,44,Male,Government,6.98,0.9,2.82,30,1,1,6,24.66,10.0,4.0,8,4.0,5,77,9.84,Yes
P0481,60,Female,Teacher,6.53,1.6,3.89,25,3,5,5,25.03,10.0,4.0,7,4.0,7,96,7.67,Yes
P0497,51,Male,Student,4.22,0.69,1.17,17,1,0,6,24.33,10.0,4.0,7,4.0,6,79,6.22,Yes
P1656,35,Female,Government,5.96,1.15,0.0,41,4,2,8,23.62,10.0,4.0,5,4.0,6,75,6.96,Yes
P1971,30,Female,Healthcare,9.6,2.97,3.34,83,2,0,2,23.35,10.0,4.0,6,4.0,7,90,4.07,Yes
P1344,47,Male,Government,4.43,0.76,3.32,3,1,1,3,25.86,10.0,4.0,8,4.0,9,91,7.55,Yes
P1389,44,Female,Student,5.45,0.88,3.04,13,3,0,4,25.8,10.0,4.0,8,4.0,9,69,7.45,Yes
P0413,26,Male,Teacher,7.33,1.36,0.0,47,0,2,6,21.66,10.0,4.0,0,4.0,8,71,3.52,Yes
P1166,34,Female,Student,6.89,1.34,3.66,61,0,2,6,23.97,10.0,4.0,5,4.0,5,84,9.04,Yes
P0089,56,Male,Other,6.5 hrs,0.12,3.32,121,5,3,6,22.3,10.0,4.0,7,4.0,7,,8.35,Yes
P0999,51,Male,Business,6.35,0.97,1.57,21,1,1,5,22.81,10.0,4.0,6,4.0,9,70,7.78,Yes
P1672,48,Male,Student,10.2,0.47,5.15,106,2,0,7,24.93,10.0,4.0,6,4.0,9,70,11.87,Yes
P0820,36,Female,Government,3.99,1.0,0.84,69,3,1,5,21.98,10.0,4.0,6,4.0,6,69,7.77,Yes
P1837,32,Female,Student,5.84,1.41,0.39,118,2,1,2,20.71,10.0,4.0,7,4.0,8,88,8.86,Yes
P0324,50,Female,Other,3.42,0.77,4.16,4,6,0,3,24.44,10.0,4.0,6,4.0,7,65,8.33,Yes
P0767,28,Female,Student,2.93,1.39,2.43,36,1,2,3,24.63,10.0,4.0,4,4.0,7,62,8.11,Yes
P0322,32,Male,Other,6.82,0.79,3.83,24,1,0,4,22.81,10.0,4.0,6,4.0,10,74,6.46,Yes
P0061,25,Male,student ,7.86,1.89,1.4,70,1,1,2,25.99,10.0,4.0,7,4.0,8,100,6.36,Yes
P1511,31,Female,Teacher,8.1,2.65,3.03,28,2,1,6,21.78,10.0,4.0,5,4.0,8,78,9.07,Yes
P0927,49,Female,Business,4.73,1.13,2.59,54,6,2,8,25.37,10.0,4.0,6,4.0,6,58,6.87,Yes
P0837,21,Female,Teacher,7.22,1.15,1.5,98,2,1,5,24.71,10.0,4.0,8,4.0,6,95,6.84,Yes
P0980,27,Male,Other,4.88,1.89,2.92,19,1,2,3,23.71,10.0,4.0,6,4.0,7,89,7.07,Yes
P1410,49,Male,Teacher,6.6,1.91,3.0,77,3,1,7,24.18,10.0,4.0,5,4.0,6,59,7.56,Yes
P1444,56,Male,Other,8.14,1.71,2.46,57,1,1,4,25.53,10.0,4.0,4,4.0,6,68,6.1,Yes
P1793,40,Female,Business,9.66,1.83,4.59,29,7,0,10,22.75,10.0,4.0,5,4.0,7,64,7.38,Yes
P1458,37,Female,Other,8.85,3.01,5.07,41,4,2,8,24.89,10.0,4.0,3,4.0,6,53,6.81,Yes
P1326,34,Male,IT Professional,7.47,1.22,5.69,6,0,3,7,24.57,10.0,4.0,4,4.0,8,54,11.98,Yes
P1983,56,Female,IT Professional,10.19,1.83,2.04,12,2,4,9,24.44,10.0,4.0,5,4.0,5,66,8.56,Yes
P0297,37,Male,Other,6.73,2.14,1.89,27,2,3,7,24.26,10.0,4.0,4,4.0,4,75,3.77,Yes
P1340,51,Female,Healthcare,6.2,1.46,2.99,38,1,1,2,23.22,10.0,4.0,7,4.0,7,77,8.16,Yes
P0272,41,Female,Government,8.97,2.52,2.77,77,0,0,4,23.04,10.0,4.0,5,4.0,7,66,6.88,Yes
P0047,40,Male,IT Professional,8.12,0.9,3.89,38,0,1,7,21.57,10.0,4.0,5,4.0,7,79,8.23,Yes
P1111,60,Other,Business,5.65,0.72,1.59,43,1,2,3,20.72,10.0,4.0,7,4.0,9,85,9.32,Yes
P1134,25,Female,Healthcare,2.92,0.35,3.44,67,4,0,4,21.57,10.0,4.0,7,4.0,8,100,6.39,Yes
P0361,49,Male,Business,3.89,0.29,0.9,8,3,2,7,26.0,10.0,4.0,6,4.0,8,68,6.27,Yes
P1670,28,Female,IT Professional,7.06,1.94,4.47,12,3,0,6,21.23,10.0,4.0,6,4.0,7,58,10.85,Yes
P0017,54,Female,Business,8.45,1.79,2.3,35,5,0,4,25.14,10.0,4.0,5,4.0,5,76,9.65,Yes
P0494,27,Other,Other,8.43,2.99,1.64,13,4,1,6,26.0,10.0,4.0,4,4.0,6,63,8.5,Yes
P0816,57,Male,Government,9.48,2.08,1.72,65,3,0,5,22.96,10.0,4.0,5,4.0,6,78,7.96,Yes
P0194,54,Other,Business,4.82,0.84,2.82,22,3,2,3,22.7,10.0,4.0,8,4.0,9,89,6.52,Yes
P1962,55,Female,Healthcare,5.49,0.66,2.57,11,5,4,7,24.14,10.0,4.0,6,4.0,8,79,10.69,Yes
P1653,41,Female,Government,4.06,0.04,3.19,107,2,2,4,25.1,10.0,4.0,8,4.0,8,73,5.62,Yes
P0868,48,Female,Teacher,6.84,2.54,0.0,12,3,0,4,23.43,10.0,4.0,6,4.0,7,57,5.3,Yes
P1867,44,Female,Business,6.01,1.85,1.52,43,0,0,4,23.46,10.0,4.0,7,4.0,8,75,8.02,Yes
P1426,36,Male,Student,4.95,0.32,1.8,68,2,1,5,24.19,10.0,4.0,7,4.0,6,71,8.0,Yes
P0807,31,Male,Other,5.19,1.11,2.44,72,3,0,5,22.55,10.0,4.0,7,4.0,6,87,7.92,Yes
P0540,50,Male,Student,14.0,3.69,3.15,113,2,2,5,22.13,10.0,4.0,4,4.0,5,82,8.66,Yes
P0439,25,Other,Business,6.38,0.15,3.22,69,2,2,6,24.84,10.0,4.0,7,4.0,7,81,9.8,Yes
P0141,30,Female,Student,7.82,2.11,2.55,14,1,1,6,23.44,10.0,4.0,4,4.0,6,58,10.06,Yes
P1223,38,Female,IT Professional,4.78,1.74,3.65,83,2,0,3,25.18,10.0,4.0,7,4.0,8,87,9.36,Yes
P0890,56,Male,Other,5.73,1.54,3.11,11,0,3,6,22.48,10.0,4.0,5,4.0,7,60,6.44,Yes
P0468,54,Female,IT Professional,5.8,1.19,2.06,49,0,1,5,23.46,10.0,4.0,6,4.0,9,96,9.61,Yes
P1039,20,Male,Healthcare,10.53,2.4,4.17,36,4,1,7,21.78,10.0,4.0,4,4.0,7,53,8.34,Yes
P1112,43,Female,IT Professional,5.34,0.99,2.87,36,3,0,3,24.21,10.0,4.0,5,4.0,8,60,7.69,Yes
P0266,18,Male,Student,5.36,1.24,1.49,26,3,3,3,24.57,10.0,4.0,5,4.0,9,85,9.36,Yes
P0263,40,Male,Other,4.95,0.74,4.85,19,4,2,6,23.26,10.0,4.0,5,4.0,7,79,6.47,Yes
P1247,25,Male,Teacher,6.65,0.26,3.49,57,3,2,4,23.29,10.0,4.0,7,4.0,7,91,8.02,Yes
P1017,31,Female,Student,8.65,1.96,2.6,13,0,0,6,20.2,10.0,4.0,5,4.0,6,67,9.96,Yes
P0756,58,Female,Government,9.71,3.37,3.44,70,0,2,6,24.76,10.0,4.0,3,4.0,5,53,8.94,Yes
P1284,48,Male,Student,7.58,0.77,4.69,29,4,2,6,22.52,10.0,4.0,7,4.0,6,66,9.52,Yes
P0004,56,Male,IT Professional,7 hours,0.9,4.6,97,2,0,2,22.34,10.0,4.0,6,4.0,8,92,7.77,Yes
P1379,41,Female,IT Professional,4.68,1.13,1.83,52,4,3,5,23.5,10.0,4.0,7,4.0,7,82,8.86,Yes
P1514,48,Male,Student,5.02,1.42,2.0,106,0,1,3,22.22,10.0,4.0,8,4.0,9,70,8.95,Yes
P1640,39,Male,IT Professional,3.34,0.29,0.0,160,1,3,1,22.66,10.0,4.0,9,4.0,8,100,8.05,Yes
P0474,33,Male,Teacher,4.22,1.12,2.81,24,3,2,3,23.81,10.0,4.0,8,4.0,8,89,5.94,Yes
P0662,52,Female,IT Professional,3.68,0.28,2.27,119,1,0,3,21.1,10.0,4.0,9,4.0,9,91,9.27,Yes
P0140,30,Female,Other,6.23,0.86,2.31,46,0,1,3,24.53,10.0,4.0,7,4.0,8,89,7.69,Yes
P1092,20,Female,Government,8.36,1.16,1.22,51,2,1,7,25.72,10.0,4.0,6,4.0,8,65,9.72,Yes
P0516,24,Female,IT Professional,8.52,2.59,5.32,139,1,3,6,23.71,10.0,4.0,7,4.0,7,100,9.53,Yes
P0343,48,Male,Healthcare,3.69,1.21,4.08,20,3,0,6,22.81,10.0,4.0,7,4.0,6,72,7.34,Yes
P1081,21,Male,Government,3.43,0.79,0.54,43,2,1,3,22.45,10.0,4.0,9,4.0,10,88,6.84,Yes
P1329,21,Other,Government,3.52,0.13,1.93,30,3,0,6,24.22,10.0,4.0,6,4.0,6,88,6.31,Yes
P1770,53,Male,Other,1.0,0.0,1.92,37,2,1,2,23.18,10.0,4.0,7,4.0,8,82,9.78,Yes
P0941,42,Female,Student,5.41,1.29,1.47,17,3,2,10,22.01,10.0,4.0,5,4.0,6,57,7.14,Yes
P0052,45,Male,Government,9.77,0.56,3.58,23,3,0,5,25.53,10.0,4.0,6,4.0,7,82,5.49,Yes
P1538,36,Female,Government,6.75,1.17,0.0,19,0,2,8,23.66,10.0,4.0,4,4.0,6,58,8.19,Yes
P1490,19,Male,Business,6.24,1.81,3.61,69,2,0,6,22.96,10.0,4.0,5,4.0,8,61,10.97,Yes
P0531,58,Male,Student,4.96,0.68,2.28,30,2,0,4,22.68,10.0,4.0,9,4.0,10,93,5.77,Yes
P1805,18,Female,IT Professional,8.79,0.93,0.0,74,3,2,7,22.63,10.0,4.0,6,4.0,7,76,4.8,Yes
P1330,53,Male,Other,7.76,1.47,3.83,50,1,2,3,23.42,10.0,4.0,7,4.0,7,80,5.98,Yes
P1849,57,Female,Healthcare,9.12,1.73,3.6,26,0,1,6,22.63,10.0,4.0,6,4.0,7,59,8.16,Yes
P0435,21,Male,Other,4.84,1.12,1.82,78,2,1,3,23.18,10.0,4.0,7,4.0,6,76,9.9,Yes
P0538,49,Female,IT Professional,9.88,1.72,3.71,65,1,1,2,23.17,10.0,4.0,7,4.0,7,88,8.38,Yes
P0696,23,Female,Other,8.22,2.66,4.84,44,2,0,10,22.52,10.0,4.0,5,4.0,4,68,8.56,Yes
P1382,51,Male,Other,8.61,1.9,2.31,35,4,0,8,25.93,10.0,4.0,6,4.0,8,71,8.16,Yes
P1211,28,Male,Student,10.7,2.53,3.59,55,5,1,9,22.72,10.0,4.0,4,4.0,5,33,9.44,Yes
P0556,49,Male,Healthcare,4.99,0.47,2.63,53,4,3,1,23.43,10.0,4.0,7,4.0,10,82,7.2,Yes
P1154,34,Male,Teacher,3.96,1.38,0.0,15,4,1,5,22.76,10.0,4.0,6,4.0,5,68,5.64,Yes
P0951,24,Female,Student,8.07,1.14,3.96,58,3,0,7,25.09,10.0,4.0,5,4.0,6,51,7.71,Yes
P0360,42,Female,IT Professional,4.57,0.3,3.14,29,2,0,6,22.77,10.0,4.0,6,4.0,9,83,5.54,Yes
P1269,53,Female,Other,7.5,2.39,1.57,29,3,3,4,23.63,10.0,4.0,5,4.0,7,74,7.72,Yes
P0256,44,Other,Teacher,7.42,2.94,1.63,37,2,2,1,24.83,10.0,4.0,5,4.0,8,92,4.0,Yes
P1807,26,Male,Business,7.29,0.65,0.33,138,1,0,4,23.64,10.0,4.0,9,4.0,10,93,6.33,Yes
P0391,20,Female,Student,2.75,1.02,1.94,15,2,0,7,23.05,10.0,4.0,8,4.0,8,76,8.5,Yes
P0721,36,Female,IT Professional,6.34,0.45,3.85,17,2,0,7,22.48,10.0,4.0,6,4.0,8,68,6.07,Yes
P1179,51,Male,Healthcare,5.89,0.65,2.76,58,1,0,7,23.11,10.0,4.0,7,4.0,7,85,5.87,Yes
P0372,43,Female,Student,6.42,2.05,4.17,5,0,0,4,21.29,10.0,4.0,5,4.0,8,69,9.56,Yes
P1500,47,Female,Other,8.38,2.68,5.32,40,2,1,5,21.89,10.0,4.0,4,4.0,7,70,9.42,Yes
P1607,38,Female,Business,7.7,0.6,0.63,38,2,2,5,23.77,10.0,4.0,8,4.0,7,85,7.51,Yes
P1959,35,Male,Teacher,7.09,2.03,3.62,44,3,2,5,22.12,10.0,4.0,3,4.0,6,63,7.93,Yes
P0159,36,Female,IT Professional,6.12,2.07,2.21,NA,2,0,2,24.17,10.0,4.0,6,4.0,8,92,10.11,Yes
P1790,24,Female,Other,2.98,0.79,5.63,32,0,0,1,23.34,10.0,4.0,8,4.0,8,84,7.33,Yes
P0412,20,Female,IT Professional,3.03,0.0,1.24,49,1,4,15,22.96,10.0,4.0,6,4.0,10,85,8.85,Yes
P1004,44,Male,Other,8.28,2.33,0.35,68,3,1,6,23.34,10.0,4.0,5,4.0,7,69,3.46,Yes
P1296,29,Female,IT Professional,5.74,1.28,0.47,83,1,0,1,23.24,10.0,4.0,8,4.0,8,96,8.32,Yes
P0485,59,Male,Other,6.16,1.45,2.48,53,3,0,7,22.24,10.0,4.0,6,4.0,9,45,7.8,Yes
P0147,59,Female,IT Professional,5.76,0.67,3.43,69,4,0,6,22.82,10.0,4.0,8,4.0,7,70,10.74,Yes
P1742,20,Male,Teacher,6.75,0.91,3.16,26,2,2,7,24.05,10.0,4.0,4,4.0,7,48,6.82,Yes
P1815,43,Female,Student,10.75,1.43,5.39,28,2,1,7,24.43,10.0,4.0,5,4.0,5,64,7.59,Yes
P1419,29,Male,Student,7.03,0.65,1.8,21,2,0,6,23.35,10.0,4.0,7,4.0,7,81,6.68,Yes
P0827,30,Male,IT Professional,7.58,1.26,2.56,28,1,1,6,24.83,10.0,4.0,4,4.0,6,71,8.13,Yes
P1443,27,Female,Healthcare,5.45,1.77,4.77,16,2,2,8,23.46,10.0,4.0,5,4.0,8,70,9.09,Yes
P0844,41,Female,Student,4.48,1.69,1.48,18,1,2,3,22.4,10.0,4.0,6,4.0,7,61,7.32,Yes
P0577,43,Female,Student,6.13,1.33,3.0,59,1,1,4,23.13,10.0,4.0,8,4.0,8,94,6.04,Yes
P0838,23,Male,Other,7.57,1.08,2.95,105,3,2,4,23.41,10.0,4.0,8,4.0,7,80,8.48,Yes
P1997,47,Female,Student,1.0,0.0,1.9,31,1,1,1,22.05,10.0,4.0,7,4.0,8,77,4.6,Yes
P1924,35,Female,Healthcare,8.06,1.78,1.54,8,4,0,5,24.76,10.0,4.0,5,4.0,8,85,7.47,Yes
P1705,42,Male,Healthcare,1.43,0.05,0.38,13,3,0,6,22.07,10.0,4.0,6,4.0,6,83,7.41,Yes
P0589,56,Male,Teacher,5.76,1.68,3.04,64,0,2,7,22.05,10.0,4.0,6,4.0,7,59,10.93,Yes
P0291,34,Female,Business,4.76,0.93,0.36,19,4,0,4,23.53,10.0,4.0,6,4.0,5,75,8.48,Yes
P1436,54,Male,Other,9.7,1.37,4.87,32,3,1,7,22.48,10.0,4.0,6,4.0,5,70,7.55,Yes
P0863,56,Female,IT Professional,7.06,2.08,2.66,68,1,0,3,21.37,10.0,4.0,5,4.0,5,66,7.49,Yes
P1655,50,Female,Teacher,7.92,3.21,1.01,57,4,3,7,24.89,10.0,4.0,5,4.0,7,54,8.28,Yes
P0214,24,Male,IT Professional,5.84,0.88,4.18,16,3,1,6,21.11,10.0,4.0,6,4.0,6,49,9.9,Yes
P1890,29,Female,Student,4.76,0.89,3.03,32,3,2,5,23.99,10.0,4.0,5,4.0,7,61,7.62,Yes
P1383,25,Female,Student,5.04,0.99,3.18,37,2,0,4,24.01,10.0,4.0,6,4.0,6,73,9.26,Yes
P1205,52,Female,Business,7.29,1.53,2.66,47,0,2,3,22.95,10.0,4.0,6,4.0,8,78,8.4,Yes
P1885,55,Male,Student,5.11,0.89,3.51,14,0,0,6,24.6,10.0,4.0,6,4.0,8,62,4.51,Yes
P0381,39,Female,Government,5.55,1.2,4.96,96,1,1,5,22.84,10.0,4.0,7,4.0,8,81,8.75,Yes
P0100,34,Female,Student,7.17,2.32,2.43,19,5,1,7,24.65,10.0,4.0,5,4.0,7,69,5.39,Yes
P1898,21,Male,Teacher,5.17,1.34,2.2,32,5,2,6,23.43,10.0,4.0,5,4.0,7,70,6.62,Yes
P1160,32,Male,Student,4.48,0.98,3.99,35,1,3,6,23.35,10.0,4.0,7,4.0,4,77,6.92,Yes
P1201,47,Male,Other,7.35,0.45,3.89,48,3,1,4,23.52,10.0,4.0,8,4.0,9,84,6.27,Yes
P0505,40,Female,Business,2.94,1.23,0.11,18,3,0,3,22.75,10.0,4.0,5,4.0,7,61,8.86,Yes
P1584,47,Male,Student,3.13,0.26,2.72,27,3,0,5,24.47,10.0,4.0,8,4.0,7,82,8.61,Yes
P0597,37,Female,IT Professional,4.71,1.08,4.11,13,4,3,9,22.79,10.0,4.0,6,4.0,4,54,7.66,Yes
P0501,43,Female,Health Care,7.6,0.83,2.77,46,2,1,6,24.82,10.0,4.0,5,4.0,7,68,8.87,Yes
P0040,21,Male,Business,7.07,1.58,4.33,44,1,1,4,23.17,10.0,4.0,7,4.0,6,95,6.47,Yes
P0341,36,Female,IT Professional,9.62,1.48,1.47,22,2,3,7,24.72,10.0,4.0,4,4.0,6,72,6.88,Yes
P0003,52,Male,Other,3.81,0.95,3.66,23,1,1,3,25.17,10.0,4.0,6,4.0,8,83,8.22,Yes
P0452,51,Male,Other,6.76,0.85,2.99,37,1,1,6,24.58,10.0,4.0,5,4.0,8,73,7.0,Yes
P1848,34,Male,Teacher,12.74,2.66,3.61,53,4,1,6,22.83,10.0,4.0,5,4.0,8,60,8.37,Yes
P1842,57,Male,Teacher,5.94,0.66,3.09,25,1,1,5,22.62,10.0,4.0,6,4.0,7,67,7.94,Yes
P1093,54,Female,Student,6.11,0.33,2.4,7,3,2,6,21.29,10.0,4.0,4,4.0,6,70,6.01,Yes
P1233,40,Male,Other,7.31,0.98,3.45,24,0,0,5,24.13,10.0,4.0,6,4.0,7,70,10.9,Yes
P0609,26,Male,Student,8.43,2.21,4.05,29,2,0,4,25.0,10.0,4.0,7,4.0,10,67,4.83,Yes
P0421,25,Male,Student,4.32,0.86,1.75,92,2,2,2,22.45,10.0,4.0,8,4.0,9,90,7.48,Yes
P1278,54,Male,IT Professional,5.16,1.84,2.45,19,3,1,5,20.39,10.0,4.0,5,4.0,8,72,7.78,Yes
P0847,31,Male,IT Professional,5.2,0.38,1.2,22,3,1,6,21.29,10.0,4.0,8,4.0,7,78,6.76,Yes
P1364,30,Female,Business,7.32,1.57,3.19,17,2,2,6,23.45,10.0,4.0,5,4.0,8,69,4.54,Yes
P1434,34,Female,Government,5.38,0.79,1.01,98,2,1,1,22.7,10.0,4.0,9,4.0,10,88,4.95,Yes
P0112,22,Male,Student,6.52,1.98,3.87,95,2,1,1,25.11,10.0,4.0,7,4.0,7,85,6.44,Yes
P0225,22,Female,Other,5.04,0.53,4.17,115,0,0,4,23.34,10.0,4.0,9,4.0,9,67,8.76,Yes
P0943,58,Male,Business,4.53,1.7,3.08,79,1,1,5,20.69,10.0,4.0,6,4.0,6,97,5.41,Yes
P1569,45,Male,Other,4.51,1.84,3.76,95,0,0,4,22.54,10.0,4.0,6,4.0,8,61,7.57,Yes
P0074,21,Female,Other,4.13,0.66,2.17,32,2,1,5,23.1,10.0,4.0,6,4.0,8,79,9.91,Yes
P0048,31,Other,Healthcare,5.99,1.22,5.09,40,4,0,9,23.13,10.0,4.0,6,4.0,6,50,8.82,Yes
P0639,27,Male,Student,5.95,0.83,3.87,39,0,1,4,22.51,10.0,4.0,6,4.0,7,50,6.25,Yes
P0114,25,Male,Other,7.4,2.14,2.01,110,2,2,7,20.92,10.0,4.0,4,4.0,7,49,9.69,Yes
P0097,53,Female,Student,2.23,0.24,1.57,40,0,0,1,24.32,10.0,4.0,7,4.0,9,79,6.58,Yes
P1762,24,Male,IT Professional,5.97,1.4,1.28,67,2,2,3,23.12,10.0,4.0,7,4.0,10,81,10.92,Yes
P1239,54,Male,IT Professional,8.56,1.57,1.1,17,1,3,6,23.84,10.0,4.0,5,4.0,6,75,7.82,Yes
P1594,57,Male,Other,5.82,0.74,0.0,46,2,2,4,23.47,10.0,4.0,7,4.0,6,69,7.14,Yes
P1148,28,Female,Student,6.14,1.62,0.6,31,1,3,4,22.93,10.0,4.0,6,4.0,8,79,6.3,Yes
P0107,18,Female,IT Professional,6.24,1.88,1.28,58,0,2,4,22.38,10.0,4.0,6,4.0,10,62,8.32,Yes
P1620,52,Female,Teacher,1.0,0.0,2.22,60,1,0,3,22.7,10.0,4.0,7,4.0,8,94,6.75,Yes
P1042,43,Female,Government,6.53,0.4,4.52,78,3,2,3,24.04,10.0,4.0,7,4.0,8,67,9.99,Yes
P1767,37,Female,Business,5.23,1.31,1.21,50,0,2,3,23.93,10.0,4.0,7,4.0,9,80,8.18,Yes
P1123,45,Male,Government,10.58,1.93,6.01,49,2,1,9,23.82,10.0,4.0,4,4.0,7,61,9.53,Yes
P1347,43,Male,IT Professional,9.42,3.02,5.53,21,2,0,7,24.1,10.0,4.0,5,4.0,7,38,5.77,Yes
P1407,53,Male,IT Professional,2.72,1.35,4.51,29,2,1,5,23.76,10.0,4.0,6,4.0,7,70,9.02,Yes
P1390,59,Male,IT Professional,6.61,1.16,1.92,52,1,0,3,22.4,10.0,4.0,6,4.0,8,73,6.92,Yes
P1535,30,Male,Student,4.49,0.58,1.3,61,1,3,6,22.96,10.0,4.0,7,4.0,7,71,5.24,Yes
